,id,id,projectName,test_name,isFlaky,java_keywords,prediction
0,10307.0,1.0,apache-ambari,org.apache.ambari.server.agent.testheartbeathandler.testheartbeat,0.0,"['new', 'null', 'null', 'new', 'new', 'new', 'new', 'new', 'new', 'new', 'new', 'new', 'public', 'void', 'throws']",False
1,10308.0,1.0,apache-ambari,org.apache.ambari.server.agent.testheartbeathandler.teststatusheartbeat,0.0,"['new', 'null', 'null', 'new', 'final', 'new', 'new', 'new', 'new', 'new', 'new', 'new', 'new', 'new', 'new', 'new', 'public', 'void', 'throws']",False
8,10317.0,0.0,apache-ambari,org.apache.ambari.server.agent.testheartbeathandler.teststatecommandsatregistration,0.0,"['new', 'new', 'class', 'new', 'null', 'null', 'new', 'new', 'new', 'new', 'new', 'public', 'void', 'throws']",False
19,10338.0,0.0,apache-ambari,org.apache.ambari.server.security.authorization.ambarilocaluserdetailsservicetest.testloaduserbyusername,0.0,"['public', 'void', 'throws']",False
25,10349.0,0.0,apache-ambari,org.apache.ambari.server.security.authorization.ldapserverpropertiestest.testgetldapurls,0.0,"['true', 'public', 'void', 'throws']",False
30,10354.0,1.0,apache-ambari,org.apache.ambari.server.api.handlers.deletehandlertest.testhandlerequest__asynchronous,0.0,"['class', 'class', 'class', 'class', 'class', 'class', 'class', 'new', 'new', 'null', 'new', 'boolean', 'false', 'boolean', 'false', 'for', 'if', 'true', 'else', 'if', 'true', 'else', 'public', 'void']",False
38,10362.0,0.0,apache-ambari,org.apache.ambari.server.api.handlers.updatehandlertest.testhandlerequest__synchronous,0.0,"['class', 'class', 'class', 'class', 'class', 'class', 'class', 'class', 'new', 'new', 'new', 'boolean', 'false', 'boolean', 'false', 'for', 'if', 'true', 'else', 'if', 'true', 'else', 'public', 'void']",False
47,10371.0,0.0,apache-ambari,org.apache.ambari.server.api.query.queryimpltest.testaddproperty__localcategory,0.0,"['class', 'class', 'class', 'new', 'new', 'new', 'null', 'new', 'null', 'null', 'null', 'public', 'void']",False
81,10411.0,0.0,apache-ambari,org.apache.ambari.server.api.services.componentservicetest.testupdatecomponents,0.0,"['class', 'class', 'new', 'class', 'class', 'class', 'class', 'class', 'class', 'class', 'class', 'false', 'false', 'new', 'null', 'public', 'void']",False
91,10421.0,0.0,apache-ambari,org.apache.ambari.server.api.services.serviceservicetest.testdeleteservice,0.0,"['class', 'class', 'new', 'class', 'class', 'class', 'class', 'class', 'class', 'class', 'class', 'class', 'false', 'false', 'new', 'public', 'void']",False
113,10443.0,1.0,apache-ambari,org.apache.ambari.server.controller.utilities.predicatebuildertest.testlongand,0.0,"['new', 'new', 'new', 'public', 'void']",False
114,10444.0,1.0,apache-ambari,org.apache.ambari.server.controller.utilities.predicatebuildertest.testsimpleor,0.0,"['new', 'new', 'new', 'new', 'public', 'void']",False
129,10459.0,1.0,apache-ambari,org.apache.ambari.server.controller.utilities.predicatebuildertest.testgreaterlong,0.0,"['new', 'new', 'new', 'public', 'void']",False
133,10463.0,1.0,apache-ambari,org.apache.ambari.server.controller.utilities.predicatebuildertest.testgreaterthanequaltolong,0.0,"['new', 'new', 'new', 'public', 'void']",False
137,10467.0,1.0,apache-ambari,org.apache.ambari.server.controller.utilities.predicatebuildertest.testlesslong,0.0,"['new', 'new', 'new', 'public', 'void']",False
155,10491.0,0.0,apache-ambari,org.apache.ambari.server.controller.ambarimanagementcontrollertest.testcreateservicecomponentwithconfigs,1.0,"['public', 'void']",True
165,10501.0,1.0,apache-ambari,org.apache.ambari.server.controller.ambarimanagementcontrollertest.testgetclusterswithfilters,1.0,"['new', 'new', 'new', 'new', 'null', 'null', 'null', 'null', 'new', 'null', 'null', 'null', 'new', 'null', 'null', 'null', 'new', 'null', 'null', 'null', 'public', 'void', 'throws']",True
171,10507.0,1.0,apache-ambari,org.apache.ambari.server.controller.ambarimanagementcontrollertest.testgetservicecomponenthostswithfilters,1.0,"['new', 'false', 'false', 'false', 'false', 'false', 'false', 'new', 'null', 'null', 'null', 'null', 'null', 'null', 'try', 'for', 'catch', 'new', 'null', 'null', 'null', 'null', 'null', 'new', 'null', 'null', 'null', 'null', 'new', 'null', 'null', 'null', 'null', 'new', 'null', 'null', 'null', 'null', 'new', 'null', 'null', 'null', 'null', 'new', 'null', 'null', 'null', 'new', 'null', 'null', 'null', 'new', 'null', 'null', 'null', 'new', 'null', 'null', 'null', 'new', 'null', 'new', 'null', 'null', 'new', 'null', 'null', 'null', 'null', 'new', 'null', 'null', 'new', 'null', 'null', 'null', 'null', 'new', 'public', 'void', 'throws']",True
174,10510.0,1.0,apache-ambari,org.apache.ambari.server.controller.ambarimanagementcontrollertest.testserviceupdateinvalidrequest,1.0,"['null', 'try', 'null', 'for', 'for', 'catch', 'new', 'new', 'null', 'null', 'new', 'try', 'new', 'null', 'new', 'null', 'for', 'catch', 'try', 'new', 'null', 'new', 'null', 'for', 'catch', 'try', 'new', 'null', 'new', 'null', 'for', 'catch', 'public', 'void', 'throws']",True
185,10522.0,0.0,apache-ambari,org.apache.ambari.server.controller.ambarimanagementcontrollertest.testgetusers,1.0,"['new', 'null', 'public', 'void', 'throws']",True
202,10547.0,1.0,apache-ambari,org.apache.ambari.server.controller.internal.clustercontrollerimpltest.testcreateresources,0.0,"['new', 'new', 'new', 'new', 'public', 'void', 'throws']",False
214,10561.0,1.0,apache-ambari,org.apache.ambari.server.controller.internal.resourceproviderimpltest.testupdateserviceresources,0.0,"['class', 'class', 'class', 'new', 'new', 'public', 'void', 'throws']",False
225,10573.0,1.0,apache-ambari,org.apache.ambari.server.controller.predicate.equalspredicatetest.testapply,0.0,"['new', 'new', 'new', 'public', 'void']",False
233,10581.0,1.0,apache-ambari,org.apache.ambari.server.controller.predicate.andpredicatetest.testgetproperties,0.0,"['new', 'new', 'new', 'new', 'public', 'void']",False
234,10582.0,1.0,apache-ambari,org.apache.ambari.server.controller.jmx.jmxpropertyprovidertest.testgetresources,0.0,"['new', 'new', 'new', 'new', 'null', 'new', 'null', 'new', 'null', 'public', 'void', 'throws']",False
238,10587.0,0.0,apache-ambari,org.apache.ambari.server.actionmanager.testactionscheduler.testsuccesscriteria,0.0,"['new', 'float', 'new', 'float', 'new', 'float', 'new', 'float', 'public', 'void']",False
259,10622.0,0.0,apache-ambari,org.apache.ambari.server.state.servicecomponenttest.testgetandsetconfigs,0.0,"['public', 'void']",False
270,10648.0,0.0,apache-ambari,org.apache.ambari.server.state.svccomphost.servicecomponenthosttest.testdaemonstateflow,0.0,"['false', 'public', 'void', 'throws']",False
285,10668.0,0.0,apache-ambari,org.apache.ambari.server.state.cluster.clusterstest.testgetinvalidcluster,0.0,"['try', 'catch', 'public', 'void', 'throws']",False
289,10672.0,1.0,apache-ambari,org.apache.ambari.server.state.cluster.clusterstest.testdebugdump,0.0,"['new', 'new', 'new', 'public', 'void', 'throws']",False
10,10323.0,0.0,apache-ambari,org.apache.ambari.server.agent.agentresourcetest.agentregistration,0.0,"['new', 'class', 'public', 'void', 'throws']",False
12,10325.0,0.0,apache-ambari,org.apache.ambari.server.agent.testactionqueue.testconcurrentoperations,1.0,"['new', 'new', 'new', 'new', 'new', 'for', 'int', 'new', 'new', 'for', 'int', 'new', 'new', 'for', 'int', 'new', 'new', 'for', 'int', 'boolean', 'false', 'while', 'true', 'for', 'if', 'false', 'break', 'for', 'int', 'for', 'int', 'long', 'long', 'for', 'int', 'public', 'void', 'throws']",False
24,10345.0,0.0,apache-ambari,org.apache.ambari.server.security.authorization.ambarildapauthenticationprovidertest.testdisabled,0.0,"['new', 'null', 'public', 'void', 'throws']",False
27,10351.0,0.0,apache-ambari,org.apache.ambari.server.security.authorization.ldapserverpropertiestest.testequals,0.0,"['public', 'void', 'throws']",False
36,10360.0,1.0,apache-ambari,org.apache.ambari.server.api.handlers.createhandlertest.testhandlerequest__asynchronous,0.0,"['class', 'class', 'class', 'class', 'class', 'class', 'class', 'new', 'new', 'null', 'new', 'boolean', 'false', 'boolean', 'false', 'for', 'if', 'true', 'else', 'if', 'true', 'else', 'public', 'void']",False
51,10376.0,0.0,apache-ambari,org.apache.ambari.server.api.services.hostservicetest.testgethost,0.0,"['class', 'class', 'new', 'class', 'class', 'class', 'class', 'class', 'class', 'class', 'class', 'class', 'true', 'true', 'new', 'public', 'void']",False
77,10407.0,0.0,apache-ambari,org.apache.ambari.server.api.services.componentservicetest.testgetcomponent,0.0,"['class', 'class', 'new', 'class', 'class', 'class', 'class', 'class', 'class', 'class', 'class', 'class', 'true', 'true', 'new', 'public', 'void']",False
90,10420.0,0.0,apache-ambari,org.apache.ambari.server.api.services.serviceservicetest.testupdateservice,0.0,"['class', 'class', 'new', 'class', 'class', 'class', 'class', 'class', 'class', 'class', 'class', 'true', 'true', 'new', 'public', 'void']",False
92,10422.0,0.0,apache-ambari,org.apache.ambari.server.api.services.clusterservicetest.testgetcluster,0.0,"['class', 'class', 'new', 'class', 'class', 'class', 'class', 'class', 'class', 'class', 'class', 'class', 'true', 'true', 'new', 'public', 'void']",False
93,10423.0,0.0,apache-ambari,org.apache.ambari.server.api.services.clusterservicetest.testgetclusters,0.0,"['class', 'class', 'new', 'class', 'class', 'class', 'class', 'class', 'class', 'class', 'class', 'class', 'true', 'true', 'new', 'null', 'public', 'void']",False
94,10424.0,0.0,apache-ambari,org.apache.ambari.server.api.services.clusterservicetest.testcreatecluster,0.0,"['class', 'class', 'new', 'class', 'class', 'class', 'class', 'class', 'class', 'class', 'class', 'false', 'false', 'new', 'public', 'void']",False
103,10433.0,0.0,apache-ambari,org.apache.ambari.server.api.services.serializers.jsonserializertest.testserialize,0.0,"['class', 'class', 'new', 'true', 'new', 'new', 'new', 'null', 'null', 'new', 'public', 'void', 'throws']",False
108,10438.0,1.0,apache-ambari,org.apache.ambari.server.controller.utilities.predicatebuildertest.testsimple,0.0,"['new', 'new', 'new', 'public', 'void']",False
116,10446.0,1.0,apache-ambari,org.apache.ambari.server.controller.utilities.predicatebuildertest.testandor,0.0,"['new', 'new', 'new', 'new', 'new', 'public', 'void']",False
126,10456.0,1.0,apache-ambari,org.apache.ambari.server.controller.utilities.predicatebuildertest.testgreaterinteger,0.0,"['new', 'new', 'new', 'public', 'void']",False
135,10465.0,1.0,apache-ambari,org.apache.ambari.server.controller.utilities.predicatebuildertest.testlessfloat,0.0,"['new', 'float', 'new', 'float', 'new', 'float', 'public', 'void']",False
139,10469.0,1.0,apache-ambari,org.apache.ambari.server.controller.utilities.predicatebuildertest.testlessthanequaltofloat,0.0,"['new', 'float', 'new', 'float', 'new', 'float', 'public', 'void']",False
154,10490.0,1.0,apache-ambari,org.apache.ambari.server.controller.ambarimanagementcontrollertest.testcreateservicecomponentwithinvalidrequest,1.0,"['new', 'try', 'new', 'null', 'null', 'null', 'null', 'null', 'for', 'catch', 'try', 'new', 'null', 'null', 'null', 'null', 'for', 'catch', 'try', 'new', 'null', 'null', 'null', 'for', 'catch', 'try', 'new', 'null', 'null', 'for', 'catch', 'try', 'new', 'null', 'null', 'for', 'catch', 'new', 'new', 'null', 'null', 'new', 'null', 'null', 'new', 'null', 'null', 'try', 'new', 'null', 'null', 'new', 'null', 'null', 'for', 'catch', 'try', 'new', 'null', 'null', 'new', 'null', 'null', 'for', 'catch', 'try', 'new', 'null', 'null', 'for', 'catch', 'public', 'void', 'throws']",True
156,10492.0,1.0,apache-ambari,org.apache.ambari.server.controller.ambarimanagementcontrollertest.testcreateservicecomponentmultiple,1.0,"['new', 'new', 'new', 'null', 'null', 'new', 'null', 'null', 'new', 'null', 'null', 'public', 'void', 'throws']",True
167,10503.0,1.0,apache-ambari,org.apache.ambari.server.controller.ambarimanagementcontrollertest.testgetserviceswithfilters,1.0,"['new', 'new', 'new', 'null', 'null', 'null', 'null', 'try', 'for', 'catch', 'new', 'null', 'null', 'null', 'new', 'null', 'null', 'try', 'new', 'null', 'null', 'for', 'catch', 'new', 'null', 'null', 'new', 'null', 'null', 'new', 'null', 'null', 'new', 'null', 'null', 'new', 'null', 'null', 'new', 'public', 'void', 'throws']",True
177,10513.0,1.0,apache-ambari,org.apache.ambari.server.controller.ambarimanagementcontrollertest.testservicecomponentupdaterecursive,1.0,"['null', 'new', 'new', 'null', 'new', 'null', 'new', 'null', 'new', 'null', 'new', 'null', 'new', 'try', 'new', 'null', 'for', 'catch', 'try', 'new', 'null', 'for', 'catch', 'new', 'null', 'new', 'null', 'new', 'null', 'long', 'for', 'new', 'null', 'new', 'null', 'public', 'void', 'throws']",True
198,10543.0,0.0,apache-ambari,org.apache.ambari.server.controller.internal.simplifyingpredicatevisitortest.testvisit,0.0,"['new', 'new', 'public', 'void']",False
200,10545.0,0.0,apache-ambari,org.apache.ambari.server.controller.internal.clustercontrollerimpltest.testgetresourcesemptyrequest,0.0,"['new', 'new', 'new', 'null', 'int', 'for', 'public', 'void', 'throws']",False
206,10551.0,0.0,apache-ambari,org.apache.ambari.server.controller.internal.clustercontrollerimpltest.testdeleteresourcesresolvepredicate,0.0,"['new', 'new', 'new', 'public', 'void', 'throws']",False
208,10553.0,1.0,apache-ambari,org.apache.ambari.server.controller.internal.resourceproviderimpltest.testcreateclusterresources,0.0,"['class', 'class', 'null', 'null', 'null', 'null', 'new', 'new', 'new', 'new', 'public', 'void', 'throws']",False
211,10558.0,1.0,apache-ambari,org.apache.ambari.server.controller.internal.resourceproviderimpltest.testdeleteclusterresources,0.0,"['class', 'class', 'new', 'new', 'null', 'null', 'null', 'null', 'null', 'null', 'null', 'null', 'new', 'new', 'new', 'public', 'void', 'throws']",False
221,10569.0,1.0,apache-ambari,org.apache.ambari.server.controller.predicate.notpredicatetest.testapply,0.0,"['new', 'new', 'new', 'public', 'void']",False
224,10572.0,1.0,apache-ambari,org.apache.ambari.server.controller.predicate.lessequalspredicatetest.testgetproperties,0.0,"['new', 'public', 'void']",False
257,10620.0,1.0,apache-ambari,org.apache.ambari.server.state.servicecomponenttest.testcreateservicecomponent,0.0,"['public', 'void', 'throws']",False
267,10640.0,0.0,apache-ambari,org.apache.ambari.server.state.host.hosttest.testhostregistrationsinanystate,0.0,"['long', 'false', 'false', 'false', 'false', 'false', 'public', 'void', 'throws']",False
20,10339.0,0.0,apache-ambari,org.apache.ambari.server.security.authorization.ambarilocaluserdetailsservicetest.testusernamenotfound,0.0,"['public', 'void', 'throws']",False
22,10343.0,0.0,apache-ambari,org.apache.ambari.server.security.authorization.ambarildapauthenticationprovidertest.testbadcredential,1.0,"['new', 'public', 'void', 'throws']",False
23,10344.0,0.0,apache-ambari,org.apache.ambari.server.security.authorization.ambarildapauthenticationprovidertest.testauthenticate,1.0,"['new', 'public', 'void', 'throws']",False
31,10355.0,0.0,apache-ambari,org.apache.ambari.server.api.handlers.delegatingrequesthandlertest.testhandlerequest_get,0.0,"['class', 'class', 'class', 'class', 'class', 'new', 'public', 'void']",False
37,10361.0,1.0,apache-ambari,org.apache.ambari.server.api.handlers.querycreatehandlertest.testhandlerequest,0.0,"['class', 'class', 'class', 'class', 'class', 'class', 'class', 'class', 'class', 'class', 'class', 'class', 'class', 'class', 'class', 'class', 'class', 'class', 'class', 'new', 'new', 'new', 'new', 'new', 'new', 'new', 'new', 'new', 'null', 'null', 'new', 'new', 'boolean', 'false', 'boolean', 'false', 'for', 'if', 'true', 'else', 'if', 'true', 'public', 'void', 'throws']",False
49,10373.0,0.0,apache-ambari,org.apache.ambari.server.api.query.queryimpltest.testaddproperty__localcategorysubpropsonly,0.0,"['class', 'class', 'class', 'new', 'new', 'null', 'new', 'null', 'null', 'null', 'public', 'void']",False
58,10383.0,0.0,apache-ambari,org.apache.ambari.server.api.services.requestimpltest.testgetquerypredicate,0.0,"['new', 'null', 'null', 'null', 'null', 'new', 'new', 'new', 'new', 'new', 'new', 'new', 'new', 'new', 'new', 'new', 'new', 'new', 'new', 'new', 'new', 'new', 'public', 'void']",False
68,10396.0,0.0,apache-ambari,org.apache.ambari.server.api.services.ambarimetainfotest.getservices,0.0,"['for', 'public', 'void']",False
70,10398.0,0.0,apache-ambari,org.apache.ambari.server.api.services.ambarimetainfotest.getsupportedservices,0.0,"['public', 'void', 'throws']",False
82,10412.0,0.0,apache-ambari,org.apache.ambari.server.api.services.componentservicetest.testdeletecomponent,0.0,"['class', 'class', 'new', 'class', 'class', 'class', 'class', 'class', 'class', 'class', 'class', 'class', 'false', 'false', 'new', 'public', 'void']",False
86,10416.0,0.0,apache-ambari,org.apache.ambari.server.api.services.serviceservicetest.testgetservice,0.0,"['class', 'class', 'new', 'class', 'class', 'class', 'class', 'class', 'class', 'class', 'class', 'class', 'true', 'true', 'new', 'public', 'void']",False
98,10428.0,0.0,apache-ambari,org.apache.ambari.server.api.services.hostcomponentservicetest.testgethostcomponents,0.0,"['class', 'class', 'new', 'class', 'class', 'class', 'class', 'class', 'class', 'class', 'class', 'class', 'true', 'true', 'new', 'null', 'public', 'void']",False
128,10458.0,1.0,apache-ambari,org.apache.ambari.server.controller.utilities.predicatebuildertest.testgreaterdouble,0.0,"['new', 'new', 'new', 'public', 'void']",False
143,10473.0,0.0,apache-ambari,org.apache.ambari.server.controller.clusterresponsetest.testtostring,0.0,"['new', 'null', 'null', 'null', 'null', 'public', 'void']",False
145,10481.0,0.0,apache-ambari,org.apache.ambari.server.controller.ambarimanagementcontrollertest.testcreateclusterwithinvalidstack,1.0,"['public', 'void']",True
172,10508.0,1.0,apache-ambari,org.apache.ambari.server.controller.ambarimanagementcontrollertest.testgethosts,1.0,"['new', 'new', 'new', 'new', 'null', 'null', 'null', 'new', 'for', 'if', 'else', 'if', 'else', 'if', 'else', 'if', 'else', 'new', 'null', 'null', 'public', 'void', 'throws']",True
176,10512.0,1.0,apache-ambari,org.apache.ambari.server.controller.ambarimanagementcontrollertest.testserviceupdaterecursive,1.0,"['new', 'null', 'null', 'new', 'new', 'null', 'new', 'null', 'new', 'null', 'new', 'null', 'new', 'null', 'new', 'null', 'new', 'try', 'new', 'null', 'for', 'catch', 'try', 'new', 'null', 'for', 'catch', 'new', 'null', 'new', 'null', 'long', 'for', 'null', 'null', 'null', 'for', 'if', 'if', 'if', 'new', 'null', 'new', 'null', 'public', 'void', 'throws']",True
184,10521.0,0.0,apache-ambari,org.apache.ambari.server.controller.ambarimanagementcontrollertest.testcreateandgetusers,1.0,"['new', 'public', 'void', 'throws']",True
195,10540.0,1.0,apache-ambari,org.apache.ambari.server.controller.internal.schemaimpltest.testgetkeypropertyid,0.0,"['new', 'public', 'void']",False
197,10542.0,0.0,apache-ambari,org.apache.ambari.server.controller.internal.requestimpltest.testgetpropertyids,0.0,"['public', 'void']",False
216,10564.0,1.0,apache-ambari,org.apache.ambari.server.controller.internal.resourceimpltest.testsetgetproperty,0.0,"['new', 'float', 'float', 'public', 'void']",False
235,10583.0,1.0,apache-ambari,org.apache.ambari.server.actionmanager.testactionscheduler.testactionschedule,0.0,"['new', 'class', 'class', 'class', 'class', 'class', 'class', 'new', 'new', 'false', 'instanceof', 'instanceof', 'public', 'void', 'throws']",False
240,10591.0,1.0,apache-ambari,org.apache.ambari.server.actionmanager.testactionmanager.testactionresponse,0.0,"['class', 'new', 'new', 'new', 'new', 'public', 'void']",False
245,10599.0,1.0,apache-ambari,org.apache.ambari.server.actionmanager.testactiondbaccessorimpl.testpersistactions,0.0,"['for', 'null', 'public', 'void']",False
246,10600.0,1.0,apache-ambari,org.apache.ambari.server.actionmanager.testactiondbaccessorimpl.testhostrolescheduled,0.0,"['new', 'public', 'void', 'public', 'void', 'throws']",False
248,10607.0,1.0,apache-ambari,org.apache.ambari.server.utils.teststageutils.testgetateststage,0.0,"['for', 'public', 'void']",False
256,10617.0,1.0,apache-ambari,org.apache.ambari.server.state.servicetest.testconverttoresponse,0.0,"['new', 'new', 'public', 'void', 'throws']",False
260,10624.0,1.0,apache-ambari,org.apache.ambari.server.state.servicecomponenttest.testaddandgetservicecomponenthosts,0.0,"['try', 'false', 'for', 'catch', 'false', 'false', 'false', 'new', 'try', 'for', 'catch', 'false', 'new', 'new', 'class', 'class', 'new', 'new', 'public', 'void', 'throws']",False
271,10649.0,0.0,apache-ambari,org.apache.ambari.server.state.svccomphost.servicecomponenthosttest.testjobhandling,0.0,"['public', 'void']",False
287,10670.0,0.0,apache-ambari,org.apache.ambari.server.state.cluster.clusterstest.testaddandgethost,0.0,"['try', 'catch', 'try', 'for', 'catch', 'public', 'void', 'throws']",False
14,10329.0,1.0,apache-ambari,org.apache.ambari.server.agent.testheartbeatmonitor.testheartbeatstatecommandsenqueueing,1.0,"['class', 'new', 'new', 'class', 'class', 'class', 'new', 'new', 'new', 'new', 'new', 'new', 'if', 'for', 'for', 'public', 'void', 'throws']",False
16,10333.0,0.0,apache-ambari,org.apache.ambari.server.security.authorization.testusers.testgetallusers,0.0,"['for', 'false', 'public', 'void', 'throws']",False
32,10356.0,0.0,apache-ambari,org.apache.ambari.server.api.handlers.delegatingrequesthandlertest.testhandlerequest_put,0.0,"['class', 'class', 'class', 'class', 'class', 'new', 'public', 'void']",False
40,10364.0,0.0,apache-ambari,org.apache.ambari.server.api.handlers.readhandlertest.testhandlerrequest,0.0,"['class', 'class', 'class', 'class', 'class', 'new', 'null', 'null', 'null', 'null', 'null', 'null', 'null', 'new', 'public', 'void', 'throws']",False
44,10368.0,1.0,apache-ambari,org.apache.ambari.server.api.query.queryimpltest.testexecute__collection_nullinternalpredicate_nonnulluserpredicate,0.0,"['class', 'class', 'class', 'class', 'class', 'class', 'new', 'null', 'new', 'null', 'null', 'null', 'new', 'new', 'true', 'public', 'void', 'throws']",False
57,10382.0,0.0,apache-ambari,org.apache.ambari.server.api.services.hostservicetest.testdeletehost,0.0,"['class', 'class', 'new', 'class', 'class', 'class', 'class', 'class', 'class', 'class', 'class', 'class', 'false', 'false', 'new', 'public', 'void']",False
59,10384.0,1.0,apache-ambari,org.apache.ambari.server.api.services.requestimpltest.testgetfields,0.0,"['class', 'class', 'new', 'null', 'null', 'null', 'null', 'new', 'new', 'new', 'new', 'public', 'void']",False
65,10393.0,0.0,apache-ambari,org.apache.ambari.server.api.services.ambarimetainfotest.isvalidservice,0.0,"['boolean', 'public', 'void']",False
76,10406.0,0.0,apache-ambari,org.apache.ambari.server.api.services.deletepersistencemanagertest.testpersist,0.0,"['class', 'class', 'class', 'class', 'class', 'new', 'null', 'new', 'null', 'public', 'void', 'throws']",False
99,10429.0,0.0,apache-ambari,org.apache.ambari.server.api.services.hostcomponentservicetest.testcreatehostcomponent,0.0,"['class', 'class', 'new', 'class', 'class', 'class', 'class', 'class', 'class', 'class', 'class', 'false', 'false', 'new', 'public', 'void']",False
102,10432.0,0.0,apache-ambari,org.apache.ambari.server.api.services.hostcomponentservicetest.testdeletehostcomponent,0.0,"['class', 'class', 'new', 'class', 'class', 'class', 'class', 'class', 'class', 'class', 'class', 'class', 'false', 'false', 'new', 'public', 'void']",False
106,10436.0,0.0,apache-ambari,org.apache.ambari.server.api.services.parsers.jsonpropertyparsertest.testparse_emptybody,0.0,"['new', 'public', 'void']",False
115,10445.0,1.0,apache-ambari,org.apache.ambari.server.controller.utilities.predicatebuildertest.testlongor,0.0,"['new', 'new', 'new', 'new', 'public', 'void']",False
121,10451.0,1.0,apache-ambari,org.apache.ambari.server.controller.utilities.predicatebuildertest.testequalsstring,0.0,"['new', 'new', 'new', 'public', 'void']",False
122,10452.0,1.0,apache-ambari,org.apache.ambari.server.controller.utilities.predicatebuildertest.testequalsinteger,0.0,"['new', 'new', 'new', 'public', 'void']",False
151,10487.0,0.0,apache-ambari,org.apache.ambari.server.controller.ambarimanagementcontrollertest.testcreateservicewithinvalidinfo,1.0,"['try', 'for', 'catch', 'try', 'catch', 'try', 'for', 'catch', 'null', 'new', 'null', 'null', 'null', 'for', 'public', 'void', 'throws']",True
157,10493.0,1.0,apache-ambari,org.apache.ambari.server.controller.ambarimanagementcontrollertest.testcreateservicecomponenthostsimple,1.0,"['new', 'null', 'try', 'for', 'catch', 'try', 'for', 'catch', 'try', 'catch', 'null', 'null', 'null', 'null', 'null', 'null', 'try', 'null', 'catch', 'new', 'null', 'null', 'null', 'public', 'void', 'throws']",True
160,10496.0,1.0,apache-ambari,org.apache.ambari.server.controller.ambarimanagementcontrollertest.testcreatehostsimple,1.0,"['null', 'null', 'new', 'new', 'try', 'for', 'catch', 'new', 'new', 'new', 'try', 'for', 'catch', 'new', 'new', 'public', 'void', 'throws']",True
164,10500.0,1.0,apache-ambari,org.apache.ambari.server.controller.ambarimanagementcontrollertest.testgetclusters,1.0,"['new', 'new', 'null', 'null', 'null', 'null', 'public', 'void', 'throws']",True
187,10524.0,0.0,apache-ambari,org.apache.ambari.server.controller.ambarimanagementcontrollertest.testdeleteusers,1.0,"['new', 'new', 'new', 'new', 'null', 'class', 'public', 'void', 'throws']",True
205,10550.0,0.0,apache-ambari,org.apache.ambari.server.controller.internal.clustercontrollerimpltest.testdeleteresources,0.0,"['new', 'new', 'new', 'public', 'void', 'throws']",False
209,10555.0,1.0,apache-ambari,org.apache.ambari.server.controller.internal.resourceproviderimpltest.testgetclusterresources,0.0,"['class', 'new', 'new', 'null', 'null', 'new', 'null', 'null', 'new', 'null', 'null', 'new', 'null', 'null', 'new', 'null', 'null', 'new', 'new', 'null', 'null', 'new', 'new', 'null', 'null', 'class', 'class', 'class', 'new', 'null', 'for', 'new', 'new', 'public', 'void', 'throws']",False
223,10571.0,1.0,apache-ambari,org.apache.ambari.server.controller.predicate.lessequalspredicatetest.testapply,0.0,"['new', 'new', 'public', 'void']",False
228,10576.0,1.0,apache-ambari,org.apache.ambari.server.controller.predicate.lesspredicatetest.testapply,0.0,"['new', 'new', 'public', 'void']",False
229,10577.0,1.0,apache-ambari,org.apache.ambari.server.controller.predicate.lesspredicatetest.testgetproperties,0.0,"['new', 'public', 'void']",False
232,10580.0,1.0,apache-ambari,org.apache.ambari.server.controller.predicate.andpredicatetest.testapply,0.0,"['new', 'new', 'new', 'new', 'new', 'public', 'void']",False
258,10621.0,1.0,apache-ambari,org.apache.ambari.server.state.servicecomponenttest.testgetandsetservicecomponentinfo,0.0,"['new', 'class', 'new', 'public', 'void', 'throws']",False
278,10658.0,0.0,apache-ambari,org.apache.ambari.server.state.cluster.clustertest.testgethoststate,0.0,"['public', 'void', 'throws']",False
280,10660.0,0.0,apache-ambari,org.apache.ambari.server.state.cluster.clustertest.testhostevent,0.0,"['new', 'new', 'new', 'new', 'long', 'new', 'try', 'new', 'catch', 'public', 'void', 'throws']",False
290,10678.0,0.0,apache-ambari,org.apache.ambari.server.bootstrap.bootstrapresourcetest.bootstrapget,0.0,"['class', 'public', 'void', 'throws']",False
9,10318.0,1.0,apache-ambari,org.apache.ambari.server.agent.testheartbeathandler.testtaskinprogresshandling,0.0,"['new', 'null', 'null', 'new', 'final', 'new', 'new', 'new', 'new', 'new', 'new', 'new', 'new', 'new', 'new', 'new', 'public', 'void', 'throws']",False
26,10350.0,0.0,apache-ambari,org.apache.ambari.server.security.authorization.ldapserverpropertiestest.testgetusersearchfilter,0.0,"['public', 'void', 'throws']",False
34,10358.0,0.0,apache-ambari,org.apache.ambari.server.api.handlers.delegatingrequesthandlertest.testhandlerequest_delete,0.0,"['class', 'class', 'class', 'class', 'class', 'new', 'public', 'void']",False
45,10369.0,1.0,apache-ambari,org.apache.ambari.server.api.query.queryimpltest.testexecute__collection_nonnullinternalpredicate_nonnulluserpredicate,0.0,"['class', 'class', 'class', 'class', 'class', 'new', 'new', 'new', 'null', 'new', 'null', 'null', 'null', 'new', 'null', 'new', 'new', 'new', 'new', 'true', 'public', 'void', 'throws']",False
46,10370.0,0.0,apache-ambari,org.apache.ambari.server.api.query.queryimpltest.testaddproperty__localproperty,0.0,"['class', 'class', 'class', 'new', 'null', 'new', 'null', 'null', 'null', 'null', 'null', 'public', 'void']",False
53,10378.0,0.0,apache-ambari,org.apache.ambari.server.api.services.hostservicetest.testcreatehost,0.0,"['class', 'class', 'new', 'class', 'class', 'class', 'class', 'class', 'class', 'class', 'class', 'class', 'false', 'false', 'new', 'null', 'public', 'void']",False
69,10397.0,0.0,apache-ambari,org.apache.ambari.server.api.services.ambarimetainfotest.getserviceinfo,0.0,"['public', 'void', 'throws']",False
73,10401.0,0.0,apache-ambari,org.apache.ambari.server.api.services.actionservicetest.testgetactions,0.0,"['class', 'class', 'new', 'class', 'class', 'class', 'class', 'class', 'class', 'class', 'class', 'class', 'false', 'false', 'new', 'public', 'void']",False
74,10404.0,0.0,apache-ambari,org.apache.ambari.server.api.services.ambarimetaservicetest.teststacks,0.0,"['new', 'class', 'new', 'false', 'new', 'class', 'class', 'public', 'void', 'throws']",False
78,10408.0,0.0,apache-ambari,org.apache.ambari.server.api.services.componentservicetest.testgetcomponents,0.0,"['class', 'class', 'new', 'class', 'class', 'class', 'class', 'class', 'class', 'class', 'class', 'class', 'true', 'true', 'new', 'null', 'public', 'void']",False
79,10409.0,0.0,apache-ambari,org.apache.ambari.server.api.services.componentservicetest.testcreatecomponent,0.0,"['class', 'class', 'new', 'class', 'class', 'class', 'class', 'class', 'class', 'class', 'class', 'false', 'false', 'new', 'public', 'void']",False
95,10425.0,0.0,apache-ambari,org.apache.ambari.server.api.services.clusterservicetest.testupdatecluster,0.0,"['class', 'class', 'new', 'class', 'class', 'class', 'class', 'class', 'class', 'class', 'class', 'true', 'true', 'new', 'public', 'void']",False
117,10447.0,1.0,apache-ambari,org.apache.ambari.server.controller.utilities.predicatebuildertest.testblocks,0.0,"['new', 'new', 'new', 'new', 'new', 'new', 'new', 'new', 'new', 'new', 'new', 'public', 'void']",False
125,10455.0,1.0,apache-ambari,org.apache.ambari.server.controller.utilities.predicatebuildertest.testequalslong,0.0,"['new', 'new', 'new', 'public', 'void']",False
130,10460.0,1.0,apache-ambari,org.apache.ambari.server.controller.utilities.predicatebuildertest.testgreaterthanequaltointeger,0.0,"['new', 'new', 'new', 'public', 'void']",False
162,10498.0,0.0,apache-ambari,org.apache.ambari.server.controller.ambarimanagementcontrollertest.testcreatehostwithinvalidrequests,1.0,"['new', 'try', 'new', 'null', 'null', 'for', 'catch', 'new', 'try', 'new', 'null', 'for', 'catch', 'try', 'new', 'null', 'new', 'null', 'for', 'catch', 'public', 'void', 'throws']",True
169,10505.0,1.0,apache-ambari,org.apache.ambari.server.controller.ambarimanagementcontrollertest.testgetservicecomponentswithfilters,1.0,"['new', 'new', 'new', 'null', 'null', 'null', 'null', 'null', 'try', 'for', 'catch', 'new', 'null', 'null', 'null', 'null', 'new', 'null', 'null', 'null', 'new', 'null', 'null', 'null', 'new', 'null', 'null', 'new', 'null', 'null', 'new', 'null', 'new', 'new', 'null', 'null', 'null', 'new', 'null', 'null', 'null', 'null', 'new', 'null', 'null', 'null', 'public', 'void', 'throws']",True
175,10511.0,0.0,apache-ambari,org.apache.ambari.server.controller.ambarimanagementcontrollertest.testserviceupdateinvalidupdates,1.0,"['public', 'void']",True
181,10517.0,1.0,apache-ambari,org.apache.ambari.server.controller.ambarimanagementcontrollertest.testgetrequestandtaskstatus,1.0,"['long', 'long', 'final', 'final', 'new', 'new', 'new', 'new', 'new', 'new', 'new', 'new', 'new', 'new', 'null', 'new', 'new', 'new', 'public', 'void', 'throws']",True
182,10518.0,0.0,apache-ambari,org.apache.ambari.server.controller.ambarimanagementcontrollertest.testgetactions,1.0,"['new', 'new', 'null', 'null', 'null', 'public', 'void', 'throws']",True
215,10563.0,0.0,apache-ambari,org.apache.ambari.server.controller.internal.resourceimpltest.testgettype,0.0,"['new', 'new', 'new', 'new', 'new', 'public', 'void']",False
227,10575.0,1.0,apache-ambari,org.apache.ambari.server.controller.predicate.predicatevisitortest.testvisitor,0.0,"['new', 'new', 'new', 'new', 'new', 'new', 'public', 'void']",False
247,10602.0,1.0,apache-ambari,org.apache.ambari.server.actionmanager.testactiondbaccessorimpl.testupdatehostrole,0.0,"['new', 'for', 'int', 'new', 'public', 'void', 'throws']",False
275,10653.0,0.0,apache-ambari,org.apache.ambari.server.state.svccomphost.servicecomponenthosttest.teststopinvariousstates,0.0,"['false', 'long', 'long', 'boolean', 'false', 'try', 'catch', 'true', 'public', 'void', 'throws']",False
276,10654.0,1.0,apache-ambari,org.apache.ambari.server.state.svccomphost.servicecomponenthosttest.testlivestateupdatesforreconfigure,0.0,"['false', 'new', 'class', 'new', 'new', 'new', 'new', 'new', 'new', 'new', 'new', 'new', 'new', 'for', 'if', 'else', 'if', 'else', 'if', 'else', 'public', 'void', 'throws']",False
277,10657.0,0.0,apache-ambari,org.apache.ambari.server.state.cluster.clustertest.testaddhost,0.0,"['try', 'catch', 'public', 'void', 'throws']",False
283,10664.0,0.0,apache-ambari,org.apache.ambari.server.state.cluster.clustertest.testgetandsetconfigs,0.0,"['public', 'void']",False
288,10671.0,1.0,apache-ambari,org.apache.ambari.server.state.cluster.clusterstest.testclusterhostmapping,0.0,"['try', 'for', 'catch', 'new', 'new', 'try', 'for', 'catch', 'new', 'public', 'void', 'throws']",False
293,10683.0,0.0,apache-ambari,org.apache.ambari.server.bootstrap.bootstraptest.testpolling,0.0,"['new', 'new', 'new', 'new', 'new', 'new', 'public', 'void', 'throws']",False
21,10340.0,0.0,apache-ambari,org.apache.ambari.server.security.authorization.ambarilocaluserdetailsservicetest.testemptyroles,0.0,"['public', 'void', 'throws']",False
39,10363.0,1.0,apache-ambari,org.apache.ambari.server.api.handlers.updatehandlertest.testhandlerequest__asynchronous,0.0,"['class', 'class', 'class', 'class', 'class', 'class', 'class', 'class', 'class', 'new', 'new', 'new', 'boolean', 'false', 'boolean', 'false', 'for', 'if', 'true', 'else', 'if', 'true', 'else', 'public', 'void']",False
42,10366.0,1.0,apache-ambari,org.apache.ambari.server.api.query.queryimpltest.testexecute__component_collection_nospecifiedprops,0.0,"['class', 'class', 'class', 'class', 'class', 'new', 'new', 'new', 'null', 'new', 'null', 'null', 'null', 'new', 'null', 'new', 'new', 'true', 'public', 'void', 'throws']",False
56,10381.0,0.0,apache-ambari,org.apache.ambari.server.api.services.hostservicetest.testupdatehosts,0.0,"['class', 'class', 'new', 'class', 'class', 'class', 'class', 'class', 'class', 'class', 'class', 'false', 'false', 'new', 'null', 'public', 'void']",False
66,10394.0,0.0,apache-ambari,org.apache.ambari.server.api.services.ambarimetainfotest.getsupportedconfigs,0.0,"['for', 'public', 'void', 'throws']",False
83,10413.0,0.0,apache-ambari,org.apache.ambari.server.api.services.configurationservicetest.testcreateconfiguration,0.0,"['class', 'class', 'new', 'class', 'class', 'class', 'class', 'class', 'class', 'class', 'class', 'false', 'false', 'new', 'public', 'void']",False
89,10419.0,0.0,apache-ambari,org.apache.ambari.server.api.services.serviceservicetest.testupdateservices,0.0,"['class', 'class', 'new', 'class', 'class', 'class', 'class', 'class', 'class', 'class', 'class', 'true', 'true', 'new', 'null', 'public', 'void']",False
96,10426.0,0.0,apache-ambari,org.apache.ambari.server.api.services.clusterservicetest.testdeletecluster,0.0,"['class', 'class', 'new', 'class', 'class', 'class', 'class', 'class', 'class', 'class', 'class', 'class', 'false', 'false', 'new', 'public', 'void']",False
100,10430.0,0.0,apache-ambari,org.apache.ambari.server.api.services.hostcomponentservicetest.testupdatehostcomponent,0.0,"['class', 'class', 'new', 'class', 'class', 'class', 'class', 'class', 'class', 'class', 'class', 'false', 'false', 'new', 'public', 'void']",False
107,10437.0,1.0,apache-ambari,org.apache.ambari.server.api.services.parsers.jsonpropertyparsertest.testparse_array,0.0,"['new', 'boolean', 'false', 'boolean', 'false', 'boolean', 'false', 'new', 'new', 'new', 'for', 'if', 'true', 'else', 'if', 'true', 'else', 'if', 'true', 'public', 'void']",False
127,10457.0,1.0,apache-ambari,org.apache.ambari.server.controller.utilities.predicatebuildertest.testgreaterfloat,0.0,"['new', 'float', 'new', 'float', 'new', 'float', 'public', 'void']",False
132,10462.0,1.0,apache-ambari,org.apache.ambari.server.controller.utilities.predicatebuildertest.testgreaterthanequaltodouble,0.0,"['new', 'new', 'new', 'public', 'void']",False
138,10468.0,1.0,apache-ambari,org.apache.ambari.server.controller.utilities.predicatebuildertest.testlessthanequaltointeger,0.0,"['new', 'new', 'new', 'public', 'void']",False
140,10470.0,1.0,apache-ambari,org.apache.ambari.server.controller.utilities.predicatebuildertest.testlessthanequaltodouble,0.0,"['new', 'new', 'new', 'public', 'void']",False
142,10472.0,1.0,apache-ambari,org.apache.ambari.server.controller.clusterresponsetest.testbasicgetandset,0.0,"['new', 'new', 'new', 'public', 'void']",False
152,10488.0,1.0,apache-ambari,org.apache.ambari.server.controller.ambarimanagementcontrollertest.testcreateservicesmultiple,1.0,"['new', 'new', 'new', 'null', 'null', 'new', 'null', 'null', 'try', 'new', 'null', 'null', 'new', 'null', 'null', 'for', 'catch', 'public', 'void', 'throws']",True
170,10506.0,1.0,apache-ambari,org.apache.ambari.server.controller.ambarimanagementcontrollertest.testgetservicecomponenthosts,1.0,"['new', 'false', 'new', 'new', 'new', 'null', 'null', 'null', 'null', 'null', 'public', 'void', 'throws']",True
179,10515.0,0.0,apache-ambari,org.apache.ambari.server.controller.ambarimanagementcontrollertest.teststartclientcomponent,1.0,"['public', 'void']",True
180,10516.0,0.0,apache-ambari,org.apache.ambari.server.controller.ambarimanagementcontrollertest.teststartclienthostcomponent,1.0,"['public', 'void']",True
183,10519.0,1.0,apache-ambari,org.apache.ambari.server.controller.ambarimanagementcontrollertest.testcreateactions,1.0,"['new', 'new', 'new', 'new', 'new', 'new', 'new', 'null', 'public', 'void', 'throws']",True
191,10528.0,1.0,apache-ambari,org.apache.ambari.server.controller.clusterrequesttest.testbasicgetandset,0.0,"['new', 'new', 'new', 'new', 'public', 'void']",False
192,10529.0,0.0,apache-ambari,org.apache.ambari.server.controller.clusterrequesttest.testtostring,0.0,"['new', 'null', 'null', 'null', 'null', 'public', 'void']",False
201,10546.0,1.0,apache-ambari,org.apache.ambari.server.controller.internal.clustercontrollerimpltest.testgetresourceswithpredicate,0.0,"['new', 'new', 'new', 'new', 'int', 'for', 'public', 'void', 'throws']",False
212,10559.0,1.0,apache-ambari,org.apache.ambari.server.controller.internal.resourceproviderimpltest.testcreateserviceresources,0.0,"['class', 'class', 'class', 'new', 'new', 'public', 'void', 'throws']",False
217,10565.0,1.0,apache-ambari,org.apache.ambari.server.controller.predicate.orpredicatetest.testapply,0.0,"['new', 'new', 'new', 'new', 'new', 'public', 'void']",False
237,10586.0,0.0,apache-ambari,org.apache.ambari.server.actionmanager.testactionscheduler.testsuccessfactors,0.0,"['new', 'new', 'new', 'new', 'new', 'new', 'new', 'new', 'new', 'new', 'new', 'new', 'public', 'void']",False
242,10596.0,1.0,apache-ambari,org.apache.ambari.server.actionmanager.testactiondbaccessorimpl.testactionresponse,0.0,"['new', 'new', 'public', 'void']",False
266,10639.0,0.0,apache-ambari,org.apache.ambari.server.state.host.hosttest.testhostheartbeatflow,0.0,"['long', 'try', 'catch', 'try', 'catch', 'public', 'void', 'throws']",False
273,10651.0,1.0,apache-ambari,org.apache.ambari.server.state.svccomphost.servicecomponenthosttest.testgetandsetbasicinfo,0.0,"['false', 'new', 'new', 'public', 'void', 'throws']",False
2,10309.0,1.0,apache-ambari,org.apache.ambari.server.agent.testheartbeathandler.testcommandreport,0.0,"['this', 'class', 'new', 'new', 'new', 'new', 'public', 'void', 'throws']",False
7,10315.0,1.0,apache-ambari,org.apache.ambari.server.agent.testheartbeathandler.testrequestid,0.0,"['class', 'new', 'new', 'new', 'for', 'for', 'public', 'void', 'throws']",False
17,10334.0,0.0,apache-ambari,org.apache.ambari.server.security.authorization.testusers.testmodifypassword,0.0,"['new', 'public', 'void', 'throws']",False
29,10353.0,0.0,apache-ambari,org.apache.ambari.server.api.handlers.deletehandlertest.testhandlerequest__synchronous,0.0,"['class', 'class', 'class', 'class', 'class', 'class', 'class', 'class', 'new', 'new', 'new', 'boolean', 'false', 'boolean', 'false', 'for', 'if', 'true', 'else', 'if', 'true', 'else', 'public', 'void']",False
33,10357.0,0.0,apache-ambari,org.apache.ambari.server.api.handlers.delegatingrequesthandlertest.testhandlerequest_post,0.0,"['class', 'class', 'class', 'class', 'class', 'new', 'public', 'void']",False
50,10374.0,0.0,apache-ambari,org.apache.ambari.server.api.query.queryimpltest.testaddproperty__subproperty,0.0,"['class', 'class', 'class', 'class', 'new', 'null', 'new', 'null', 'null', 'null', 'public', 'void']",False
55,10380.0,0.0,apache-ambari,org.apache.ambari.server.api.services.hostservicetest.testupdatehost,0.0,"['class', 'class', 'new', 'class', 'class', 'class', 'class', 'class', 'class', 'class', 'class', 'false', 'false', 'new', 'public', 'void']",False
60,10387.0,0.0,apache-ambari,org.apache.ambari.server.api.services.persistkeyvalueimpltest.teststore,0.0,"['class', 'new', 'for', 'int', 'public', 'void', 'throws']",False
64,10392.0,0.0,apache-ambari,org.apache.ambari.server.api.services.ambarimetainfotest.issupportedstack,0.0,"['boolean', 'public', 'void']",False
71,10399.0,1.0,apache-ambari,org.apache.ambari.server.api.services.ambarimetainfotest.testgetrepos,0.0,"['new', 'new', 'new', 'for', 'for', 'if', 'else', 'if', 'else', 'if', 'else', 'if', 'else', 'public', 'void', 'throws']",False
84,10414.0,1.0,apache-ambari,org.apache.ambari.server.api.services.createpersistencemanagertest.testpersist,0.0,"['class', 'class', 'class', 'class', 'class', 'new', 'new', 'new', 'new', 'null', 'new', 'public', 'void', 'throws']",False
87,10417.0,0.0,apache-ambari,org.apache.ambari.server.api.services.serviceservicetest.testgetservices,0.0,"['class', 'class', 'new', 'class', 'class', 'class', 'class', 'class', 'class', 'class', 'class', 'class', 'true', 'true', 'new', 'null', 'public', 'void']",False
105,10435.0,0.0,apache-ambari,org.apache.ambari.server.api.services.parsers.jsonpropertyparsertest.testparse_nullbody,0.0,"['new', 'null', 'public', 'void']",False
110,10440.0,1.0,apache-ambari,org.apache.ambari.server.controller.utilities.predicatebuildertest.testdone,0.0,"['new', 'new', 'try', 'catch', 'public', 'void']",False
119,10449.0,1.0,apache-ambari,org.apache.ambari.server.controller.utilities.predicatebuildertest.testunbalancedblocks,0.0,"['new', 'new', 'try', 'catch', 'new', 'try', 'catch', 'public', 'void']",False
159,10495.0,1.0,apache-ambari,org.apache.ambari.server.controller.ambarimanagementcontrollertest.testcreateservicecomponenthostwithinvalidrequest,1.0,"['new', 'try', 'new', 'null', 'null', 'null', 'null', 'null', 'null', 'for', 'catch', 'try', 'new', 'null', 'null', 'null', 'null', 'null', 'for', 'catch', 'try', 'new', 'null', 'null', 'null', 'null', 'for', 'catch', 'try', 'new', 'null', 'null', 'null', 'for', 'catch', 'try', 'new', 'null', 'null', 'for', 'catch', 'new', 'new', 'new', 'try', 'new', 'null', 'null', 'for', 'catch', 'try', 'new', 'null', 'null', 'for', 'catch', 'try', 'new', 'null', 'null', 'for', 'catch', 'try', 'new', 'null', 'null', 'for', 'catch', 'new', 'new', 'null', 'null', 'try', 'new', 'null', 'null', 'new', 'null', 'null', 'for', 'catch', 'try', 'new', 'null', 'null', 'new', 'null', 'null', 'for', 'catch', 'try', 'new', 'null', 'null', 'new', 'null', 'null', 'for', 'catch', 'new', 'null', 'null', 'new', 'null', 'null', 'public', 'void', 'throws']",True
161,10497.0,1.0,apache-ambari,org.apache.ambari.server.controller.ambarimanagementcontrollertest.testcreatehostmultiple,1.0,"['new', 'new', 'new', 'new', 'new', 'null', 'new', 'new', 'null', 'new', 'public', 'void', 'throws']",True
163,10499.0,1.0,apache-ambari,org.apache.ambari.server.controller.ambarimanagementcontrollertest.testinstallandstartservice,1.0,"['new', 'new', 'new', 'new', 'new', 'new', 'null', 'new', 'for', 'for', 'boolean', 'false', 'boolean', 'false', 'boolean', 'false', 'boolean', 'false', 'boolean', 'false', 'for', 'if', 'if', 'true', 'else', 'if', 'true', 'else', 'if', 'true', 'else', 'for', 'else', 'if', 'if', 'true', 'else', 'if', 'true', 'else', 'for', 'else', 'for', 'for', 'for', 'for', 'new', 'null', 'new', 'new', 'new', 'for', 'for', 'new', 'null', 'for', 'if', 'else', 'for', 'if', 'else', 'for', 'for', 'for', 'new', 'new', 'null', 'null', 'int', 'for', 'for', 'if', 'else', 'switch', 'case', 'break', 'case', 'break', 'case', 'break', 'new', 'null', 'for', 'for', 'for', 'for', 'public', 'void', 'throws']",True
178,10514.0,1.0,apache-ambari,org.apache.ambari.server.controller.ambarimanagementcontrollertest.testservicecomponenthostupdaterecursive,1.0,"['null', 'new', 'new', 'null', 'new', 'null', 'new', 'null', 'new', 'null', 'new', 'null', 'new', 'try', 'new', 'null', 'for', 'catch', 'try', 'new', 'null', 'new', 'null', 'new', 'null', 'new', 'null', 'new', 'null', 'for', 'catch', 'new', 'null', 'null', 'new', 'null', 'new', 'null', 'null', 'new', 'null', 'new', 'null', 'long', 'for', 'new', 'null', 'new', 'null', 'public', 'void', 'throws']",True
190,10527.0,1.0,apache-ambari,org.apache.ambari.server.controller.ambarimanagementcontrollertest.testclientservicesmoketests,1.0,"['new', 'null', 'null', 'null', 'null', 'null', 'new', 'null', 'new', 'for', 'for', 'for', 'for', 'new', 'null', 'for', 'for', 'for', 'public', 'void', 'throws']",True
199,10544.0,1.0,apache-ambari,org.apache.ambari.server.controller.internal.clustercontrollerimpltest.testgetresources,0.0,"['new', 'new', 'new', 'null', 'int', 'for', 'public', 'void', 'throws']",False
213,10560.0,1.0,apache-ambari,org.apache.ambari.server.controller.internal.resourceproviderimpltest.testgetserviceresources,0.0,"['class', 'new', 'new', 'null', 'null', 'new', 'null', 'null', 'new', 'null', 'null', 'new', 'null', 'null', 'new', 'null', 'null', 'new', 'new', 'null', 'null', 'new', 'new', 'null', 'null', 'new', 'null', 'null', 'new', 'null', 'null', 'class', 'class', 'class', 'new', 'null', 'new', 'for', 'for', 'new', 'new', 'new', 'for', 'for', 'public', 'void', 'throws']",False
222,10570.0,1.0,apache-ambari,org.apache.ambari.server.controller.predicate.notpredicatetest.testgetproperties,0.0,"['new', 'public', 'void']",False
239,10588.0,0.0,apache-ambari,org.apache.ambari.server.actionmanager.teststage.testtasktimeout,0.0,"['null', 'null', 'public', 'void']",False
255,10616.0,0.0,apache-ambari,org.apache.ambari.server.state.servicetest.testgetandsetconfigs,0.0,"['public', 'void']",False
262,10628.0,0.0,apache-ambari,org.apache.ambari.server.state.host.hosttest.testhostinfoimport,0.0,"['new', 'new', 'new', 'public', 'void', 'throws']",False
268,10644.0,0.0,apache-ambari,org.apache.ambari.server.state.svccomphost.servicecomponenthosttest.testnewservicecomponenthost,0.0,"['false', 'true', 'public', 'void', 'throws']",False
272,10650.0,0.0,apache-ambari,org.apache.ambari.server.state.svccomphost.servicecomponenthosttest.testgetandsetconfigs,0.0,"['public', 'void']",False
274,10652.0,1.0,apache-ambari,org.apache.ambari.server.state.svccomphost.servicecomponenthosttest.testconverttoresponse,0.0,"['false', 'new', 'new', 'public', 'void', 'throws']",False
6,10314.0,1.0,apache-ambari,org.apache.ambari.server.agent.testheartbeathandler.testregisternewnode,0.0,"['new', 'null', 'null', 'new', 'new', 'new', 'new', 'new', 'public', 'void', 'throws']",False
15,10330.0,1.0,apache-ambari,org.apache.ambari.server.agent.testheartbeatmonitor.testheartbeatloss,0.0,"['class', 'new', 'class', 'new', 'new', 'new', 'new', 'new', 'new', 'new', 'while', 'public', 'void', 'throws']",False
28,10352.0,0.0,apache-ambari,org.apache.ambari.server.security.authorization.authorizationhelpertest.testconvertrolestoauthorities,0.0,"['new', 'new', 'new', 'new', 'public', 'void', 'throws']",False
61,10389.0,0.0,apache-ambari,org.apache.ambari.server.api.services.ambarimetainfotest.getcomponentcategory,0.0,"['public', 'void']",False
72,10400.0,0.0,apache-ambari,org.apache.ambari.server.api.services.actionservicetest.testcreateactions,0.0,"['class', 'class', 'new', 'class', 'class', 'class', 'class', 'class', 'class', 'class', 'class', 'false', 'false', 'new', 'public', 'void']",False
80,10410.0,0.0,apache-ambari,org.apache.ambari.server.api.services.componentservicetest.testupdatecomponent,0.0,"['class', 'class', 'new', 'class', 'class', 'class', 'class', 'class', 'class', 'class', 'class', 'false', 'false', 'new', 'public', 'void']",False
97,10427.0,0.0,apache-ambari,org.apache.ambari.server.api.services.hostcomponentservicetest.testgethostcomponent,0.0,"['class', 'class', 'new', 'class', 'class', 'class', 'class', 'class', 'class', 'class', 'class', 'class', 'true', 'true', 'new', 'public', 'void']",False
101,10431.0,0.0,apache-ambari,org.apache.ambari.server.api.services.hostcomponentservicetest.testupdatehostcomponents,0.0,"['class', 'class', 'new', 'class', 'class', 'class', 'class', 'class', 'class', 'class', 'class', 'false', 'false', 'new', 'null', 'public', 'void']",False
111,10441.0,1.0,apache-ambari,org.apache.ambari.server.controller.utilities.predicatebuildertest.testsimpleand,0.0,"['new', 'new', 'new', 'public', 'void']",False
120,10450.0,0.0,apache-ambari,org.apache.ambari.server.controller.utilities.predicatebuildertest.testaltproperty,0.0,"['new', 'new', 'public', 'void']",False
141,10471.0,1.0,apache-ambari,org.apache.ambari.server.controller.utilities.predicatebuildertest.testlessthanequaltolong,0.0,"['new', 'new', 'new', 'public', 'void']",False
144,10480.0,0.0,apache-ambari,org.apache.ambari.server.controller.ambarimanagementcontrollertest.testcreateclustersimple,1.0,"['new', 'null', 'null', 'null', 'try', 'catch', 'public', 'void', 'throws']",True
168,10504.0,1.0,apache-ambari,org.apache.ambari.server.controller.ambarimanagementcontrollertest.testgetservicecomponents,1.0,"['new', 'new', 'new', 'null', 'null', 'public', 'void', 'throws']",True
188,10525.0,1.0,apache-ambari,org.apache.ambari.server.controller.ambarimanagementcontrollertest.testrcaonjobtrackerhost,1.0,"['new', 'null', 'null', 'null', 'null', 'null', 'null', 'new', 'true', 'new', 'new', 'new', 'new', 'for', 'true', 'for', 'false', 'public', 'void', 'throws']",True
189,10526.0,1.0,apache-ambari,org.apache.ambari.server.controller.ambarimanagementcontrollertest.testconfigupdates,1.0,"['new', 'null', 'null', 'null', 'null', 'null', 'null', 'null', 'new', 'new', 'new', 'new', 'new', 'new', 'new', 'new', 'new', 'new', 'new', 'new', 'new', 'new', 'null', 'new', 'null', 'new', 'null', 'new', 'null', 'new', 'null', 'public', 'void', 'throws']",True
194,10531.0,1.0,apache-ambari,org.apache.ambari.server.controller.ganglia.gangliapropertyprovidertest.testgetmanyresources,0.0,"['new', 'new', 'new', 'new', 'new', 'new', 'new', 'new', 'new', 'null', 'for', 'public', 'void', 'throws']",False
196,10541.0,0.0,apache-ambari,org.apache.ambari.server.controller.internal.schemaimpltest.testgetcategories,0.0,"['new', 'public', 'void']",False
203,10548.0,1.0,apache-ambari,org.apache.ambari.server.controller.internal.clustercontrollerimpltest.testupdateresources,0.0,"['new', 'new', 'new', 'new', 'public', 'void', 'throws']",False
204,10549.0,1.0,apache-ambari,org.apache.ambari.server.controller.internal.clustercontrollerimpltest.testupdateresourcesresolvepredicate,0.0,"['new', 'new', 'new', 'new', 'public', 'void', 'throws']",False
210,10556.0,1.0,apache-ambari,org.apache.ambari.server.controller.internal.resourceproviderimpltest.testupdateclusterresources,0.0,"['class', 'class', 'new', 'new', 'null', 'null', 'class', 'null', 'null', 'null', 'new', 'new', 'new', 'new', 'public', 'void', 'throws']",False
219,10567.0,1.0,apache-ambari,org.apache.ambari.server.controller.predicate.greaterpredicatetest.testapply,0.0,"['new', 'new', 'public', 'void']",False
226,10574.0,1.0,apache-ambari,org.apache.ambari.server.controller.predicate.equalspredicatetest.testgetproperties,0.0,"['new', 'public', 'void']",False
250,10609.0,0.0,apache-ambari,org.apache.ambari.server.utils.teststageutils.testjasontoexecutioncommand,0.0,"['public', 'void', 'throws']",False
252,10613.0,1.0,apache-ambari,org.apache.ambari.server.state.servicetest.testcreateservice,0.0,"['public', 'void', 'throws']",False
264,10637.0,0.0,apache-ambari,org.apache.ambari.server.state.host.hosttest.testhostfsminit,0.0,"['public', 'void', 'throws']",False
265,10638.0,0.0,apache-ambari,org.apache.ambari.server.state.host.hosttest.testhostregistrationflow,0.0,"['boolean', 'false', 'try', 'catch', 'true', 'if', 'false', 'try', 'catch', 'true', 'if', 'public', 'void', 'throws']",False
286,10669.0,1.0,apache-ambari,org.apache.ambari.server.state.cluster.clusterstest.testaddandgetcluster,0.0,"['try', 'catch', 'try', 'catch', 'long', 'public', 'void', 'throws']",False
291,10679.0,0.0,apache-ambari,org.apache.ambari.server.bootstrap.bootstrapresourcetest.bootstrappost,0.0,"['class', 'public', 'void', 'throws']",False
292,10682.0,1.0,apache-ambari,org.apache.ambari.server.bootstrap.bootstraptest.testrun,1.0,"['new', 'new', 'new', 'new', 'new', 'int', 'while', 'public', 'void', 'throws']",False
3,10311.0,0.0,apache-ambari,org.apache.ambari.server.agent.testheartbeathandler.testregistration,0.0,"['new', 'null', 'null', 'new', 'new', 'new', 'new', 'new', 'public', 'void', 'throws']",False
5,10313.0,0.0,apache-ambari,org.apache.ambari.server.agent.testheartbeathandler.testinvalidosregistration,0.0,"['new', 'null', 'null', 'new', 'new', 'new', 'new', 'new', 'try', 'for', 'catch', 'public', 'void', 'throws']",False
11,10324.0,1.0,apache-ambari,org.apache.ambari.server.agent.agentresourcetest.agentheartbeat,0.0,"['new', 'class', 'public', 'void', 'throws']",False
35,10359.0,0.0,apache-ambari,org.apache.ambari.server.api.handlers.createhandlertest.testhandlerequest__synchronous,0.0,"['class', 'class', 'class', 'class', 'class', 'class', 'new', 'new', 'null', 'new', 'boolean', 'false', 'boolean', 'false', 'for', 'if', 'true', 'else', 'if', 'true', 'else', 'public', 'void']",False
41,10365.0,1.0,apache-ambari,org.apache.ambari.server.api.query.queryimpltest.testexecute__component_instance_nospecifiedprops,0.0,"['class', 'class', 'class', 'class', 'class', 'class', 'class', 'class', 'class', 'new', 'null', 'null', 'null', 'new', 'null', 'null', 'null', 'new', 'new', 'new', 'new', 'new', 'false', 'public', 'void', 'throws']",False
48,10372.0,0.0,apache-ambari,org.apache.ambari.server.api.query.queryimpltest.testaddproperty__localsubcategory,0.0,"['class', 'class', 'class', 'new', 'new', 'new', 'null', 'new', 'null', 'null', 'public', 'void']",False
54,10379.0,0.0,apache-ambari,org.apache.ambari.server.api.services.hostservicetest.testcreatehosts,0.0,"['class', 'class', 'new', 'class', 'class', 'class', 'class', 'class', 'class', 'class', 'class', 'false', 'false', 'new', 'null', 'public', 'void']",False
75,10405.0,1.0,apache-ambari,org.apache.ambari.server.api.services.updatepersistencemanagertest.testpersist,0.0,"['class', 'class', 'class', 'class', 'class', 'class', 'class', 'new', 'new', 'new', 'null', 'new', 'public', 'void', 'throws']",False
88,10418.0,0.0,apache-ambari,org.apache.ambari.server.api.services.serviceservicetest.testcreateservice,0.0,"['class', 'class', 'new', 'class', 'class', 'class', 'class', 'class', 'class', 'class', 'class', 'false', 'false', 'new', 'public', 'void']",False
104,10434.0,1.0,apache-ambari,org.apache.ambari.server.api.services.parsers.jsonpropertyparsertest.testparse,0.0,"['new', 'new', 'true', 'true', 'false', 'false', 'public', 'void', 'throws']",False
123,10453.0,1.0,apache-ambari,org.apache.ambari.server.controller.utilities.predicatebuildertest.testequalsfloat,0.0,"['new', 'float', 'new', 'new', 'public', 'void']",False
124,10454.0,1.0,apache-ambari,org.apache.ambari.server.controller.utilities.predicatebuildertest.testequalsdouble,0.0,"['new', 'new', 'new', 'public', 'void']",False
131,10461.0,1.0,apache-ambari,org.apache.ambari.server.controller.utilities.predicatebuildertest.testgreaterthanequaltofloat,0.0,"['new', 'float', 'new', 'float', 'new', 'float', 'public', 'void']",False
148,10484.0,1.0,apache-ambari,org.apache.ambari.server.controller.ambarimanagementcontrollertest.testcreateclusterwithinvalidrequest,1.0,"['new', 'null', 'null', 'null', 'null', 'try', 'for', 'catch', 'new', 'try', 'for', 'catch', 'null', 'try', 'for', 'catch', 'public', 'void']",True
150,10486.0,1.0,apache-ambari,org.apache.ambari.server.controller.ambarimanagementcontrollertest.testcreateserviceswithinvalidrequest,1.0,"['new', 'try', 'new', 'null', 'null', 'null', 'null', 'for', 'catch', 'try', 'new', 'null', 'null', 'null', 'for', 'catch', 'try', 'new', 'null', 'null', 'for', 'catch', 'new', 'new', 'try', 'new', 'null', 'null', 'new', 'null', 'null', 'for', 'catch', 'try', 'new', 'null', 'null', 'for', 'catch', 'try', 'new', 'null', 'null', 'new', 'null', 'null', 'for', 'catch', 'new', 'null', 'null', 'try', 'new', 'null', 'null', 'new', 'null', 'null', 'for', 'catch', 'public', 'void', 'throws']",True
158,10494.0,0.0,apache-ambari,org.apache.ambari.server.controller.ambarimanagementcontrollertest.testcreateservicecomponenthostmultiple,1.0,"['null', 'new', 'new', 'null', 'new', 'null', 'new', 'null', 'new', 'null', 'public', 'void', 'throws']",True
166,10502.0,1.0,apache-ambari,org.apache.ambari.server.controller.ambarimanagementcontrollertest.testgetservices,1.0,"['new', 'new', 'new', 'null', 'null', 'null', 'public', 'void', 'throws']",True
173,10509.0,1.0,apache-ambari,org.apache.ambari.server.controller.ambarimanagementcontrollertest.testserviceupdatebasic,1.0,"['new', 'new', 'try', 'new', 'null', 'for', 'catch', 'new', 'null', 'public', 'void', 'throws']",True
230,10578.0,1.0,apache-ambari,org.apache.ambari.server.controller.predicate.greaterequalspredicatetest.testapply,0.0,"['new', 'new', 'public', 'void']",False
236,10585.0,0.0,apache-ambari,org.apache.ambari.server.actionmanager.testactionscheduler.testactiontimeout,0.0,"['new', 'class', 'class', 'class', 'class', 'class', 'new', 'new', 'new', 'false', 'while', 'public', 'void', 'throws']",False
241,10592.0,1.0,apache-ambari,org.apache.ambari.server.actionmanager.testactionmanager.testlargelogs,0.0,"['class', 'new', 'new', 'new', 'new', 'new', 'byte', 'new', 'byte', 'public', 'void']",False
243,10597.0,1.0,apache-ambari,org.apache.ambari.server.actionmanager.testactiondbaccessorimpl.testgetstagesinprogress,0.0,"['public', 'void']",False
249,10608.0,1.0,apache-ambari,org.apache.ambari.server.utils.teststageutils.testjaxbtostring,0.0,"['for', 'public', 'void', 'throws']",False
251,10610.0,1.0,apache-ambari,org.apache.ambari.server.utils.teststageutils.testgetclusterhostinfo,0.0,"['class', 'new', 'public', 'void', 'throws']",False
254,10615.0,0.0,apache-ambari,org.apache.ambari.server.state.servicetest.testaddandgetservicecomponents,0.0,"['new', 'try', 'for', 'catch', 'public', 'void', 'throws']",False
261,10625.0,1.0,apache-ambari,org.apache.ambari.server.state.servicecomponenttest.testconverttoresponse,0.0,"['new', 'new', 'public', 'void', 'throws']",False
279,10659.0,0.0,apache-ambari,org.apache.ambari.server.state.cluster.clustertest.testsethoststate,0.0,"['public', 'void', 'throws']",False
281,10662.0,1.0,apache-ambari,org.apache.ambari.server.state.cluster.clustertest.testaddandgetservices,0.0,"['try', 'catch', 'try', 'for', 'catch', 'public', 'void', 'throws']",False
282,10663.0,0.0,apache-ambari,org.apache.ambari.server.state.cluster.clustertest.testgetservicecomponenthosts,0.0,"['false', 'public', 'void', 'throws']",False
4,10312.0,0.0,apache-ambari,org.apache.ambari.server.agent.testheartbeathandler.testregistrationpublichostname,0.0,"['new', 'null', 'null', 'new', 'new', 'new', 'new', 'new', 'public', 'void', 'throws']",False
13,10328.0,1.0,apache-ambari,org.apache.ambari.server.agent.testheartbeatmonitor.teststatecommandsgeneration,0.0,"['class', 'new', 'new', 'new', 'class', 'new', 'new', 'new', 'new', 'new', 'new', 'for', 'boolean', 'false', 'boolean', 'false', 'boolean', 'false', 'for', 'true', 'true', 'true', 'for', 'public', 'void', 'throws']",False
18,10335.0,0.0,apache-ambari,org.apache.ambari.server.security.authorization.testusers.testpromoteuser,0.0,"['public', 'void', 'throws']",False
43,10367.0,1.0,apache-ambari,org.apache.ambari.server.api.query.queryimpltest.testexecute__collection_nullinternalpredicate_nulluserpredicate,0.0,"['class', 'class', 'class', 'class', 'class', 'new', 'null', 'new', 'null', 'null', 'null', 'new', 'new', 'true', 'public', 'void', 'throws']",False
52,10377.0,0.0,apache-ambari,org.apache.ambari.server.api.services.hostservicetest.testgethosts,0.0,"['class', 'class', 'new', 'class', 'class', 'class', 'class', 'class', 'class', 'class', 'class', 'class', 'true', 'true', 'new', 'null', 'public', 'void']",False
62,10390.0,0.0,apache-ambari,org.apache.ambari.server.api.services.ambarimetainfotest.getcomponentsbyservice,0.0,"['public', 'void']",False
63,10391.0,0.0,apache-ambari,org.apache.ambari.server.api.services.ambarimetainfotest.getrepository,0.0,"['public', 'void']",False
67,10395.0,0.0,apache-ambari,org.apache.ambari.server.api.services.ambarimetainfotest.testservicenameusingcomponentname,0.0,"['public', 'void']",False
85,10415.0,1.0,apache-ambari,org.apache.ambari.server.api.services.createpersistencemanagertest.testpersist__multipleresources,0.0,"['class', 'class', 'class', 'class', 'class', 'new', 'new', 'new', 'new', 'new', 'null', 'new', 'public', 'void', 'throws']",False
109,10439.0,1.0,apache-ambari,org.apache.ambari.server.controller.utilities.predicatebuildertest.testsimplenot,0.0,"['new', 'new', 'new', 'public', 'void']",False
112,10442.0,1.0,apache-ambari,org.apache.ambari.server.controller.utilities.predicatebuildertest.testsimpleandnot,0.0,"['new', 'new', 'new', 'public', 'void']",False
118,10448.0,1.0,apache-ambari,org.apache.ambari.server.controller.utilities.predicatebuildertest.testnestedblocks,0.0,"['new', 'new', 'new', 'public', 'void']",False
134,10464.0,1.0,apache-ambari,org.apache.ambari.server.controller.utilities.predicatebuildertest.testlessinteger,0.0,"['new', 'new', 'new', 'public', 'void']",False
136,10466.0,1.0,apache-ambari,org.apache.ambari.server.controller.utilities.predicatebuildertest.testlessdouble,0.0,"['new', 'new', 'new', 'public', 'void']",False
146,10482.0,0.0,apache-ambari,org.apache.ambari.server.controller.ambarimanagementcontrollertest.testcreateclusterwithhostmapping,1.0,"['new', 'new', 'null', 'try', 'for', 'catch', 'try', 'for', 'catch', 'public', 'void', 'throws']",True
147,10483.0,0.0,apache-ambari,org.apache.ambari.server.controller.ambarimanagementcontrollertest.testcreateclusterwithdesiredclusterconfigs,1.0,"['public', 'void']",True
149,10485.0,1.0,apache-ambari,org.apache.ambari.server.controller.ambarimanagementcontrollertest.testcreateservicessimple,1.0,"['new', 'new', 'null', 'null', 'public', 'void', 'throws']",True
153,10489.0,0.0,apache-ambari,org.apache.ambari.server.controller.ambarimanagementcontrollertest.testcreateservicecomponentsimple,1.0,"['null', 'try', 'for', 'catch', 'try', 'catch', 'new', 'null', 'null', 'null', 'public', 'void', 'throws']",True
186,10523.0,0.0,apache-ambari,org.apache.ambari.server.controller.ambarimanagementcontrollertest.testupdateusers,1.0,"['new', 'new', 'public', 'void', 'throws']",True
193,10530.0,1.0,apache-ambari,org.apache.ambari.server.controller.ganglia.gangliapropertyprovidertest.testgetresources,0.0,"['new', 'new', 'new', 'new', 'new', 'new', 'null', 'public', 'void', 'throws']",False
207,10552.0,1.0,apache-ambari,org.apache.ambari.server.controller.internal.clustercontrollerimpltest.testgetschema,0.0,"['new', 'new', 'for', 'for', 'for', 'for', 'public', 'void']",False
218,10566.0,1.0,apache-ambari,org.apache.ambari.server.controller.predicate.orpredicatetest.testgetproperties,0.0,"['new', 'new', 'new', 'new', 'public', 'void']",False
220,10568.0,1.0,apache-ambari,org.apache.ambari.server.controller.predicate.greaterpredicatetest.testgetproperties,0.0,"['new', 'public', 'void']",False
231,10579.0,1.0,apache-ambari,org.apache.ambari.server.controller.predicate.greaterequalspredicatetest.testgetproperties,0.0,"['new', 'public', 'void']",False
244,10598.0,1.0,apache-ambari,org.apache.ambari.server.actionmanager.testactiondbaccessorimpl.testgetstagesinprogresswithfailures,0.0,"['public', 'void']",False
253,10614.0,1.0,apache-ambari,org.apache.ambari.server.state.servicetest.testgetandsetserviceinfo,0.0,"['new', 'public', 'void', 'throws']",False
263,10630.0,0.0,apache-ambari,org.apache.ambari.server.state.host.hosttest.testhostos,0.0,"['class', 'class', 'class', 'class', 'new', 'public', 'void', 'throws']",False
269,10647.0,0.0,apache-ambari,org.apache.ambari.server.state.svccomphost.servicecomponenthosttest.testclientstateflow,0.0,"['true', 'boolean', 'false', 'try', 'catch', 'true', 'public', 'void', 'throws']",False
284,10665.0,1.0,apache-ambari,org.apache.ambari.server.state.cluster.clustertest.testconverttoresponse,0.0,"['new', 'public', 'void', 'throws']",False
