,id,nameProject,testCase,isFlaky,prediction
5,6050.0,okhttp,com.squareup.okhttp.internal.bitarraytest.clearbits_fixedcapacity,False,True
10,6055.0,okhttp,com.squareup.okhttp.internal.bitarraytest.shiftleftacrossoffset_variablecapacity,False,False
36,6088.0,okhttp,com.squareup.okhttp.asyncapitest.cache,False,False
42,6095.0,okhttp,com.squareup.okhttp.asyncapitest.canceledafterresponseisdelivereddoesnothing,False,False
47,6106.0,okhttp,com.squareup.okhttp.connectionpooltest.getspdyconnection,False,False
57,6116.0,okhttp,com.squareup.okhttp.connectionpooltest.sharehttpconnectionfails,False,False
73,6133.0,okhttp,com.squareup.okhttp.mediatypetest.testdefaultcharset,False,False
75,6141.0,okhttp,com.squareup.okhttp.internal.http.responsecacheadaptertest.put_uriandclass,False,True
79,6149.0,okhttp,com.squareup.okhttp.internal.http.responsecacheadaptertest.put_responsechangesforbidden,False,True
89,6175.0,okhttp,com.squareup.okhttp.internal.http.routeselectortest.explicitproxytriesthatproxiesaddressesonly,False,False
91,6177.0,okhttp,com.squareup.okhttp.internal.http.routeselectortest.proxyselectorreturnsnull,False,False
94,6180.0,okhttp,com.squareup.okhttp.internal.http.routeselectortest.proxyselectordirectconnectionsareskipped,False,False
97,6183.0,okhttp,com.squareup.okhttp.internal.http.routeselectortest.sslerroraddsonlyfailedtlsmodetofailedroute,False,False
102,6192.0,okhttp,com.squareup.okhttp.internal.http.urlconnectiontest.responseheaders,True,False
108,6198.0,okhttp,com.squareup.okhttp.internal.http.urlconnectiontest.requestbodysurvivesretrieswithfixedlength,True,True
124,6216.0,okhttp,com.squareup.okhttp.internal.http.urlconnectiontest.fixedlengthupload_bytebybyte,False,True
130,6223.0,okhttp,com.squareup.okhttp.internal.http.urlconnectiontest.connectviahttpsreusingconnections,False,False
140,6234.0,okhttp,com.squareup.okhttp.internal.http.urlconnectiontest.connectviahttpproxytohttpsusingproxyargwithnoproxy,False,True
148,6245.0,okhttp,com.squareup.okhttp.internal.http.urlconnectiontest.proxywithconnectionclose,False,True
155,6253.0,okhttp,com.squareup.okhttp.internal.http.urlconnectiontest.markandresetwithnolengthheaders,False,True
161,6260.0,okhttp,com.squareup.okhttp.internal.http.urlconnectiontest.gzipandconnectionreusewithfixedlength,False,True
164,6263.0,okhttp,com.squareup.okhttp.internal.http.urlconnectiontest.gzipandconnectionreusewithchunkedencodingandtls,False,True
209,6316.0,okhttp,com.squareup.okhttp.internal.http.urlconnectiontest.response303seeotherwithpost,True,True
210,6318.0,okhttp,com.squareup.okhttp.internal.http.urlconnectiontest.redirectedpoststripsrequestbodyheaders,False,False
225,6334.0,okhttp,com.squareup.okhttp.internal.http.urlconnectiontest.responsecodedisagreeswithheaders,False,True
227,6336.0,okhttp,com.squareup.okhttp.internal.http.urlconnectiontest.flushafterstreamtransmittedwithchunkedencoding,False,True
232,6342.0,okhttp,com.squareup.okhttp.internal.http.urlconnectiontest.malformedurlthrowsunknownhostexception,False,True
233,6343.0,okhttp,com.squareup.okhttp.internal.http.urlconnectiontest.getkeepalive,False,True
253,6368.0,okhttp,com.squareup.okhttp.internal.http.urlconnectiontest.postfailswithfixedlengthrequestforsmallrequest,True,True
266,6391.0,okhttp,com.squareup.okhttp.internal.http.urlconnectiontest.zerolengthpost_http_2,False,True
268,6393.0,okhttp,com.squareup.okhttp.internal.http.urlconnectiontest.zerolengthput_spdy_3,False,True
271,6397.0,okhttp,com.squareup.okhttp.internal.http.urlconnectiontest.setprotocolswithouthttp11,True,True
281,6436.0,okhttp,com.squareup.okhttp.internal.http.statuslinetest.protocolversions,False,False
284,6439.0,okhttp,com.squareup.okhttp.internal.http.statuslinetest.wrongmessagedelimiter,False,True
285,6441.0,okhttp,com.squareup.okhttp.internal.http.headerstest.parsenamevalueblock,False,False
308,6472.0,okhttp,com.squareup.okhttp.internal.http.responsecachetest.defaultexpirationdateconditionallycached,False,False
321,6485.0,okhttp,com.squareup.okhttp.internal.http.responsecachetest.maxagepreferredoverlowersharedmaxage,True,True
339,6505.0,okhttp,com.squareup.okhttp.internal.http.responsecachetest.notmodifiedspecifiesencoding,False,False
353,6520.0,okhttp,com.squareup.okhttp.internal.http.responsecachetest.setifmodifiedsince,True,False
362,6530.0,okhttp,com.squareup.okhttp.internal.http.responsecachetest.defaultusecachessetsinitialvalueonly,False,True
394,6601.0,okhttp,com.squareup.okhttp.internal.http.httpresponsecachetest.serverdisconnectsprematurelywithnolengthheaders,False,False
398,6607.0,okhttp,com.squareup.okhttp.internal.http.httpresponsecachetest.defaultexpirationdatefullycachedforlessthan24hours,False,False
400,6609.0,okhttp,com.squareup.okhttp.internal.http.httpresponsecachetest.defaultexpirationdatefullycachedformorethan24hours,False,False
402,6611.0,okhttp,com.squareup.okhttp.internal.http.httpresponsecachetest.expirationdateinthepastwithlastmodifiedheader,True,False
418,6627.0,okhttp,com.squareup.okhttp.internal.http.httpresponsecachetest.requestmethodputisnotcached,False,False
422,6632.0,okhttp,com.squareup.okhttp.internal.http.httpresponsecachetest.putinvalidatescache,False,False
439,6651.0,okhttp,com.squareup.okhttp.internal.http.httpresponsecachetest.expiresdatebeforemodifieddate,False,False
440,6652.0,okhttp,com.squareup.okhttp.internal.http.httpresponsecachetest.requestmaxage,False,False
444,6656.0,okhttp,com.squareup.okhttp.internal.http.httpresponsecachetest.requestonlyifcachedwithnoresponsecached,False,False
445,6657.0,okhttp,com.squareup.okhttp.internal.http.httpresponsecachetest.requestonlyifcachedwithfullresponsecached,False,False
448,6660.0,okhttp,com.squareup.okhttp.internal.http.httpresponsecachetest.requestcachecontrolnocache,False,False
457,6670.0,okhttp,com.squareup.okhttp.internal.http.httpresponsecachetest.authorizationresponsecachedwithpublic,False,False
460,6674.0,okhttp,com.squareup.okhttp.internal.http.httpresponsecachetest.usecachesfalsedoesnotwritetocache,False,False
463,6677.0,okhttp,com.squareup.okhttp.internal.http.httpresponsecachetest.connectionisreturnedtopoolafterconditionalsuccess,False,False
479,6693.0,okhttp,com.squareup.okhttp.internal.http.httpresponsecachetest.cachepluscookies,False,False
510,6753.0,okhttp,com.squareup.okhttp.internal.spdy.spdyconnectiontest.replywithnodata,True,True
518,6762.0,okhttp,com.squareup.okhttp.internal.spdy.spdyconnectiontest.peerhttp2clientdisablespush,False,True
520,6764.0,okhttp,com.squareup.okhttp.internal.spdy.spdyconnectiontest.multiplesettingsframesaremerged,False,True
528,6772.0,okhttp,com.squareup.okhttp.internal.spdy.spdyconnectiontest.remotedoublesynreply,False,True
530,6775.0,okhttp,com.squareup.okhttp.internal.spdy.spdyconnectiontest.remotesendsdataafterinfinished,True,True
545,6788.0,okhttp,com.squareup.okhttp.internal.spdy.spdyconnectiontest.readsendswindowupdate,True,True
555,6795.0,okhttp,com.squareup.okhttp.internal.spdy.spdyconnectiontest.clientsendsemptydataserverdoesntsendwindowupdate,False,True
614,6891.0,okhttp,com.squareup.okhttp.internal.spdy.hpackdraft05test.prefixmaskminusone,False,False
655,6948.0,okhttp,okio.okbuffertest.writeprefixdoesntsplitbutrequirescompact,False,False
671,6964.0,okhttp,okio.okbuffertest.readint,False,False
677,6970.0,okhttp,okio.okbuffertest.clonedoesnotobservewritestooriginal,False,False
678,6971.0,okhttp,okio.okbuffertest.clonedoesnotobservereadsfromoriginal,False,False
681,6974.0,okhttp,okio.okbuffertest.clonemultiplesegments,False,False
691,6983.0,okhttp,okio.inflatersourcetest.inflatepoorlycompressed,False,True
696,6991.0,okhttp,okio.gzipsourcetest.gunzip_withhcrc,False,True
697,6992.0,okhttp,okio.gzipsourcetest.gunzip_withextra,False,True
699,6994.0,okhttp,okio.gzipsourcetest.gunzip_withcomment,False,True
704,7000.0,okhttp,okio.gzipsourcetest.gunzipexhaustssource,False,False
720,7018.0,okhttp,okio.bytestringtest.decodebase64withwhitespace,False,False
725,7023.0,okhttp,okio.bytestringtest.tostringonemptybytestring,False,False
735,7038.0,okhttp,okio.realbufferedsinktest.outputstreamfromsink,False,False
751,7057.0,okhttp,com.squareup.okhttp.apache.okapacheclienttest.redirect,False,False
755,7061.0,okhttp,com.squareup.okhttp.apache.okapacheclienttest.postbyteentity,False,False
776,7084.0,okhttp,com.squareup.okhttp.curl.maintest.put,False,False
13,6058.0,okhttp,com.squareup.okhttp.internal.bitarraytest.bigintegersanitycheck_variablecapacity,False,True
18,6064.0,okhttp,com.squareup.okhttp.requesttest.file,False,False
25,6073.0,okhttp,com.squareup.okhttp.dispatchertest.increasingmaxperhostpromotesjobsimmediately,False,False
31,6083.0,okhttp,com.squareup.okhttp.asyncapitest.get,False,False
34,6086.0,okhttp,com.squareup.okhttp.asyncapitest.recoverfromtlshandshakefailure,False,False
38,6090.0,okhttp,com.squareup.okhttp.asyncapitest.redirectwithredirectsdisabled,False,False
40,6092.0,okhttp,com.squareup.okhttp.asyncapitest.doesnotfollow21redirects,False,False
59,6118.0,okhttp,com.squareup.okhttp.connectionpooltest.validateidlespdyconnectiontimeout,False,False
61,6120.0,okhttp,com.squareup.okhttp.connectionpooltest.maxconnections,False,False
63,6122.0,okhttp,com.squareup.okhttp.connectionpooltest.evictallconnections,False,False
67,6127.0,okhttp,com.squareup.okhttp.mediatypetest.testparsewithspecialcharacters,False,False
70,6130.0,okhttp,com.squareup.okhttp.mediatypetest.testmultiplecharsets,False,False
76,6143.0,okhttp,com.squareup.okhttp.internal.http.responsecacheadaptertest.put_requestheaderspartlyunavailable,False,False
80,6151.0,okhttp,com.squareup.okhttp.internal.http.responsecacheadaptertest.put_responseheadersok,False,False
105,6195.0,okhttp,com.squareup.okhttp.internal.http.urlconnectiontest.serversendsinvalidcodenotanumber,False,True
113,6204.0,okhttp,com.squareup.okhttp.internal.http.urlconnectiontest.bug2939,False,True
119,6210.0,okhttp,com.squareup.okhttp.internal.http.urlconnectiontest.servershutdownoutput,True,True
128,6221.0,okhttp,com.squareup.okhttp.internal.http.urlconnectiontest.connectviahttps,False,False
138,6232.0,okhttp,com.squareup.okhttp.internal.http.urlconnectiontest.contentdisagreeswithcontentlengthheader,False,True
145,6241.0,okhttp,com.squareup.okhttp.internal.http.urlconnectiontest.connectviahttpproxytohttpsusingbadproxyandhttpresponsecache,True,True
146,6243.0,okhttp,com.squareup.okhttp.internal.http.urlconnectiontest.proxyconnectincludesproxyheadersonly,False,False
147,6244.0,okhttp,com.squareup.okhttp.internal.http.urlconnectiontest.proxyauthenticateonconnect,False,False
181,6286.0,okhttp,com.squareup.okhttp.internal.http.urlconnectiontest.cannotsetnegativefixedlengthstreamingmode,True,True
191,6297.0,okhttp,com.squareup.okhttp.internal.http.urlconnectiontest.authenticaterealmuppercase,True,True
198,6305.0,okhttp,com.squareup.okhttp.internal.http.urlconnectiontest.redirectedfromhttpstohttpfollowingprotocolredirects,False,False
199,6306.0,okhttp,com.squareup.okhttp.internal.http.urlconnectiontest.redirectedfromhttptohttpsfollowingprotocolredirects,False,True
211,6319.0,okhttp,com.squareup.okhttp.internal.http.urlconnectiontest.response305useproxy,True,False
212,6320.0,okhttp,com.squareup.okhttp.internal.http.urlconnectiontest.response307withget,False,True
215,6323.0,okhttp,com.squareup.okhttp.internal.http.urlconnectiontest.response307withpost,True,True
228,6337.0,okhttp,com.squareup.okhttp.internal.http.urlconnectiontest.flushafterstreamtransmittedwithfixedlength,False,True
247,6361.0,okhttp,com.squareup.okhttp.internal.http.urlconnectiontest.inputstreamavailablewithcontentlengthheader,True,True
259,6380.0,okhttp,com.squareup.okhttp.internal.http.urlconnectiontest.emptyrequestheadernameisstrict,False,True
265,6390.0,okhttp,com.squareup.okhttp.internal.http.urlconnectiontest.zerolengthpost_spdy_3,False,True
291,6450.0,okhttp,com.squareup.okhttp.internal.http.responsecachetest.responsecachingandinputstreamskipwithfixedlength,False,True
301,6463.0,okhttp,com.squareup.okhttp.internal.http.responsecachetest.serverdisconnectsprematurelywithcontentlengthheader,False,True
304,6467.0,okhttp,com.squareup.okhttp.internal.http.responsecachetest.clientprematuredisconnectwithcontentlengthheader,True,True
318,6482.0,okhttp,com.squareup.okhttp.internal.http.responsecachetest.maxageinthefuturewithnodateheader,False,True
322,6486.0,okhttp,com.squareup.okhttp.internal.http.responsecachetest.maxagepreferredoverhighermaxage,False,True
324,6488.0,okhttp,com.squareup.okhttp.internal.http.responsecachetest.responsecachecanignore,False,True
331,6496.0,okhttp,com.squareup.okhttp.internal.http.responsecachetest.pragmanocache,False,True
333,6498.0,okhttp,com.squareup.okhttp.internal.http.responsecachetest.cachecontrolnostore,False,True
344,6510.0,okhttp,com.squareup.okhttp.internal.http.responsecachetest.requestmaxstalenothonoredwithmustrevalidate,False,True
350,6516.0,okhttp,com.squareup.okhttp.internal.http.responsecachetest.requestpragmanocache,True,True
369,6537.0,okhttp,com.squareup.okhttp.internal.http.responsecachetest.getheadersretainscached200levelwarnings,False,False
373,6542.0,okhttp,com.squareup.okhttp.internal.http.responsecachetest.responsesourceheaderconditionalcachefetched,False,True
382,6587.0,okhttp,com.squareup.okhttp.internal.http.httpresponsecachetest.responsecachingandinputstreamskipwithfixedlength,False,False
411,6620.0,okhttp,com.squareup.okhttp.internal.http.httpresponsecachetest.maxageinthefuturewithdateandlastmodifiedheaders,False,False
414,6623.0,okhttp,com.squareup.okhttp.internal.http.httpresponsecachetest.requestmethodoptionsisnotcached,False,False
432,6643.0,okhttp,com.squareup.okhttp.internal.http.httpresponsecachetest.cachecontrolnostore,False,False
488,6703.0,okhttp,com.squareup.okhttp.internal.http.httpresponsecachetest.responsesourceheaderconditionalcachenotfetched,True,False
499,6737.0,okhttp,com.squareup.okhttp.internal.tls.hostnameverifiertest.verifywilcardcnontld,False,True
501,6740.0,okhttp,com.squareup.okhttp.internal.tls.hostnameverifiertest.wildcardscannotmatchipaddresses,False,True
502,6741.0,okhttp,com.squareup.okhttp.internal.tls.hostnameverifiertest.wildcardsdoesnotneedtwodots,False,True
505,6744.0,okhttp,com.squareup.okhttp.internal.tls.hostnameverifiertest.verifyasipaddress,False,False
529,6773.0,okhttp,com.squareup.okhttp.internal.spdy.spdyconnectiontest.remotedoublesynstream,False,True
548,6790.0,okhttp,com.squareup.okhttp.internal.spdy.spdyconnectiontest.readsendswindowupdate,True,True
556,6797.0,okhttp,com.squareup.okhttp.internal.spdy.spdyconnectiontest.clientsendsemptydataserverdoesntsendwindowupdate,False,True
579,6835.0,okhttp,com.squareup.okhttp.internal.spdy.http20draft09test.pushpromise,False,False
581,6833.0,okhttp,com.squareup.okhttp.internal.spdy.http20draft09test.pushpromise,False,False
587,6842.0,okhttp,com.squareup.okhttp.internal.spdy.http20draft09test.maxlengthdataframe,False,True
594,6853.0,okhttp,com.squareup.okhttp.internal.spdy.http20draft09test.streamidhasreservedbit,False,True
607,6878.0,okhttp,com.squareup.okhttp.internal.spdy.hpackdraft05test.readrequestexampleswithhuffman,False,False
616,6893.0,okhttp,com.squareup.okhttp.internal.spdy.hpackdraft05test.headername,False,False
628,6919.0,okhttp,okio.realbufferedsourcetest.inputstreamfromsourcebounds,False,False
651,6943.0,okhttp,okio.okbuffertest.movebytesbetweenbuffersmultiplesegments,False,False
661,6954.0,okhttp,okio.okbuffertest.indexofwithoffset,False,False
674,6967.0,okhttp,okio.okbuffertest.getbyteofemptybuffer,False,False
680,6973.0,okhttp,okio.okbuffertest.originaldoesnotobservereadsfromclone,False,False
693,7003.0,okhttp,okio.gzipsourcetest.gunzip,False,False
717,7015.0,okhttp,okio.bytestringtest.encodebase64,False,False
723,7021.0,okhttp,okio.bytestringtest.decodehexoddnumberofchars,False,False
730,7029.0,okhttp,okio.deflatersinktest.deflatewellcompressed,False,False
766,7073.0,okhttp,com.squareup.okhttp.mockwebserver.mockwebservertest.testexpect100continuewithbody,False,False
767,7074.0,okhttp,com.squareup.okhttp.mockwebserver.mockwebservertest.testexpect100continuewithnobody,False,False
769,7076.0,okhttp,com.squareup.okhttp.mockwebserver.mockwebservertest.testredirect,False,False
774,7082.0,okhttp,com.squareup.okhttp.mockwebserver.mockwebservertest.teststreamingresponsebody,False,False
777,7085.0,okhttp,com.squareup.okhttp.curl.maintest.datapost,False,False
778,7086.0,okhttp,com.squareup.okhttp.curl.maintest.dataput,False,False
781,7089.0,okhttp,com.squareup.okhttp.curl.maintest.useragent,False,False
20,6068.0,okhttp,com.squareup.okhttp.dispatchertest.maxperhostzero,False,False
23,6071.0,okhttp,com.squareup.okhttp.dispatchertest.maxperhostenforced,False,False
24,6072.0,okhttp,com.squareup.okhttp.dispatchertest.increasingmaxrequestspromotesjobsimmediately,False,False
62,6121.0,okhttp,com.squareup.okhttp.connectionpooltest.connectioncleanup,False,False
71,6131.0,okhttp,com.squareup.okhttp.mediatypetest.testillegalcharsetname,False,False
77,6145.0,okhttp,com.squareup.okhttp.internal.http.responsecacheadaptertest.put_requestchangesforbidden,False,True
87,6173.0,okhttp,com.squareup.okhttp.internal.http.routeselectortest.singleroute,False,False
92,6178.0,okhttp,com.squareup.okhttp.internal.http.routeselectortest.proxyselectorreturnsnoproxies,False,False
95,6181.0,okhttp,com.squareup.okhttp.internal.http.routeselectortest.proxydnsfailurecontinuestonextproxy,False,False
111,6202.0,okhttp,com.squareup.okhttp.internal.http.urlconnectiontest.geterrorstreamonsuccessfulrequest,False,True
114,6205.0,okhttp,com.squareup.okhttp.internal.http.urlconnectiontest.bug10100,False,False
123,6215.0,okhttp,com.squareup.okhttp.internal.http.urlconnectiontest.chunkedupload_largebuffers,False,True
134,6227.0,okhttp,com.squareup.okhttp.internal.http.urlconnectiontest.connectviahttpstountrustedserver,False,True
136,6229.0,okhttp,com.squareup.okhttp.internal.http.urlconnectiontest.connectviaproxyusingproxysystemproperty,True,True
203,6309.0,okhttp,com.squareup.okhttp.internal.http.urlconnectiontest.redirecttoanotheroriginserver,False,False
223,6332.0,okhttp,com.squareup.okhttp.internal.http.urlconnectiontest.connectionclosewithredirect,False,True
229,6338.0,okhttp,com.squareup.okhttp.internal.http.urlconnectiontest.flushafterstreamtransmittedwithnolengthheaders,False,True
250,6365.0,okhttp,com.squareup.okhttp.internal.http.urlconnectiontest.postfailswithbufferedrequestforlargerequest,False,True
254,6369.0,okhttp,com.squareup.okhttp.internal.http.urlconnectiontest.postfailswithfixedlengthrequestforlargerequest,True,True
255,6371.0,okhttp,com.squareup.okhttp.internal.http.urlconnectiontest.fullybufferedpostistooshort,True,True
260,6381.0,okhttp,com.squareup.okhttp.internal.http.urlconnectiontest.emptyresponseheadernameislenient,True,True
279,6434.0,okhttp,com.squareup.okhttp.internal.http.statuslinetest.shoutcast,False,False
298,6458.0,okhttp,com.squareup.okhttp.internal.http.responsecachetest.secureresponsecachingandredirects,False,False
299,6459.0,okhttp,com.squareup.okhttp.internal.http.responsecachetest.secureresponsecachingandprotocolredirects,False,False
309,6473.0,okhttp,com.squareup.okhttp.internal.http.responsecachetest.defaultexpirationdatefullycachedformorethan24hours,False,False
313,6477.0,okhttp,com.squareup.okhttp.internal.http.responsecachetest.expirationdateinthefuture,False,True
314,6478.0,okhttp,com.squareup.okhttp.internal.http.responsecachetest.maxagepreferredwithmaxageandexpires,True,True
316,6480.0,okhttp,com.squareup.okhttp.internal.http.responsecachetest.maxageinthepastwithdateheaderbutnolastmodifiedheader,False,True
329,6494.0,okhttp,com.squareup.okhttp.internal.http.responsecachetest.cachecontrolnocache,False,True
351,6517.0,okhttp,com.squareup.okhttp.internal.http.responsecachetest.clientsuppliedifmodifiedsincewithcachedresult,False,False
364,6532.0,okhttp,com.squareup.okhttp.internal.http.responsecachetest.cachecanusecriteriabesidesvariantobeyed,True,False
365,6533.0,okhttp,com.squareup.okhttp.internal.http.responsecachetest.cachepluscookies,False,False
378,6578.0,okhttp,com.squareup.okhttp.internal.http.httpresponsecachetest.originserversends407,False,False
379,6579.0,okhttp,com.squareup.okhttp.internal.http.httpresponsecachetest.responsecaching_410,True,False
381,6583.0,okhttp,com.squareup.okhttp.internal.http.httpresponsecachetest.responsecachereturnsnulloutputstream,False,False
385,6591.0,okhttp,com.squareup.okhttp.internal.http.httpresponsecachetest.secureresponsecaching,False,False
391,6597.0,okhttp,com.squareup.okhttp.internal.http.httpresponsecachetest.responsecacherequestheaders,False,False
392,6599.0,okhttp,com.squareup.okhttp.internal.http.httpresponsecachetest.serverdisconnectsprematurelywithcontentlengthheader,False,False
395,6603.0,okhttp,com.squareup.okhttp.internal.http.httpresponsecachetest.clientprematuredisconnectwithcontentlengthheader,False,False
403,6612.0,okhttp,com.squareup.okhttp.internal.http.httpresponsecachetest.expirationdateinthepastwithnolastmodifiedheader,False,False
410,6619.0,okhttp,com.squareup.okhttp.internal.http.httpresponsecachetest.maxagewithlastmodifiedbutnoserveddate,False,False
416,6625.0,okhttp,com.squareup.okhttp.internal.http.httpresponsecachetest.requestmethodheadisnotcached,False,False
428,6639.0,okhttp,com.squareup.okhttp.internal.http.httpresponsecachetest.cachecontrolnocache,False,False
433,6644.0,okhttp,com.squareup.okhttp.internal.http.httpresponsecachetest.cachecontrolnostoreandexpirationdateinthefuture,False,False
465,6679.0,okhttp,com.squareup.okhttp.internal.http.httpresponsecachetest.statisticsconditionalcachehit,False,False
470,6684.0,okhttp,com.squareup.okhttp.internal.http.httpresponsecachetest.varymatchesaddedrequestheaderfield,False,False
473,6687.0,okhttp,com.squareup.okhttp.internal.http.httpresponsecachetest.varymultiplefieldswithmatch,False,False
481,6695.0,okhttp,com.squareup.okhttp.internal.http.httpresponsecachetest.getheadersreturnscachedhopbyhopheaders,False,False
483,6697.0,okhttp,com.squareup.okhttp.internal.http.httpresponsecachetest.getheadersretainscached200levelwarnings,False,False
485,6700.0,okhttp,com.squareup.okhttp.internal.http.httpresponsecachetest.conditionalhitupdatescache,False,False
493,6730.0,okhttp,com.squareup.okhttp.internal.tls.hostnameverifiertest.verifycn,False,False
508,6750.0,okhttp,com.squareup.okhttp.internal.spdy.spdyconnectiontest.clientcreatesstreamandserverreplieswithfin,False,True
517,6761.0,okhttp,com.squareup.okhttp.internal.spdy.spdyconnectiontest.peerhttp2serverzeroscompressiontable,True,True
521,6765.0,okhttp,com.squareup.okhttp.internal.spdy.spdyconnectiontest.bogusdataframedoesnotdisruptconnection,False,True
534,6780.0,okhttp,com.squareup.okhttp.internal.spdy.spdyconnectiontest.receivegoaway,True,False
543,6786.0,okhttp,com.squareup.okhttp.internal.spdy.spdyconnectiontest.headers,False,True
549,6789.0,okhttp,com.squareup.okhttp.internal.spdy.spdyconnectiontest.readsendswindowupdatehttp2,True,True
560,6798.0,okhttp,com.squareup.okhttp.internal.spdy.spdyconnectiontest.writeawaitswindowupdate,False,True
565,6803.0,okhttp,com.squareup.okhttp.internal.spdy.spdyconnectiontest.headerblockhastrailingcompressedbytes512,False,True
573,6830.0,okhttp,com.squareup.okhttp.internal.spdy.http20draft09test.headersframethencontinuation,False,True
582,6835.0,okhttp,com.squareup.okhttp.internal.spdy.http20draft09test.pushpromise,False,False
595,6860.0,okhttp,com.squareup.okhttp.internal.spdy.hpackdraft05test.largeheadervalue,False,False
596,6861.0,okhttp,com.squareup.okhttp.internal.spdy.hpackdraft05test.toolargetohpackisstillemitted,False,False
601,6866.0,okhttp,com.squareup.okhttp.internal.spdy.hpackdraft05test.literalheaderfieldwithoutindexingnewname,False,False
604,6869.0,okhttp,com.squareup.okhttp.internal.spdy.hpackdraft05test.toggleindex,False,False
619,6904.0,okhttp,com.squareup.okhttp.internal.spdy.spdy3test.badwindowsizeincrement,False,True
653,6946.0,okhttp,okio.okbuffertest.writesplitsourcebufferright,False,False
657,6950.0,okhttp,okio.okbuffertest.readzerobytesfromsource,False,False
679,6972.0,okhttp,okio.okbuffertest.originaldoesnotobservewritestoclone,False,False
690,6982.0,okhttp,okio.inflatersourcetest.inflatewellcompressed,False,False
698,6993.0,okhttp,okio.gzipsourcetest.gunzip_withname,False,False
702,6998.0,okhttp,okio.gzipsourcetest.gunzipwhencrcincorrect,False,False
712,7010.0,okhttp,okio.bytestringtest.toasciilowercasenouppercase,False,False
713,7011.0,okhttp,okio.bytestringtest.toasciialluppercase,False,False
740,7043.0,okhttp,okio.realbufferedsinktest.bufferedsinkflush,False,False
748,7051.0,okhttp,okio.realbufferedsinktest.closewithexceptionwhenwritingandclosing,False,False
758,7064.0,okhttp,com.squareup.okhttp.apache.okapacheclienttest.contentencoding,False,False
760,7066.0,okhttp,com.squareup.okhttp.apache.okapacheclienttest.jsontransparentgzipresponse,False,False
7,6052.0,okhttp,com.squareup.okhttp.internal.bitarraytest.togglebit_variablecapacity,False,True
14,6060.0,okhttp,com.squareup.okhttp.requesttest.string,False,False
21,6069.0,okhttp,com.squareup.okhttp.dispatchertest.enqueuedjobsrunimmediately,False,False
44,6101.0,okhttp,com.squareup.okhttp.asyncapitest.postbodyretransmittedonredirect,False,False
46,6105.0,okhttp,com.squareup.okhttp.connectionpooltest.poolprefersmostrecentlyrecycled,False,False
51,6110.0,okhttp,com.squareup.okhttp.connectionpooltest.expiredconnectionsareevicted,False,False
58,6117.0,okhttp,com.squareup.okhttp.connectionpooltest.recyclespdyconnectiondoesnothing,False,False
68,6128.0,okhttp,com.squareup.okhttp.mediatypetest.testcharsetisoneofmanyparameters,False,False
78,6147.0,okhttp,com.squareup.okhttp.internal.http.responsecacheadaptertest.connectionchangesforbidden,False,True
82,6157.0,okhttp,com.squareup.okhttp.internal.http.responsecacheadaptertest.put_accessiblerequestinfo_post,False,False
98,6184.0,okhttp,com.squareup.okhttp.internal.http.routeselectortest.multipleproxiesmultipleinetaddressesmultipletlsmodes,False,False
100,6190.0,okhttp,com.squareup.okhttp.internal.http.urlconnectiontest.requestheaders,False,True
101,6191.0,okhttp,com.squareup.okhttp.internal.http.urlconnectiontest.getrequestpropertyreturnslastvalue,True,True
107,6197.0,okhttp,com.squareup.okhttp.internal.http.urlconnectiontest.connectretriesuntilconnectedorfailed,True,True
125,6217.0,okhttp,com.squareup.okhttp.internal.http.urlconnectiontest.fixedlengthupload_smallbuffers,True,True
131,6224.0,okhttp,com.squareup.okhttp.internal.http.urlconnectiontest.connectviahttpsreusingconnectionsdifferentfactories,False,True
135,6228.0,okhttp,com.squareup.okhttp.internal.http.urlconnectiontest.connectviaproxyusingproxyarg,False,True
143,6238.0,okhttp,com.squareup.okhttp.internal.http.urlconnectiontest.connectviahttpproxytohttpsusingproxysystemproperty,False,True
149,6246.0,okhttp,com.squareup.okhttp.internal.http.urlconnectiontest.proxywithconnectionreuse,False,True
153,6251.0,okhttp,com.squareup.okhttp.internal.http.urlconnectiontest.markandresetwithcontentlengthheader,False,True
154,6252.0,okhttp,com.squareup.okhttp.internal.http.urlconnectiontest.markandresetwithchunkedencoding,False,True
180,6285.0,okhttp,com.squareup.okhttp.internal.http.urlconnectiontest.shoutcast,False,True
187,6292.0,okhttp,com.squareup.okhttp.internal.http.urlconnectiontest.securefixedlengthstreaming,False,True
194,6300.0,okhttp,com.squareup.okhttp.internal.http.urlconnectiontest.redirectedwithnolengthheaders,True,True
205,6310.0,okhttp,com.squareup.okhttp.internal.http.urlconnectiontest.redirectwithproxyselector,False,True
207,6314.0,okhttp,com.squareup.okhttp.internal.http.urlconnectiontest.response301movedpermanentlywithpost,False,True
240,6354.0,okhttp,com.squareup.okhttp.internal.http.urlconnectiontest.setdooutputordoinputafterconnectfails,False,True
241,6355.0,okhttp,com.squareup.okhttp.internal.http.urlconnectiontest.clientsendscontentlength,False,True
252,6367.0,okhttp,com.squareup.okhttp.internal.http.urlconnectiontest.postfailswithchunkedrequestforlargerequest,True,True
256,6372.0,okhttp,com.squareup.okhttp.internal.http.urlconnectiontest.fullybufferedpostistoolong,True,True
264,6389.0,okhttp,com.squareup.okhttp.internal.http.urlconnectiontest.zerolengthpost,True,True
274,6400.0,okhttp,com.squareup.okhttp.internal.http.urlconnectiontest.notransparentgzipfor304notmodified,False,True
287,6443.0,okhttp,com.squareup.okhttp.internal.http.headerstest.readnamevalueblockdropsforbiddenheadershttp2,False,False
306,6469.0,okhttp,com.squareup.okhttp.internal.http.responsecachetest.clientprematuredisconnectwithnolengthheaders,True,True
330,6495.0,okhttp,com.squareup.okhttp.internal.http.responsecachetest.cachecontrolnocacheandexpirationdateinthefuture,False,True
338,6503.0,okhttp,com.squareup.okhttp.internal.http.responsecachetest.nonidentityencodingandfullcache,False,True
341,6507.0,okhttp,com.squareup.okhttp.internal.http.responsecachetest.requestmaxage,False,True
346,6512.0,okhttp,com.squareup.okhttp.internal.http.responsecachetest.requestonlyifcachedwithfullresponsecached,False,True
360,6528.0,okhttp,com.squareup.okhttp.internal.http.responsecachetest.usecachesfalsedoesnotwritetocache,False,True
363,6531.0,okhttp,com.squareup.okhttp.internal.http.responsecachetest.connectionisreturnedtopoolafterconditionalsuccess,False,False
406,6615.0,okhttp,com.squareup.okhttp.internal.http.httpresponsecachetest.maxageinthepastwithdateandlastmodifiedheaders,False,False
420,6629.0,okhttp,com.squareup.okhttp.internal.http.httpresponsecachetest.requestmethodtraceisnotcached,False,False
425,6636.0,okhttp,com.squareup.okhttp.internal.http.httpresponsecachetest.etag,False,False
456,6669.0,okhttp,com.squareup.okhttp.internal.http.httpresponsecachetest.authorizationresponsecachedwithsmaxage,False,False
459,6673.0,okhttp,com.squareup.okhttp.internal.http.httpresponsecachetest.contentlocationdoesnotpopulatecache,False,False
462,6676.0,okhttp,com.squareup.okhttp.internal.http.httpresponsecachetest.defaultusecachessetsinitialvalueonly,False,False
466,6680.0,okhttp,com.squareup.okhttp.internal.http.httpresponsecachetest.statisticsfullcachehit,False,False
496,6734.0,okhttp,com.squareup.okhttp.internal.tls.hostnameverifiertest.verifysubjectaltonly,False,False
507,6749.0,okhttp,com.squareup.okhttp.internal.spdy.spdyconnectiontest.headersonlystreamisclosedafterreplyheaders,True,True
512,6756.0,okhttp,com.squareup.okhttp.internal.spdy.spdyconnectiontest.serverpingsclienthttp2,False,True
522,6766.0,okhttp,com.squareup.okhttp.internal.spdy.spdyconnectiontest.bogusreplyframedoesnotdisruptconnection,False,True
539,6782.0,okhttp,com.squareup.okhttp.internal.spdy.spdyconnectiontest.nopingsaftershutdown,False,True
546,6790.0,okhttp,com.squareup.okhttp.internal.spdy.spdyconnectiontest.readsendswindowupdate,True,True
551,6794.0,okhttp,com.squareup.okhttp.internal.spdy.spdyconnectiontest.serversendsemptydataclientdoesntsendwindowupdate,False,True
583,6834.0,okhttp,com.squareup.okhttp.internal.spdy.http20draft09test.pushpromisethencontinuation,False,True
592,6850.0,okhttp,com.squareup.okhttp.internal.spdy.http20draft09test.goawaywithdebugdataroundtrip,False,True
599,6864.0,okhttp,com.squareup.okhttp.internal.spdy.hpackdraft05test.huffmandecodingsupported,False,False
611,6888.0,okhttp,com.squareup.okhttp.internal.spdy.hpackdraft05test.writemultibyteint,False,False
615,6892.0,okhttp,com.squareup.okhttp.internal.spdy.hpackdraft05test.zero,False,False
625,6916.0,okhttp,com.squareup.okhttp.internal.spdy.settingstest.persistvalue,False,False
629,6920.0,okhttp,okio.realbufferedsourcetest.requiretracksbufferfirst,False,False
632,6923.0,okhttp,okio.realbufferedsourcetest.requirereadsonesegmentatatime,False,False
638,6930.0,okhttp,okio.okbuffertest.completesegmentbytecountonemptybuffer,False,False
642,6934.0,okhttp,okio.okbuffertest.readutf8entirebuffer,False,False
652,6945.0,okhttp,okio.okbuffertest.writesplitsourcebufferleft,False,False
662,6955.0,okhttp,okio.okbuffertest.writebytes,False,False
666,6959.0,okhttp,okio.okbuffertest.writelastintegerinsegment,False,False
670,6963.0,okhttp,okio.okbuffertest.readshortsplitacrossmultiplesegments,False,False
683,6976.0,okhttp,okio.okbuffertest.testequalsandhashcode,False,False
703,6999.0,okhttp,okio.gzipsourcetest.gunzipwhenlengthincorrect,False,True
707,7005.0,okhttp,okio.bytestringtest.utf8,False,False
711,7009.0,okhttp,okio.bytestringtest.readlowercase,False,False
724,7022.0,okhttp,okio.bytestringtest.decodehexinvalidchar,False,False
734,7036.0,okhttp,okio.okiotest.sourcefrominputstreambounds,False,False
745,7048.0,okhttp,okio.realbufferedsinktest.closeemitsbufferedbytes,False,False
754,7060.0,okhttp,com.squareup.okhttp.apache.okapacheclienttest.noentity,False,False
772,7080.0,okhttp,com.squareup.okhttp.mockwebserver.mockwebservertest.testresponsetimeout,False,False
779,7087.0,okhttp,com.squareup.okhttp.curl.maintest.contenttypeheader,False,False
1,6046.0,okhttp,com.squareup.okhttp.internal.bitarraytest.setexpandsdata_fixedcapacity,False,True
15,6061.0,okhttp,com.squareup.okhttp.requesttest.stringwithdefaultcharsetadded,False,False
16,6062.0,okhttp,com.squareup.okhttp.requesttest.stringwithnondefaultcharsetspecified,False,False
17,6063.0,okhttp,com.squareup.okhttp.requesttest.bytearray,False,False
28,6076.0,okhttp,com.squareup.okhttp.dispatchertest.oldjobfinishesnewjobcantrunduetohostlimit,False,False
32,6084.0,okhttp,com.squareup.okhttp.asyncapitest.connectionpooling,False,False
35,6087.0,okhttp,com.squareup.okhttp.asyncapitest.post,False,False
37,6089.0,okhttp,com.squareup.okhttp.asyncapitest.redirect,True,False
55,6114.0,okhttp,com.squareup.okhttp.connectionpooltest.gettingconnectionreturnsoldestfirst,False,False
65,6125.0,okhttp,com.squareup.okhttp.mediatypetest.testvalidparse,False,False
72,6132.0,okhttp,com.squareup.okhttp.mediatypetest.testunsupportedcharset,False,False
83,6159.0,okhttp,com.squareup.okhttp.internal.http.responsecacheadaptertest.get_https_allparameters,False,False
88,6174.0,okhttp,com.squareup.okhttp.internal.http.routeselectortest.singleroutereturnsfailedroute,False,False
93,6179.0,okhttp,com.squareup.okhttp.internal.http.routeselectortest.proxyselectorreturnsmultipleproxies,False,False
106,6196.0,okhttp,com.squareup.okhttp.internal.http.urlconnectiontest.serversendsunnecessarywhitespace,False,True
109,6199.0,okhttp,com.squareup.okhttp.internal.http.urlconnectiontest.requestbodysurvivesretrieswithchunkedstreaming,True,True
112,6203.0,okhttp,com.squareup.okhttp.internal.http.urlconnectiontest.geterrorstreamonunsuccessfulrequest,False,True
157,6256.0,okhttp,com.squareup.okhttp.internal.http.urlconnectiontest.nonhexchunksize,True,True
162,6261.0,okhttp,com.squareup.okhttp.internal.http.urlconnectiontest.gzipandconnectionreusewithchunkedencoding,False,True
170,6271.0,okhttp,com.squareup.okhttp.internal.http.urlconnectiontest.authenticatewithfixedlengthstreaming,False,True
174,6276.0,okhttp,com.squareup.okhttp.internal.http.urlconnectiontest.digestauthentication,True,True
183,6288.0,okhttp,com.squareup.okhttp.internal.http.urlconnectiontest.cannotsetfixedlengthstreamingmodeafterconnect,False,True
195,6302.0,okhttp,com.squareup.okhttp.internal.http.urlconnectiontest.redirectedonhttps,False,False
237,6351.0,okhttp,com.squareup.okhttp.internal.http.urlconnectiontest.getcontentoftype,False,True
238,6352.0,okhttp,com.squareup.okhttp.internal.http.urlconnectiontest.getoutputstreamongetfails,True,True
245,6359.0,okhttp,com.squareup.okhttp.internal.http.urlconnectiontest.urlcontainsquerybutnopath,False,True
262,6386.0,okhttp,com.squareup.okhttp.internal.http.urlconnectiontest.npnsetsprotocolheader_spdy_3,False,True
272,6398.0,okhttp,com.squareup.okhttp.internal.http.urlconnectiontest.setprotocolswithnull,False,True
275,6401.0,okhttp,com.squareup.okhttp.internal.http.urlconnectiontest.gzipwithredirectandconnectionreuse,True,True
277,6432.0,okhttp,com.squareup.okhttp.internal.http.statuslinetest.emptymessage,False,False
278,6433.0,okhttp,com.squareup.okhttp.internal.http.statuslinetest.emptymessageandnoleadingspace,False,False
280,6435.0,okhttp,com.squareup.okhttp.internal.http.statuslinetest.missingprotocol,False,False
286,6442.0,okhttp,com.squareup.okhttp.internal.http.headerstest.readnamevalueblockdropsforbiddenheadersspdy3,False,False
292,6451.0,okhttp,com.squareup.okhttp.internal.http.responsecachetest.responsecachingandinputstreamskipwithchunkedencoding,True,True
293,6452.0,okhttp,com.squareup.okhttp.internal.http.responsecachetest.responsecachingandinputstreamskipwithnolengthheaders,False,True
294,6454.0,okhttp,com.squareup.okhttp.internal.http.responsecachetest.secureresponsecaching,False,False
297,6457.0,okhttp,com.squareup.okhttp.internal.http.responsecachetest.redirecttocachedresult,False,False
300,6460.0,okhttp,com.squareup.okhttp.internal.http.responsecachetest.responsecacherequestheaders,False,True
302,6464.0,okhttp,com.squareup.okhttp.internal.http.responsecachetest.serverdisconnectsprematurelywithchunkedencoding,False,True
312,6476.0,okhttp,com.squareup.okhttp.internal.http.responsecachetest.expirationdateinthepastwithnolastmodifiedheader,False,True
315,6479.0,okhttp,com.squareup.okhttp.internal.http.responsecachetest.maxageinthepastwithdateandlastmodifiedheaders,False,True
317,6481.0,okhttp,com.squareup.okhttp.internal.http.responsecachetest.maxageinthefuturewithdateheader,True,True
374,6543.0,okhttp,com.squareup.okhttp.internal.http.responsecachetest.responsesourceheaderconditionalcachenotfetched,False,False
380,6581.0,okhttp,com.squareup.okhttp.internal.http.httpresponsecachetest.responsecachecallbackapis,False,False
389,6595.0,okhttp,com.squareup.okhttp.internal.http.httpresponsecachetest.secureresponsecachingandredirects,False,False
399,6608.0,okhttp,com.squareup.okhttp.internal.http.httpresponsecachetest.defaultexpirationdateconditionallycached,False,False
407,6616.0,okhttp,com.squareup.okhttp.internal.http.httpresponsecachetest.maxageinthepastwithdateheaderbutnolastmodifiedheader,False,False
409,6618.0,okhttp,com.squareup.okhttp.internal.http.httpresponsecachetest.maxageinthefuturewithnodateheader,False,False
413,6622.0,okhttp,com.squareup.okhttp.internal.http.httpresponsecachetest.maxagepreferredoverhighermaxage,False,False
421,6631.0,okhttp,com.squareup.okhttp.internal.http.httpresponsecachetest.postinvalidatescache,False,False
424,6635.0,okhttp,com.squareup.okhttp.internal.http.httpresponsecachetest.postinvalidatescachewithuncacheableresponse,False,False
434,6645.0,okhttp,com.squareup.okhttp.internal.http.httpresponsecachetest.partialrangeresponsesdonotcorruptcache,False,False
451,6663.0,okhttp,com.squareup.okhttp.internal.http.httpresponsecachetest.clientsuppliedifnonematchsincewithcachedresult,False,False
452,6665.0,okhttp,com.squareup.okhttp.internal.http.httpresponsecachetest.setifmodifiedsince,False,False
454,6667.0,okhttp,com.squareup.okhttp.internal.http.httpresponsecachetest.clientsuppliedconditionwithoutcachedresult,False,False
464,6678.0,okhttp,com.squareup.okhttp.internal.http.httpresponsecachetest.statisticsconditionalcachemiss,True,False
484,6699.0,okhttp,com.squareup.okhttp.internal.http.httpresponsecachetest.cacheplusrange,False,False
523,6767.0,okhttp,com.squareup.okhttp.internal.spdy.spdyconnectiontest.clientclosesclientoutputstream,False,False
535,6778.0,okhttp,com.squareup.okhttp.internal.spdy.spdyconnectiontest.receivegoaway,True,True
541,6784.0,okhttp,com.squareup.okhttp.internal.spdy.spdyconnectiontest.closecancelspings,False,True
547,6788.0,okhttp,com.squareup.okhttp.internal.spdy.spdyconnectiontest.readsendswindowupdate,True,True
559,6796.0,okhttp,com.squareup.okhttp.internal.spdy.spdyconnectiontest.clientsendsemptydataserverdoesntsendwindowupdatehttp2,False,True
577,6832.0,okhttp,com.squareup.okhttp.internal.spdy.http20draft09test.pushpromise,False,True
589,6845.0,okhttp,com.squareup.okhttp.internal.spdy.http20draft09test.windowupdateroundtrip,False,True
590,6847.0,okhttp,com.squareup.okhttp.internal.spdy.http20draft09test.badwindowsizeincrement,False,True
591,6848.0,okhttp,com.squareup.okhttp.internal.spdy.http20draft09test.goawaywithoutdebugdataroundtrip,False,True
598,6863.0,okhttp,com.squareup.okhttp.internal.spdy.hpackdraft05test.dynamicallygrowsbeyond64entries,False,False
634,6925.0,okhttp,okio.realbufferedsourcetest.skipreadsonesegmentatatime,False,False
639,6931.0,okhttp,okio.okbuffertest.completesegmentbytecountonbufferwithfullsegments,False,False
686,6987.0,okhttp,okio.inflatersourcetest.inflate,False,False
705,7001.0,okhttp,okio.gzipsourcetest.gunzipthrowsifsourceisnotexhausted,False,False
706,7004.0,okhttp,okio.bytestringtest.equals,False,False
736,7039.0,okhttp,okio.realbufferedsinktest.outputstreamfromsinkbounds,False,False
739,7042.0,okhttp,okio.realbufferedsinktest.bufferedsinkemitmultiplesegments,False,False
756,7062.0,okhttp,com.squareup.okhttp.apache.okapacheclienttest.postinputstreamentity,False,False
759,7065.0,okhttp,com.squareup.okhttp.apache.okapacheclienttest.jsongzipresponse,False,False
765,7072.0,okhttp,com.squareup.okhttp.mockwebserver.mockwebservertest.testmockresponsesetheader,False,False
771,7079.0,okhttp,com.squareup.okhttp.mockwebserver.mockwebservertest.testnonhexadecimalchunksize,False,False
4,6049.0,okhttp,com.squareup.okhttp.internal.bitarraytest.multipleshifts_fixedcapacity,False,False
50,6109.0,okhttp,com.squareup.okhttp.connectionpooltest.maxidleconnectionlimitisenforced,False,False
64,6124.0,okhttp,com.squareup.okhttp.mediatypetest.testparse,False,False
66,6126.0,okhttp,com.squareup.okhttp.mediatypetest.testinvalidparse,False,False
74,6139.0,okhttp,com.squareup.okhttp.internal.http.responsecacheadaptertest.get_allparameters,False,False
86,6165.0,okhttp,com.squareup.okhttp.internal.http.responsecacheadaptertest.put_https_forbiddenfields,False,False
90,6176.0,okhttp,com.squareup.okhttp.internal.http.routeselectortest.explicitdirectproxy,False,False
115,6206.0,okhttp,com.squareup.okhttp.internal.http.urlconnectiontest.connectionsarepooled,False,False
122,6214.0,okhttp,com.squareup.okhttp.internal.http.urlconnectiontest.chunkedupload_smallbuffers,True,True
126,6218.0,okhttp,com.squareup.okhttp.internal.http.urlconnectiontest.fixedlengthupload_largebuffers,True,True
133,6226.0,okhttp,com.squareup.okhttp.internal.http.urlconnectiontest.sslfallbacknotusedwhenrecycledconnectionfails,False,False
139,6233.0,okhttp,com.squareup.okhttp.internal.http.urlconnectiontest.contentdisagreeswithchunkedheader,True,True
142,6237.0,okhttp,com.squareup.okhttp.internal.http.urlconnectiontest.connectviahttpproxytohttpsusingproxyarg,False,True
150,6247.0,okhttp,com.squareup.okhttp.internal.http.urlconnectiontest.disconnectedconnection,True,True
159,6258.0,okhttp,com.squareup.okhttp.internal.http.urlconnectiontest.gzipencodingenabledbydefault,False,True
163,6262.0,okhttp,com.squareup.okhttp.internal.http.urlconnectiontest.gzipandconnectionreusewithfixedlengthandtls,False,True
173,6275.0,okhttp,com.squareup.okhttp.internal.http.urlconnectiontest.nonstandardauthenticationschemewithrealm,False,True
175,6277.0,okhttp,com.squareup.okhttp.internal.http.urlconnectiontest.allattributessetinserverauthenticationcallbacks,False,False
184,6289.0,okhttp,com.squareup.okhttp.internal.http.urlconnectiontest.cannotsetchunkedstreamingmodeafterconnect,False,True
217,6326.0,okhttp,com.squareup.okhttp.internal.http.urlconnectiontest.doesnotfollow21redirects,False,True
219,6328.0,okhttp,com.squareup.okhttp.internal.http.urlconnectiontest.readtimeouts,False,True
230,6340.0,okhttp,com.squareup.okhttp.internal.http.urlconnectiontest.getheadersthrows,False,True
234,6344.0,okhttp,com.squareup.okhttp.internal.http.urlconnectiontest.responsecachereturnsnulloutputstream,True,True
242,6356.0,okhttp,com.squareup.okhttp.internal.http.urlconnectiontest.getcontentlengthconnects,True,True
246,6360.0,okhttp,com.squareup.okhttp.internal.http.urlconnectiontest.inputstreamavailablewithchunkedencoding,False,True
249,6364.0,okhttp,com.squareup.okhttp.internal.http.urlconnectiontest.postfailswithbufferedrequestforsmallrequest,True,True
269,6394.0,okhttp,com.squareup.okhttp.internal.http.urlconnectiontest.zerolengthput_http_2,False,True
282,6437.0,okhttp,com.squareup.okhttp.internal.http.statuslinetest.nonthreedigitcode,False,False
303,6465.0,okhttp,com.squareup.okhttp.internal.http.responsecachetest.serverdisconnectsprematurelywithnolengthheaders,False,True
305,6468.0,okhttp,com.squareup.okhttp.internal.http.responsecachetest.clientprematuredisconnectwithchunkedencoding,False,True
325,6490.0,okhttp,com.squareup.okhttp.internal.http.responsecachetest.postinvalidatescachewithuncacheableresponse,False,True
345,6511.0,okhttp,com.squareup.okhttp.internal.http.responsecachetest.requestonlyifcachedwithnoresponsecached,True,True
352,6518.0,okhttp,com.squareup.okhttp.internal.http.responsecachetest.clientsuppliedifnonematchsincewithcachedresult,False,False
355,6522.0,okhttp,com.squareup.okhttp.internal.http.responsecachetest.authorizationrequestheaderpreventscaching,False,True
368,6536.0,okhttp,com.squareup.okhttp.internal.http.responsecachetest.getheadersdeletescached100levelwarnings,True,False
376,6545.0,okhttp,com.squareup.okhttp.internal.http.responsecachetest.emptyresponseheadernamefromcacheislenient,False,True
377,6577.0,okhttp,com.squareup.okhttp.internal.http.httpresponsecachetest.responsecachingbyresponsecode,True,False
405,6614.0,okhttp,com.squareup.okhttp.internal.http.httpresponsecachetest.maxagepreferredwithmaxageandexpires,False,False
417,6626.0,okhttp,com.squareup.okhttp.internal.http.httpresponsecachetest.requestmethodpostisnotcached,False,False
438,6650.0,okhttp,com.squareup.okhttp.internal.http.httpresponsecachetest.notmodifiedspecifiesencoding,False,False
441,6653.0,okhttp,com.squareup.okhttp.internal.http.httpresponsecachetest.requestminfresh,False,False
450,6662.0,okhttp,com.squareup.okhttp.internal.http.httpresponsecachetest.clientsuppliedifmodifiedsincewithcachedresult,False,False
461,6675.0,okhttp,com.squareup.okhttp.internal.http.httpresponsecachetest.usecachesfalsedoesnotreadfromcache,False,False
468,6682.0,okhttp,com.squareup.okhttp.internal.http.httpresponsecachetest.varymatchesunchangedrequestheaderfield,False,False
469,6683.0,okhttp,com.squareup.okhttp.internal.http.httpresponsecachetest.varymatchesabsentrequestheaderfield,False,False
487,6702.0,okhttp,com.squareup.okhttp.internal.http.httpresponsecachetest.responsesourceheaderconditionalcachefetched,False,False
490,6705.0,okhttp,com.squareup.okhttp.internal.http.httpresponsecachetest.emptyresponseheadernamefromcacheislenient,False,False
509,6751.0,okhttp,com.squareup.okhttp.internal.spdy.spdyconnectiontest.servercreatesstreamandclientreplies,False,True
526,6770.0,okhttp,com.squareup.okhttp.internal.spdy.spdyconnectiontest.clientclosesclientinputstreamifoutputstreamisclosed,False,False
527,6771.0,okhttp,com.squareup.okhttp.internal.spdy.spdyconnectiontest.serverclosesclientinputstream,True,True
553,6794.0,okhttp,com.squareup.okhttp.internal.spdy.spdyconnectiontest.serversendsemptydataclientdoesntsendwindowupdate,False,True
562,6800.0,okhttp,com.squareup.okhttp.internal.spdy.spdyconnectiontest.testtruncateddataframe,False,True
575,6833.0,okhttp,com.squareup.okhttp.internal.spdy.http20draft09test.pushpromise,False,False
584,6836.0,okhttp,com.squareup.okhttp.internal.spdy.http20draft09test.readrststreamframe,False,True
588,6844.0,okhttp,com.squareup.okhttp.internal.spdy.http20draft09test.toolargedataframe,False,True
593,6852.0,okhttp,com.squareup.okhttp.internal.spdy.http20draft09test.framesizeerror,False,True
608,6885.0,okhttp,com.squareup.okhttp.internal.spdy.hpackdraft05test.readsinglebyteint,False,False
613,6890.0,okhttp,com.squareup.okhttp.internal.spdy.hpackdraft05test.prefixmask,False,False
622,6913.0,okhttp,com.squareup.okhttp.internal.spdy.settingstest.unsetfield,False,True
631,6922.0,okhttp,okio.realbufferedsourcetest.requireinsufficientdata,False,False
637,6929.0,okhttp,okio.okbuffertest.readandwriteutf8,False,False
640,6932.0,okhttp,okio.okbuffertest.completesegmentbytecountonbufferwithincompletetailsegment,False,False
641,6933.0,okhttp,okio.okbuffertest.readutf8spanssegments,False,False
646,6938.0,okhttp,okio.okbuffertest.tostringonmultiplesegmentbuffer,False,False
667,6960.0,okhttp,okio.okbuffertest.writeintegerdoesntquitefitinsegment,False,False
668,6961.0,okhttp,okio.okbuffertest.readbyte,False,False
685,6980.0,okhttp,okio.inflatersourcetest.inflate,False,False
688,6987.0,okhttp,okio.inflatersourcetest.inflate,False,False
701,6997.0,okhttp,okio.gzipsourcetest.gunzipwhenheadercrcincorrect,False,False
715,7013.0,okhttp,okio.bytestringtest.write,False,False
719,7017.0,okhttp,okio.bytestringtest.decodebase64,False,False
729,7028.0,okhttp,okio.deflatersinktest.deflatewithsyncflush,False,False
731,7030.0,okhttp,okio.deflatersinktest.deflatepoorlycompressed,False,False
733,7035.0,okhttp,okio.okiotest.sourcefrominputstream,False,False
738,7041.0,okhttp,okio.realbufferedsinktest.bufferedsinkemitzero,False,False
761,7068.0,okhttp,com.squareup.okhttp.mockwebserver.mockwebservertest.testrecordedrequestaccessors,False,False
764,7071.0,okhttp,com.squareup.okhttp.mockwebserver.mockwebservertest.testmockresponseaddheader,False,False
768,7075.0,okhttp,com.squareup.okhttp.mockwebserver.mockwebservertest.testregularresponse,False,False
84,6161.0,okhttp,com.squareup.okhttp.internal.http.responsecacheadaptertest.put_https_uriandclass,False,False
118,6209.0,okhttp,com.squareup.okhttp.internal.http.urlconnectiontest.servershutdowninput,True,True
132,6225.0,okhttp,com.squareup.okhttp.internal.http.urlconnectiontest.connectviahttpswithsslfallback,False,True
152,6249.0,okhttp,com.squareup.okhttp.internal.http.urlconnectiontest.defaultrequestproperty,False,True
166,6266.0,okhttp,com.squareup.okhttp.internal.http.urlconnectiontest.earlydisconnectdoesntharmpoolingwithchunkedencoding,False,True
177,6280.0,okhttp,com.squareup.okhttp.internal.http.urlconnectiontest.setvalidrequestmethod,False,False
178,6282.0,okhttp,com.squareup.okhttp.internal.http.urlconnectiontest.setinvalidrequestmethodlowercase,True,True
193,6299.0,okhttp,com.squareup.okhttp.internal.http.urlconnectiontest.redirectedwithcontentlengthheader,False,True
196,6303.0,okhttp,com.squareup.okhttp.internal.http.urlconnectiontest.notredirectedfromhttpstohttp,False,True
214,6322.0,okhttp,com.squareup.okhttp.internal.http.urlconnectiontest.response307withoptions,True,True
220,6329.0,okhttp,com.squareup.okhttp.internal.http.urlconnectiontest.setchunkedencodingasrequestproperty,False,True
221,6330.0,okhttp,com.squareup.okhttp.internal.http.urlconnectiontest.connectioncloseinrequest,True,False
226,6335.0,okhttp,com.squareup.okhttp.internal.http.urlconnectiontest.singlebytereadissigned,True,True
236,6350.0,okhttp,com.squareup.okhttp.internal.http.urlconnectiontest.getcontent,True,True
243,6357.0,okhttp,com.squareup.okhttp.internal.http.urlconnectiontest.getcontenttypeconnects,False,True
248,6362.0,okhttp,com.squareup.okhttp.internal.http.urlconnectiontest.inputstreamavailablewithnolengthheaders,True,True
257,6378.0,okhttp,com.squareup.okhttp.internal.http.urlconnectiontest.emptyrequestheadervalueisallowed,False,True
258,6379.0,okhttp,com.squareup.okhttp.internal.http.urlconnectiontest.emptyresponseheadervalueisallowed,False,True
261,6385.0,okhttp,com.squareup.okhttp.internal.http.urlconnectiontest.customauthenticator,False,False
263,6387.0,okhttp,com.squareup.okhttp.internal.http.urlconnectiontest.npnsetsprotocolheader_http_2,False,True
276,6431.0,okhttp,com.squareup.okhttp.internal.http.statuslinetest.parse,False,False
310,6474.0,okhttp,com.squareup.okhttp.internal.http.responsecachetest.nodefaultexpirationforurlswithquerystring,True,True
327,6492.0,okhttp,com.squareup.okhttp.internal.http.responsecachetest.etagandexpirationdateinthepast,False,False
342,6508.0,okhttp,com.squareup.okhttp.internal.http.responsecachetest.requestminfresh,False,True
361,6529.0,okhttp,com.squareup.okhttp.internal.http.responsecachetest.usecachesfalsedoesnotreadfromcache,False,True
370,6539.0,okhttp,com.squareup.okhttp.internal.http.responsecachetest.cacheplusrange,False,True
408,6617.0,okhttp,com.squareup.okhttp.internal.http.httpresponsecachetest.maxageinthefuturewithdateheader,False,False
412,6621.0,okhttp,com.squareup.okhttp.internal.http.httpresponsecachetest.maxagepreferredoverlowersharedmaxage,False,False
419,6628.0,okhttp,com.squareup.okhttp.internal.http.httpresponsecachetest.requestmethoddeleteisnotcached,False,False
423,6633.0,okhttp,com.squareup.okhttp.internal.http.httpresponsecachetest.deletemethodinvalidatescache,False,False
429,6640.0,okhttp,com.squareup.okhttp.internal.http.httpresponsecachetest.cachecontrolnocacheandexpirationdateinthefuture,False,False
431,6642.0,okhttp,com.squareup.okhttp.internal.http.httpresponsecachetest.pragmanocacheandexpirationdateinthefuture,False,False
437,6648.0,okhttp,com.squareup.okhttp.internal.http.httpresponsecachetest.nonidentityencodingandfullcache,False,False
449,6661.0,okhttp,com.squareup.okhttp.internal.http.httpresponsecachetest.requestpragmanocache,False,False
472,6686.0,okhttp,com.squareup.okhttp.internal.http.httpresponsecachetest.varyfieldsarecaseinsensitive,False,False
476,6690.0,okhttp,com.squareup.okhttp.internal.http.httpresponsecachetest.varymultiplefieldvalueswithnomatch,False,False
480,6694.0,okhttp,com.squareup.okhttp.internal.http.httpresponsecachetest.getheadersreturnsnetworkendtoendheaders,False,False
482,6696.0,okhttp,com.squareup.okhttp.internal.http.httpresponsecachetest.getheadersdeletescached100levelwarnings,False,False
486,6701.0,okhttp,com.squareup.okhttp.internal.http.httpresponsecachetest.responsesourceheadercached,False,False
489,6704.0,okhttp,com.squareup.okhttp.internal.http.httpresponsecachetest.responsesourceheaderfetched,True,False
492,6729.0,okhttp,com.squareup.okhttp.internal.tls.hostnameverifiertest.verify,False,True
494,6731.0,okhttp,com.squareup.okhttp.internal.tls.hostnameverifiertest.verifynonasciicn,False,True
497,6735.0,okhttp,com.squareup.okhttp.internal.tls.hostnameverifiertest.verifymultiplecn,False,False
503,6742.0,okhttp,com.squareup.okhttp.internal.tls.hostnameverifiertest.subjectaltname,False,False
513,6757.0,okhttp,com.squareup.okhttp.internal.spdy.spdyconnectiontest.clientpingsserver,False,True
515,6759.0,okhttp,com.squareup.okhttp.internal.spdy.spdyconnectiontest.peerhttp2serverlowersinitialwindowsize,False,True
533,6778.0,okhttp,com.squareup.okhttp.internal.spdy.spdyconnectiontest.receivegoaway,True,True
536,6780.0,okhttp,com.squareup.okhttp.internal.spdy.spdyconnectiontest.receivegoaway,True,True
538,6781.0,okhttp,com.squareup.okhttp.internal.spdy.spdyconnectiontest.sendgoaway,False,True
542,6785.0,okhttp,com.squareup.okhttp.internal.spdy.spdyconnectiontest.readtimeoutexpires,False,True
544,6787.0,okhttp,com.squareup.okhttp.internal.spdy.spdyconnectiontest.headersbeforereply,False,True
550,6792.0,okhttp,com.squareup.okhttp.internal.spdy.spdyconnectiontest.serversendsemptydataclientdoesntsendwindowupdate,False,True
557,6795.0,okhttp,com.squareup.okhttp.internal.spdy.spdyconnectiontest.clientsendsemptydataserverdoesntsendwindowupdate,False,True
558,6797.0,okhttp,com.squareup.okhttp.internal.spdy.spdyconnectiontest.clientsendsemptydataserverdoesntsendwindowupdate,False,True
563,6801.0,okhttp,com.squareup.okhttp.internal.spdy.spdyconnectiontest.blockedstreamdoesntstarvenewstream,False,True
566,6804.0,okhttp,com.squareup.okhttp.internal.spdy.spdyconnectiontest.headerblockhastrailingcompressedbytes2048,False,True
570,6825.0,okhttp,com.squareup.okhttp.internal.spdy.http20draft09test.unknownframetypeignored,False,True
571,6826.0,okhttp,com.squareup.okhttp.internal.spdy.http20draft09test.onlyoneliteralheadersframe,False,True
576,6835.0,okhttp,com.squareup.okhttp.internal.spdy.http20draft09test.pushpromise,False,False
585,6838.0,okhttp,com.squareup.okhttp.internal.spdy.http20draft09test.readsettingsframe,False,True
597,6862.0,okhttp,com.squareup.okhttp.internal.spdy.hpackdraft05test.testeviction,False,False
600,6865.0,okhttp,com.squareup.okhttp.internal.spdy.hpackdraft05test.readliteralheaderfieldwithindexing,False,False
626,6917.0,okhttp,com.squareup.okhttp.internal.spdy.settingstest.merge,False,False
635,6926.0,okhttp,okio.realbufferedsourcetest.skiptracksbufferfirst,False,False
645,6937.0,okhttp,okio.okbuffertest.tostringonlargebufferincludesmd5,False,False
663,6956.0,okhttp,okio.okbuffertest.writelastbyteinsegment,False,False
675,6968.0,okhttp,okio.okbuffertest.skip,False,False
687,6980.0,okhttp,okio.inflatersourcetest.inflate,False,False
692,6990.0,okhttp,okio.gzipsourcetest.gunzip,False,False
708,7006.0,okhttp,okio.bytestringtest.equalsascii,False,False
709,7007.0,okhttp,okio.bytestringtest.testhashcode,False,False
727,7025.0,okhttp,okio.bytestringtest.tostringonlargebytestringincludesmd5,False,False
728,7027.0,okhttp,okio.deflatersinktest.deflatewithclose,False,False
757,7063.0,okhttp,com.squareup.okhttp.apache.okapacheclienttest.contenttype,False,False
762,7069.0,okhttp,com.squareup.okhttp.mockwebserver.mockwebservertest.testdefaultmockresponse,False,False
770,7077.0,okhttp,com.squareup.okhttp.mockwebserver.mockwebservertest.testdispatchblockswaitingforenqueue,False,False
773,7081.0,okhttp,com.squareup.okhttp.mockwebserver.mockwebservertest.testdisconnectatstart,False,False
780,7088.0,okhttp,com.squareup.okhttp.curl.maintest.referer,False,False
12,6057.0,okhttp,com.squareup.okhttp.internal.bitarraytest.clearbits_variablecapacity,False,True
22,6070.0,okhttp,com.squareup.okhttp.dispatchertest.maxrequestsenforced,False,False
27,6075.0,okhttp,com.squareup.okhttp.dispatchertest.oldjobfinishesnewjobwithsamehoststarts,False,False
43,6098.0,okhttp,com.squareup.okhttp.asyncapitest.connectionreusewhenresponsebodyconsumed,False,False
49,6108.0,okhttp,com.squareup.okhttp.connectionpooltest.idleconnectionnotreturned,False,False
53,6112.0,okhttp,com.squareup.okhttp.connectionpooltest.differentaddressconnectionnotreturned,False,False
54,6113.0,okhttp,com.squareup.okhttp.connectionpooltest.gettingspdyconnectionpromotesittofrontofqueue,False,False
81,6155.0,okhttp,com.squareup.okhttp.internal.http.responsecacheadaptertest.put_accessiblerequestinfo_get,False,True
85,6163.0,okhttp,com.squareup.okhttp.internal.http.responsecacheadaptertest.put_https_extrahttpsmethods,False,False
99,6185.0,okhttp,com.squareup.okhttp.internal.http.routeselectortest.failedroutesarelast,False,False
120,6211.0,okhttp,com.squareup.okhttp.internal.http.urlconnectiontest.invalidhost,False,True
121,6213.0,okhttp,com.squareup.okhttp.internal.http.urlconnectiontest.chunkedupload_bytebybyte,True,True
127,6220.0,okhttp,com.squareup.okhttp.internal.http.urlconnectiontest.getresponsecodenoresponsebody,False,True
137,6230.0,okhttp,com.squareup.okhttp.internal.http.urlconnectiontest.connectviaproxyusinghttpproxysystemproperty,False,True
141,6235.0,okhttp,com.squareup.okhttp.internal.http.urlconnectiontest.connectviahttpproxytohttpsusinghttpproxysystemproperty,False,True
160,6259.0,okhttp,com.squareup.okhttp.internal.http.urlconnectiontest.clientconfiguredgzipcontentencoding,False,True
168,6269.0,okhttp,com.squareup.okhttp.internal.http.urlconnectiontest.streamdiscardingistimely,False,True
169,6270.0,okhttp,com.squareup.okhttp.internal.http.urlconnectiontest.setchunkedstreamingmode,False,True
171,6272.0,okhttp,com.squareup.okhttp.internal.http.urlconnectiontest.authenticatewithchunkedstreaming,True,True
172,6274.0,okhttp,com.squareup.okhttp.internal.http.urlconnectiontest.nonstandardauthenticationscheme,False,True
176,6278.0,okhttp,com.squareup.okhttp.internal.http.urlconnectiontest.allattributessetinproxyauthenticationcallbacks,False,False
182,6287.0,okhttp,com.squareup.okhttp.internal.http.urlconnectiontest.cansetnegativechunkedstreamingmode,True,True
197,6304.0,okhttp,com.squareup.okhttp.internal.http.urlconnectiontest.notredirectedfromhttptohttps,False,True
213,6321.0,okhttp,com.squareup.okhttp.internal.http.urlconnectiontest.response307withhead,True,True
216,6325.0,okhttp,com.squareup.okhttp.internal.http.urlconnectiontest.follow20redirects,False,True
251,6366.0,okhttp,com.squareup.okhttp.internal.http.urlconnectiontest.postfailswithchunkedrequestforsmallrequest,True,True
267,6392.0,okhttp,com.squareup.okhttp.internal.http.urlconnectiontest.zerolengthput,True,True
290,6446.0,okhttp,com.squareup.okhttp.internal.http.headerstest.tonamevalueblockdropsforbiddenheadershttp2,False,True
295,6455.0,okhttp,com.squareup.okhttp.internal.http.responsecachetest.cachereturnsinsecureresponseforsecurerequest,False,False
296,6456.0,okhttp,com.squareup.okhttp.internal.http.responsecachetest.responsecachingandredirects,True,True
319,6483.0,okhttp,com.squareup.okhttp.internal.http.responsecachetest.maxagewithlastmodifiedbutnoserveddate,False,True
328,6493.0,okhttp,com.squareup.okhttp.internal.http.responsecachetest.etagandexpirationdateinthefuture,False,True
335,6500.0,okhttp,com.squareup.okhttp.internal.http.responsecachetest.partialrangeresponsesdonotcorruptcache,False,True
343,6509.0,okhttp,com.squareup.okhttp.internal.http.responsecachetest.requestmaxstale,False,True
357,6524.0,okhttp,com.squareup.okhttp.internal.http.responsecachetest.authorizationresponsecachedwithpublic,False,True
371,6540.0,okhttp,com.squareup.okhttp.internal.http.responsecachetest.conditionalhitdoesnotupdatecache,False,True
383,6588.0,okhttp,com.squareup.okhttp.internal.http.httpresponsecachetest.responsecachingandinputstreamskipwithchunkedencoding,False,False
387,6593.0,okhttp,com.squareup.okhttp.internal.http.httpresponsecachetest.responsecachingandredirects,False,False
396,6604.0,okhttp,com.squareup.okhttp.internal.http.httpresponsecachetest.clientprematuredisconnectwithchunkedencoding,True,False
435,6646.0,okhttp,com.squareup.okhttp.internal.http.httpresponsecachetest.serverreturnsdocumentolderthancache,False,False
442,6654.0,okhttp,com.squareup.okhttp.internal.http.httpresponsecachetest.requestmaxstale,False,False
443,6655.0,okhttp,com.squareup.okhttp.internal.http.httpresponsecachetest.requestmaxstalenothonoredwithmustrevalidate,False,False
453,6666.0,okhttp,com.squareup.okhttp.internal.http.httpresponsecachetest.retainserveddateformat,False,False
458,6671.0,okhttp,com.squareup.okhttp.internal.http.httpresponsecachetest.authorizationresponsecachedwithmustrevalidate,False,False
475,6689.0,okhttp,com.squareup.okhttp.internal.http.httpresponsecachetest.varymultiplefieldvalueswithmatch,False,False
506,6748.0,okhttp,com.squareup.okhttp.internal.spdy.spdyconnectiontest.clientcreatesstreamandserverreplies,False,True
516,6760.0,okhttp,com.squareup.okhttp.internal.spdy.spdyconnectiontest.unexpectedpingisnotreturned,False,True
519,6763.0,okhttp,com.squareup.okhttp.internal.spdy.spdyconnectiontest.serversendssettingstoclient,False,True
524,6768.0,okhttp,com.squareup.okhttp.internal.spdy.spdyconnectiontest.serverclosesclientoutputstream,False,True
525,6769.0,okhttp,com.squareup.okhttp.internal.spdy.spdyconnectiontest.clientclosesclientinputstream,False,True
537,6779.0,okhttp,com.squareup.okhttp.internal.spdy.spdyconnectiontest.receivegoawayhttp2,True,True
564,6802.0,okhttp,com.squareup.okhttp.internal.spdy.spdyconnectiontest.maxframesizehonored,True,True
567,6806.0,okhttp,com.squareup.okhttp.internal.spdy.spdyconnectiontest.pushpromisestream,True,True
569,6812.0,okhttp,com.squareup.okhttp.internal.spdy.spdyconnectiontest.pushpromisestreamsautomaticallycancel,False,True
574,6832.0,okhttp,com.squareup.okhttp.internal.spdy.http20draft09test.pushpromise,False,True
578,6833.0,okhttp,com.squareup.okhttp.internal.spdy.http20draft09test.pushpromise,False,True
586,6840.0,okhttp,com.squareup.okhttp.internal.spdy.http20draft09test.pingroundtrip,False,True
609,6886.0,okhttp,com.squareup.okhttp.internal.spdy.hpackdraft05test.readmultibyteint,False,False
610,6887.0,okhttp,com.squareup.okhttp.internal.spdy.hpackdraft05test.writesinglebyteint,False,False
618,6903.0,okhttp,com.squareup.okhttp.internal.spdy.spdy3test.toolargedataframe,False,True
624,6915.0,okhttp,com.squareup.okhttp.internal.spdy.settingstest.ispersisted,False,False
627,6918.0,okhttp,okio.realbufferedsourcetest.inputstreamfromsource,False,False
633,6924.0,okhttp,okio.realbufferedsourcetest.skipinsufficientdata,False,False
647,6939.0,okhttp,okio.okbuffertest.multiplesegmentbuffers,False,False
654,6947.0,okhttp,okio.okbuffertest.writeprefixdoesntsplit,False,False
676,6969.0,okhttp,okio.okbuffertest.testwriteprefixtoemptybuffer,False,False
684,6977.0,okhttp,okio.okbuffertest.testequalsandhashcodespanningsegments,False,False
689,6981.0,okhttp,okio.inflatersourcetest.inflatetruncated,False,True
695,7003.0,okhttp,okio.gzipsourcetest.gunzip,False,False
700,6995.0,okhttp,okio.gzipsourcetest.gunzip_withall,False,True
716,7014.0,okhttp,okio.bytestringtest.concat,False,False
726,7024.0,okhttp,okio.bytestringtest.tostringonsmallbytestringincludescontents,False,False
742,7045.0,okhttp,okio.realbufferedsinktest.bytesnotemittedtosinkwithoutflush,False,False
744,7047.0,okhttp,okio.realbufferedsinktest.incompletesegmentsnotemitted,False,False
749,7052.0,okhttp,okio.realbufferedsinktest.operationsafterclose,False,False
750,7056.0,okhttp,com.squareup.okhttp.apache.okapacheclienttest.success,False,False
752,7058.0,okhttp,com.squareup.okhttp.apache.okapacheclienttest.sessionexpired,False,False
763,7070.0,okhttp,com.squareup.okhttp.mockwebserver.mockwebservertest.testsetbodyadjustsheaders,False,False
3,6048.0,okhttp,com.squareup.okhttp.internal.bitarraytest.shiftleft_fixedcapacity,False,True
29,6077.0,okhttp,com.squareup.okhttp.dispatchertest.cancelingreadyjobpreventsitfromstarting,False,False
33,6085.0,okhttp,com.squareup.okhttp.asyncapitest.tls,False,False
41,6093.0,okhttp,com.squareup.okhttp.asyncapitest.canceledbeforeresponsereadisneverdelivered,False,False
45,6104.0,okhttp,com.squareup.okhttp.connectionpooltest.poolsinglehttpconnection,False,False
48,6107.0,okhttp,com.squareup.okhttp.connectionpooltest.gethttpconnection,False,False
60,6119.0,okhttp,com.squareup.okhttp.connectionpooltest.validateidlehttpconnectiontimeout,False,False
69,6129.0,okhttp,com.squareup.okhttp.mediatypetest.testcharsetandquoting,False,False
110,6200.0,okhttp,com.squareup.okhttp.internal.http.urlconnectiontest.requestbodysurvivesretrieswithbufferedbody,True,True
116,6207.0,okhttp,com.squareup.okhttp.internal.http.urlconnectiontest.chunkedconnectionsarepooled,False,False
129,6222.0,okhttp,com.squareup.okhttp.internal.http.urlconnectiontest.inspecthandshakethroughoutrequestlifecycle,False,True
144,6239.0,okhttp,com.squareup.okhttp.internal.http.urlconnectiontest.connectviahttpproxytohttpsusinghttpsproxysystemproperty,False,True
151,6248.0,okhttp,com.squareup.okhttp.internal.http.urlconnectiontest.disconnectbeforeconnect,False,True
158,6257.0,okhttp,com.squareup.okhttp.internal.http.urlconnectiontest.missingchunkbody,False,True
167,6267.0,okhttp,com.squareup.okhttp.internal.http.urlconnectiontest.earlydisconnectdoesntharmpoolingwithfixedlengthencoding,True,True
179,6283.0,okhttp,com.squareup.okhttp.internal.http.urlconnectiontest.setinvalidrequestmethodconnect,True,True
185,6290.0,okhttp,com.squareup.okhttp.internal.http.urlconnectiontest.cannotsetfixedlengthstreamingmodeafterchunkedstreamingmode,False,True
190,6296.0,okhttp,com.squareup.okhttp.internal.http.urlconnectiontest.authenticatewithget,False,True
201,6309.0,okhttp,com.squareup.okhttp.internal.http.urlconnectiontest.redirecttoanotheroriginserver,False,False
202,6307.0,okhttp,com.squareup.okhttp.internal.http.urlconnectiontest.redirecttoanotheroriginserver,True,True
206,6313.0,okhttp,com.squareup.okhttp.internal.http.urlconnectiontest.response300multiplechoicewithpost,True,True
208,6315.0,okhttp,com.squareup.okhttp.internal.http.urlconnectiontest.response302movedtemporarilywithpost,True,True
218,6327.0,okhttp,com.squareup.okhttp.internal.http.urlconnectiontest.httpswithcustomtrustmanager,False,False
224,6333.0,okhttp,com.squareup.okhttp.internal.http.urlconnectiontest.sameconnectionredirectandreuse,False,True
231,6341.0,okhttp,com.squareup.okhttp.internal.http.urlconnectiontest.dnsfailurethrowsioexception,False,True
235,6349.0,okhttp,com.squareup.okhttp.internal.http.urlconnectiontest.readafterlastbyte,True,True
239,6353.0,okhttp,com.squareup.okhttp.internal.http.urlconnectiontest.getoutputaftergetinputstreamfails,False,True
270,6396.0,okhttp,com.squareup.okhttp.internal.http.urlconnectiontest.setprotocols,True,True
283,6438.0,okhttp,com.squareup.okhttp.internal.http.statuslinetest.truncated,False,False
311,6475.0,okhttp,com.squareup.okhttp.internal.http.responsecachetest.expirationdateinthepastwithlastmodifiedheader,False,True
323,6487.0,okhttp,com.squareup.okhttp.internal.http.responsecachetest.responsecachecancache,False,True
332,6497.0,okhttp,com.squareup.okhttp.internal.http.responsecachetest.pragmanocacheandexpirationdateinthefuture,False,True
337,6502.0,okhttp,com.squareup.okhttp.internal.http.responsecachetest.nonidentityencodingandconditionalcache,False,True
347,6513.0,okhttp,com.squareup.okhttp.internal.http.responsecachetest.requestonlyifcachedwithconditionalresponsecached,False,True
349,6515.0,okhttp,com.squareup.okhttp.internal.http.responsecachetest.requestcachecontrolnocache,False,True
354,6521.0,okhttp,com.squareup.okhttp.internal.http.responsecachetest.clientsuppliedconditionwithoutcachedresult,True,True
359,6527.0,okhttp,com.squareup.okhttp.internal.http.responsecachetest.contentlocationdoesnotpopulatecache,True,True
367,6535.0,okhttp,com.squareup.okhttp.internal.http.responsecachetest.getheadersreturnscachedhopbyhopheaders,False,True
375,6544.0,okhttp,com.squareup.okhttp.internal.http.responsecachetest.responsesourceheaderfetched,False,True
384,6589.0,okhttp,com.squareup.okhttp.internal.http.httpresponsecachetest.responsecachingandinputstreamskipwithnolengthheaders,False,False
386,6592.0,okhttp,com.squareup.okhttp.internal.http.httpresponsecachetest.cachereturnsinsecureresponseforsecurerequest,False,False
397,6605.0,okhttp,com.squareup.okhttp.internal.http.httpresponsecachetest.clientprematuredisconnectwithnolengthheaders,False,False
426,6637.0,okhttp,com.squareup.okhttp.internal.http.httpresponsecachetest.etagandexpirationdateinthepast,False,False
430,6641.0,okhttp,com.squareup.okhttp.internal.http.httpresponsecachetest.pragmanocache,False,False
471,6685.0,okhttp,com.squareup.okhttp.internal.http.httpresponsecachetest.varymatchesremovedrequestheaderfield,False,False
474,6688.0,okhttp,com.squareup.okhttp.internal.http.httpresponsecachetest.varymultiplefieldswithnomatch,False,False
478,6692.0,okhttp,com.squareup.okhttp.internal.http.httpresponsecachetest.varyandhttps,False,False
498,6736.0,okhttp,com.squareup.okhttp.internal.tls.hostnameverifiertest.verifywilcardcn,False,False
531,6776.0,okhttp,com.squareup.okhttp.internal.spdy.spdyconnectiontest.clientdoesnotlimitflowcontrol,False,True
552,6792.0,okhttp,com.squareup.okhttp.internal.spdy.spdyconnectiontest.serversendsemptydataclientdoesntsendwindowupdate,False,True
554,6793.0,okhttp,com.squareup.okhttp.internal.spdy.spdyconnectiontest.serversendsemptydataclientdoesntsendwindowupdatehttp2,False,True
561,6799.0,okhttp,com.squareup.okhttp.internal.spdy.spdyconnectiontest.initialsettingswithwindowsizeadjustsconnection,True,True
572,6828.0,okhttp,com.squareup.okhttp.internal.spdy.http20draft09test.headerswithpriority,False,True
580,6832.0,okhttp,com.squareup.okhttp.internal.spdy.http20draft09test.pushpromise,False,True
602,6867.0,okhttp,com.squareup.okhttp.internal.spdy.hpackdraft05test.literalheaderfieldwithoutindexingindexedname,False,False
605,6870.0,okhttp,com.squareup.okhttp.internal.spdy.hpackdraft05test.readindexedheaderfieldfromstatictablewithoutbuffering,False,False
612,6889.0,okhttp,com.squareup.okhttp.internal.spdy.hpackdraft05test.max31bitvalue,False,False
621,6910.0,okhttp,com.squareup.okhttp.internal.spdy.huffmantest.roundtripforrequestandresponse,False,True
630,6921.0,okhttp,okio.realbufferedsourcetest.requireincludesbufferbytes,False,False
636,6927.0,okhttp,okio.realbufferedsourcetest.operationsafterclose,False,False
644,6936.0,okhttp,okio.okbuffertest.tostringonsmallbufferincludescontents,False,False
650,6942.0,okhttp,okio.okbuffertest.movebytesbetweenbuffersreassignsegment,False,False
656,6949.0,okhttp,okio.okbuffertest.readexhaustedsource,False,False
658,6951.0,okhttp,okio.okbuffertest.moveallrequestedbyteswithread,False,False
659,6952.0,okhttp,okio.okbuffertest.movefewerthanrequestedbyteswithread,False,False
664,6957.0,okhttp,okio.okbuffertest.writeshort,False,False
665,6958.0,okhttp,okio.okbuffertest.writeint,False,False
669,6962.0,okhttp,okio.okbuffertest.readshort,False,False
673,6966.0,okhttp,okio.okbuffertest.byteat,False,False
682,6975.0,okhttp,okio.okbuffertest.testequalsandhashcodeempty,False,False
714,7012.0,okhttp,okio.bytestringtest.toasciistartslowercaseendsuppercase,False,False
718,7016.0,okhttp,okio.bytestringtest.ignoreunnecessarypadding,False,False
722,7020.0,okhttp,okio.bytestringtest.decodehex,False,False
732,7034.0,okhttp,okio.okiotest.sinkfromoutputstream,False,False
737,7040.0,okhttp,okio.realbufferedsinktest.bufferedsinkemitstailwhenitiscomplete,False,False
746,7049.0,okhttp,okio.realbufferedsinktest.closewithexceptionwhenwriting,False,False
747,7050.0,okhttp,okio.realbufferedsinktest.closewithexceptionwhenclosing,False,False
753,7059.0,okhttp,com.squareup.okhttp.apache.okapacheclienttest.headers,False,False
0,6045.0,okhttp,com.squareup.okhttp.internal.bitarraytest.hpackusecase,False,False
2,6047.0,okhttp,com.squareup.okhttp.internal.bitarraytest.togglebit_fixedcapacity,False,True
6,6051.0,okhttp,com.squareup.okhttp.internal.bitarraytest.setexpandsdata_variablecapacity,False,True
8,6053.0,okhttp,com.squareup.okhttp.internal.bitarraytest.shiftleftexpandsdata_variablecapacity,False,True
9,6054.0,okhttp,com.squareup.okhttp.internal.bitarraytest.shiftleftfromzero_variablecapacity,False,True
11,6056.0,okhttp,com.squareup.okhttp.internal.bitarraytest.multipleshiftsleftacrossoffset_variablecapacity,False,False
19,6067.0,okhttp,com.squareup.okhttp.dispatchertest.maxrequestszero,False,False
26,6074.0,okhttp,com.squareup.okhttp.dispatchertest.oldjobfinishesnewjobcanrundifferenthost,False,False
30,6078.0,okhttp,com.squareup.okhttp.dispatchertest.cancelingrunningjobtakesnoeffectuntiljobfinishes,False,False
39,6091.0,okhttp,com.squareup.okhttp.asyncapitest.follow20redirects,False,False
52,6111.0,okhttp,com.squareup.okhttp.connectionpooltest.nonaliveconnectionnotreturned,False,False
56,6115.0,okhttp,com.squareup.okhttp.connectionpooltest.recyclingnonaliveconnectionclosesthatconnection,False,False
96,6182.0,okhttp,com.squareup.okhttp.internal.http.routeselectortest.nonsslerroraddsalltlsmodestofailedroute,False,False
103,6193.0,okhttp,com.squareup.okhttp.internal.http.urlconnectiontest.serversendsinvalidresponseheaders,False,True
104,6194.0,okhttp,com.squareup.okhttp.internal.http.urlconnectiontest.serversendsinvalidcodetoolarge,True,True
117,6208.0,okhttp,com.squareup.okhttp.internal.http.urlconnectiontest.serverclosessocket,False,True
156,6255.0,okhttp,com.squareup.okhttp.internal.http.urlconnectiontest.unauthorizedresponsehandling,True,False
165,6264.0,okhttp,com.squareup.okhttp.internal.http.urlconnectiontest.clientconfiguredcustomcontentencoding,True,True
186,6291.0,okhttp,com.squareup.okhttp.internal.http.urlconnectiontest.cannotsetchunkedstreamingmodeafterfixedlengthstreamingmode,False,True
188,6293.0,okhttp,com.squareup.okhttp.internal.http.urlconnectiontest.securechunkedstreaming,False,True
189,6295.0,okhttp,com.squareup.okhttp.internal.http.urlconnectiontest.authenticatewithpost,False,False
192,6298.0,okhttp,com.squareup.okhttp.internal.http.urlconnectiontest.redirectedwithchunkedencoding,True,True
200,6307.0,okhttp,com.squareup.okhttp.internal.http.urlconnectiontest.redirecttoanotheroriginserver,True,True
204,6308.0,okhttp,com.squareup.okhttp.internal.http.urlconnectiontest.redirecttoanotheroriginserverwithhttps,True,True
222,6331.0,okhttp,com.squareup.okhttp.internal.http.urlconnectiontest.connectioncloseinresponse,False,False
244,6358.0,okhttp,com.squareup.okhttp.internal.http.urlconnectiontest.getcontentencodingconnects,False,True
273,6399.0,okhttp,com.squareup.okhttp.internal.http.urlconnectiontest.verylargefixedlengthrequest,True,False
288,6444.0,okhttp,com.squareup.okhttp.internal.http.headerstest.tonamevalueblock,False,False
289,6445.0,okhttp,com.squareup.okhttp.internal.http.headerstest.tonamevalueblockdropsforbiddenheadersspdy3,False,False
307,6471.0,okhttp,com.squareup.okhttp.internal.http.responsecachetest.defaultexpirationdatefullycachedforlessthan24hours,False,False
320,6484.0,okhttp,com.squareup.okhttp.internal.http.responsecachetest.maxageinthefuturewithdateandlastmodifiedheaders,False,True
326,6491.0,okhttp,com.squareup.okhttp.internal.http.responsecachetest.etag,True,False
334,6499.0,okhttp,com.squareup.okhttp.internal.http.responsecachetest.cachecontrolnostoreandexpirationdateinthefuture,True,True
336,6501.0,okhttp,com.squareup.okhttp.internal.http.responsecachetest.serverreturnsdocumentolderthancache,True,False
340,6506.0,okhttp,com.squareup.okhttp.internal.http.responsecachetest.expiresdatebeforemodifieddate,False,True
348,6514.0,okhttp,com.squareup.okhttp.internal.http.responsecachetest.requestonlyifcachedwithunhelpfulresponsecached,False,True
356,6523.0,okhttp,com.squareup.okhttp.internal.http.responsecachetest.authorizationresponsecachedwithsmaxage,False,True
358,6525.0,okhttp,com.squareup.okhttp.internal.http.responsecachetest.authorizationresponsecachedwithmustrevalidate,True,True
366,6534.0,okhttp,com.squareup.okhttp.internal.http.responsecachetest.getheadersreturnsnetworkendtoendheaders,False,False
372,6541.0,okhttp,com.squareup.okhttp.internal.http.responsecachetest.responsesourceheadercached,False,False
388,6594.0,okhttp,com.squareup.okhttp.internal.http.httpresponsecachetest.redirecttocachedresult,False,False
390,6596.0,okhttp,com.squareup.okhttp.internal.http.httpresponsecachetest.secureresponsecachingandprotocolredirects,False,False
393,6600.0,okhttp,com.squareup.okhttp.internal.http.httpresponsecachetest.serverdisconnectsprematurelywithchunkedencoding,False,False
401,6610.0,okhttp,com.squareup.okhttp.internal.http.httpresponsecachetest.nodefaultexpirationforurlswithquerystring,False,False
404,6613.0,okhttp,com.squareup.okhttp.internal.http.httpresponsecachetest.expirationdateinthefuture,False,False
415,6624.0,okhttp,com.squareup.okhttp.internal.http.httpresponsecachetest.requestmethodgetiscached,False,False
427,6638.0,okhttp,com.squareup.okhttp.internal.http.httpresponsecachetest.etagandexpirationdateinthefuture,False,False
436,6647.0,okhttp,com.squareup.okhttp.internal.http.httpresponsecachetest.nonidentityencodingandconditionalcache,False,False
446,6658.0,okhttp,com.squareup.okhttp.internal.http.httpresponsecachetest.requestonlyifcachedwithconditionalresponsecached,False,False
447,6659.0,okhttp,com.squareup.okhttp.internal.http.httpresponsecachetest.requestonlyifcachedwithunhelpfulresponsecached,False,False
455,6668.0,okhttp,com.squareup.okhttp.internal.http.httpresponsecachetest.authorizationrequestheaderpreventscaching,False,False
467,6681.0,okhttp,com.squareup.okhttp.internal.http.httpresponsecachetest.varymatcheschangedrequestheaderfield,False,False
477,6691.0,okhttp,com.squareup.okhttp.internal.http.httpresponsecachetest.varyasterisk,False,False
491,6706.0,okhttp,com.squareup.okhttp.internal.http.httpresponsecachetest.testgoldencacheresponse,False,False
495,6732.0,okhttp,com.squareup.okhttp.internal.tls.hostnameverifiertest.verifysubjectalt,False,False
500,6739.0,okhttp,com.squareup.okhttp.internal.tls.hostnameverifiertest.subjectaltuseslocaldomainandip,False,False
504,6743.0,okhttp,com.squareup.okhttp.internal.tls.hostnameverifiertest.subjectaltnamewithwildcard,False,False
511,6755.0,okhttp,com.squareup.okhttp.internal.spdy.spdyconnectiontest.serverpingsclient,False,True
514,6758.0,okhttp,com.squareup.okhttp.internal.spdy.spdyconnectiontest.clientpingsserverhttp2,False,True
532,6777.0,okhttp,com.squareup.okhttp.internal.spdy.spdyconnectiontest.remotesendsrefusedstreambeforereplyheaders,False,True
540,6783.0,okhttp,com.squareup.okhttp.internal.spdy.spdyconnectiontest.close,False,True
568,6811.0,okhttp,com.squareup.okhttp.internal.spdy.spdyconnectiontest.doublepushpromise,False,True
603,6868.0,okhttp,com.squareup.okhttp.internal.spdy.hpackdraft05test.readindexedheaderfield,False,False
606,6871.0,okhttp,com.squareup.okhttp.internal.spdy.hpackdraft05test.readrequestexampleswithouthuffman,False,False
617,6894.0,okhttp,com.squareup.okhttp.internal.spdy.hpackdraft05test.emptyheadername,False,False
620,6905.0,okhttp,com.squareup.okhttp.internal.spdy.spdy3test.goawayroundtrip,False,True
623,6914.0,okhttp,com.squareup.okhttp.internal.spdy.settingstest.setfields,False,False
643,6935.0,okhttp,okio.okbuffertest.tostringonemptybuffer,False,False
648,6940.0,okhttp,okio.okbuffertest.fillanddrainpool,False,False
649,6941.0,okhttp,okio.okbuffertest.movebytesbetweenbufferssharesegment,False,False
660,6953.0,okhttp,okio.okbuffertest.indexof,False,False
672,6965.0,okhttp,okio.okbuffertest.readintsplitacrossmultiplesegments,False,False
694,6990.0,okhttp,okio.gzipsourcetest.gunzip,False,False
710,7008.0,okhttp,okio.bytestringtest.read,False,False
721,7019.0,okhttp,okio.bytestringtest.encodehex,False,False
741,7044.0,okhttp,okio.realbufferedsinktest.bytesemittedtosinkwithflush,False,False
743,7046.0,okhttp,okio.realbufferedsinktest.completesegmentsemitted,False,False
775,7083.0,okhttp,com.squareup.okhttp.curl.maintest.simple,False,False
