id,projectName,test_name,isFlaky,tokenList,java_keywords,javaKeysCounter,abstract_keyword,assert_keyword,boolean_keyword,break_keyword,byte_keyword,case_keyword,catch_keyword,char_keyword,class_keyword,continue_keyword,default_keyword,do_keyword,double_keyword,else_keyword,enum_keyword,exports_keyword,extends_keyword,final_keyword,finally_keyword,float_keyword,for_keyword,if_keyword,implements_keyword,import_keyword,instanceof_keyword,int_keyword,interface_keyword,long_keyword,modules_keyword,native_keyword,new_keyword,package_keyword,private_keyword,protected_keyword,public_keyword,requires_keyword,return_keyword,short_keyword,static_keyword,strictfp_keyword,super_keyword,switch_keyword,synchronized_keyword,this_keyword,throw_keyword,throws_keyword,transient_keyword,try_keyword,void_keyword,volatile_keyword,while_keyword,true_keyword,null_keyword,false_keyword,const_keyword,goto_keyword
10684,hector-client-hector,me.prettyprint.cassandra.serializers.booleanserializertest.testconversions,0,"['test', 'testconversions', 'conversions']","['true', 'false', 'null', 'public', 'void']",5,0,0,0,0,0,0,0,0,0,0,0,0,0,0,0,0,0,0,0,0,0,0,0,0,0,0,0,0,0,0,0,0,0,0,1,0,0,0,0,0,0,0,0,0,0,0,0,0,1,0,0,1,1,1,0,0
10686,hector-client-hector,me.prettyprint.cassandra.serializers.dateserializertest.testconversions,0,"['max', 'conversions', 'testconversions', '0l', 'test', 'date', 'long', 'value', 'min', '1l', '-1l']","['new', 'new', 'new', 'new', 'new', 'new', 'null', 'public', 'void']",9,0,0,0,0,0,0,0,0,0,0,0,0,0,0,0,0,0,0,0,0,0,0,0,0,0,0,0,0,0,0,6,0,0,0,1,0,0,0,0,0,0,0,0,0,0,0,0,0,1,0,0,0,1,0,0,0
10688,hector-client-hector,me.prettyprint.cassandra.serializers.objectserializertest.testconversions,0,"['object', 'max', 'integer', 'conversions', 'testconversions', 'sampleobject', 'sample', 'test', 'long', 'value', 'min', 'string']","['new', 'null', 'public', 'void']",4,0,0,0,0,0,0,0,0,0,0,0,0,0,0,0,0,0,0,0,0,0,0,0,0,0,0,0,0,0,0,1,0,0,0,1,0,0,0,0,0,0,0,0,0,0,0,0,0,1,0,0,0,1,0,0,0
10689,hector-client-hector,me.prettyprint.cassandra.serializers.objectserializertest.testemptybytearray_shouldreturnnull,0,"['shouldreturnnull', 'serializer', 'wrap', 'from', 'empty', 'bytebuffer', 'objectserializer', 'buffer', 'assertnull', 'should', 'get', 'null', 'an', 'array', 'return', 'testemptybytearray', 'byte', 'translated', 'ser', 'object', 'frombytebuffer', 'test', 'assert']","['byte', 'null', 'new', 'byte', 'public', 'void']",6,0,0,0,0,2,0,0,0,0,0,0,0,0,0,0,0,0,0,0,0,0,0,0,0,0,0,0,0,0,0,1,0,0,0,1,0,0,0,0,0,0,0,0,0,0,0,0,0,1,0,0,0,1,0,0,0
10690,hector-client-hector,me.prettyprint.cassandra.serializers.objectserializertest.testmalformedobject_shouldthrow,0,"['serializer', 'wrap', 'from', 'testmalformedobject', 'bytebuffer', 'objectserializer', 'buffer', 'should', 'get', 'expected=hectorserializationexception.class', 'throw', 'expected=', 'byte', 'serialization', 'shouldthrow', 'malformed', 'ser', 'object', 'frombytebuffer', 'exception.class', 'test', 'hector']","['new', 'byte', 'public', 'void']",4,0,0,0,0,1,0,0,0,0,0,0,0,0,0,0,0,0,0,0,0,0,0,0,0,0,0,0,0,0,0,1,0,0,0,1,0,0,0,0,0,0,0,0,0,0,0,0,0,1,0,0,0,0,0,0,0
10692,hector-client-hector,me.prettyprint.cassandra.serializers.typeinferringserializertest.testconversions,0,"['object', 'max', 'integer', 'conversions', 'testconversions', 'sampleobject', 'sample', 'test', 'long', 'value', 'min', 'string']","['new', 'public', 'void']",3,0,0,0,0,0,0,0,0,0,0,0,0,0,0,0,0,0,0,0,0,0,0,0,0,0,0,0,0,0,0,1,0,0,0,1,0,0,0,0,0,0,0,0,0,0,0,0,0,1,0,0,0,0,0,0,0
10693,hector-client-hector,me.prettyprint.cassandra.serializers.typeinferringserializertest.testbyteconversions,0,"['get', 'bytes', 'serializer', 'to', 'tobytebuffer', 'conversions', 'byte', 'ext', 'test', 'type', 'bytebuffer', 'asserttrue', 'getbytes', 'testbyteconversions', 'assert', 'buffer', 'inferring', 'typeinferringserializer', 'true']","['null', 'public', 'void']",3,0,0,0,0,0,0,0,0,0,0,0,0,0,0,0,0,0,0,0,0,0,0,0,0,0,0,0,0,0,0,0,0,0,0,1,0,0,0,0,0,0,0,0,0,0,0,0,0,1,0,0,0,1,0,0,0
10695,hector-client-hector,me.prettyprint.cassandra.serializers.integerserializertest.testconversions,0,"['max', 'integer', 'testconversions', 'conversions', 'test', 'min', 'value']","['null', 'public', 'void']",3,0,0,0,0,0,0,0,0,0,0,0,0,0,0,0,0,0,0,0,0,0,0,0,0,0,0,0,0,0,0,0,0,0,0,1,0,0,0,0,0,0,0,0,0,0,0,0,0,1,0,0,0,1,0,0,0
10700,hector-client-hector,me.prettyprint.cassandra.serializers.bytesarrayserializertest.testconversions,0,"['bytes', 'test', 'testconversions', 'conversions']","['null', 'new', 'byte', 'new', 'byte', 'new', 'byte', 'public', 'void']",9,0,0,0,0,3,0,0,0,0,0,0,0,0,0,0,0,0,0,0,0,0,0,0,0,0,0,0,0,0,0,3,0,0,0,1,0,0,0,0,0,0,0,0,0,0,0,0,0,1,0,0,0,1,0,0,0
10702,hector-client-hector,me.prettyprint.cassandra.serializers.uuidserializertest.testconversions,0,"['uuid', 'conversions', 'testconversions', 'random', 'test', 'randomuuid']","['null', 'public', 'void']",3,0,0,0,0,0,0,0,0,0,0,0,0,0,0,0,0,0,0,0,0,0,0,0,0,0,0,0,0,0,0,0,0,0,0,1,0,0,0,0,0,0,0,0,0,0,0,0,0,1,0,0,0,1,0,0,0
10704,hector-client-hector,me.prettyprint.cassandra.serializers.longserializertest.testconversions,0,"['max', 'conversions', 'testconversions', '0l', 'test', 'long', 'min', 'value', '1l', '-1l']","['null', 'public', 'void']",3,0,0,0,0,0,0,0,0,0,0,0,0,0,0,0,0,0,0,0,0,0,0,0,0,0,0,0,0,0,0,0,0,0,0,1,0,0,0,0,0,0,0,0,0,0,0,0,0,1,0,0,0,1,0,0,0
10706,hector-client-hector,me.prettyprint.cassandra.connection.roundrobinbalancingpolicytest.testgetpoolok,0,"['robin', 'equals', 'with7', 'poolwith5active', 'round', 'roundrobinbalancingpolicy', 'get', 'getpool', 'active', 'pools', 'ok', 'pool', 'testgetpoolok', 'poolwith10active', 'poolwith7active', 'policy', 'test', 'balancing', 'assertequals', 'with5', 'assert', 'with10']","['new', 'null', 'null', 'null', 'null', 'null', 'null', 'null', 'null', 'null', 'public', 'void']",12,0,0,0,0,0,0,0,0,0,0,0,0,0,0,0,0,0,0,0,0,0,0,0,0,0,0,0,0,0,0,1,0,0,0,1,0,0,0,0,0,0,0,0,0,0,0,0,0,1,0,0,0,9,0,0,0
10707,hector-client-hector,me.prettyprint.cassandra.connection.roundrobinbalancingpolicytest.testskipexhausted,0,"['skip', 'robin', 'equals', 'with7', 'getcassandrahost', 'poolwith5active', 'round', 'roundrobinbalancingpolicy', 'get', 'arrays', 'thenreturn', 'assert', 'return', 'getpool', 'active', 'exhausted', 'list', 'pools', 'pool', 'as', 'aslist', 'then', 'poolwith10active', 'set', 'host', 'mockito', 'policy', 'hashset', 'test', 'cassandra', 'testskipexhausted', 'cassandrahost', 'balancing', 'assertequals', 'hash', 'with5', 'poolwith7active', 'with10']","['new', 'new', 'new', 'new', 'new', 'new', 'new', 'new', 'new', 'new', 'new', 'new', 'public', 'void']",14,0,0,0,0,0,0,0,0,0,0,0,0,0,0,0,0,0,0,0,0,0,0,0,0,0,0,0,0,0,0,12,0,0,0,1,0,0,0,0,0,0,0,0,0,0,0,0,0,1,0,0,0,0,0,0,0
10709,hector-client-hector,me.prettyprint.cassandra.connection.hconnectionmanagertest.testremovehost,0,"['connection', 'equals', 'asserttrue', 'add', 'get', 'connectionmanager', 'active', 'addcassandrahost', 'pools', 'removecassandrahost', 'remove', 'manager', 'host', 'size', 'test', 'cassandra', 'cassandrahost', 'assertequals', 'getactivepools', 'testremovehost', 'assert', 'true']","['new', 'public', 'void']",3,0,0,0,0,0,0,0,0,0,0,0,0,0,0,0,0,0,0,0,0,0,0,0,0,0,0,0,0,0,0,1,0,0,0,1,0,0,0,0,0,0,0,0,0,0,0,0,0,1,0,0,0,0,0,0,0
10710,hector-client-hector,me.prettyprint.cassandra.connection.hconnectionmanagertest.testaddcassandrahostfail,0,"['assertfalse', 'fail', 'connection', 'test', 'connectionmanager', 'testaddcassandrahostfail', 'cassandra', 'addcassandrahost', 'cassandrahost', 'manager', 'add', 'assert', 'host', 'false']","['new', 'public', 'void']",3,0,0,0,0,0,0,0,0,0,0,0,0,0,0,0,0,0,0,0,0,0,0,0,0,0,0,0,0,0,0,1,0,0,0,1,0,0,0,0,0,0,0,0,0,0,0,0,0,1,0,0,0,0,0,0,0
10712,hector-client-hector,me.prettyprint.cassandra.connection.concurrenthclientpooltest.testspinup,0,"['blocked', 'equals', 'before', 'threads', 'getnumactive', 'num', 'getnumbeforeexhausted', 'get', 'getnumidle', 'exhausted', 'active', 'up', 'pool', 'idle', 'getnumblockedthreads', 'spin', 'client', 'clientpool', 'test', 'testspinup', 'assertequals', 'assert']","['public', 'void']",2,0,0,0,0,0,0,0,0,0,0,0,0,0,0,0,0,0,0,0,0,0,0,0,0,0,0,0,0,0,0,0,0,0,0,1,0,0,0,0,0,0,0,0,0,0,0,0,0,1,0,0,0,0,0,0,0
10713,hector-client-hector,me.prettyprint.cassandra.connection.concurrenthclientpooltest.testshutdown,0,"['get', 'client', 'blocked', 'pool', 'clientpool', 'testshutdown', 'equals', 'shutdown', 'idle', 'threads', 'test', 'getnumidle', 'active', 'getnumactive', 'assertequals', 'assert', 'getnumblockedthreads', 'num']","['public', 'void']",2,0,0,0,0,0,0,0,0,0,0,0,0,0,0,0,0,0,0,0,0,0,0,0,0,0,0,0,0,0,0,0,0,0,0,1,0,0,0,0,0,0,0,0,0,0,0,0,0,1,0,0,0,0,0,0,0
10714,hector-client-hector,me.prettyprint.cassandra.connection.concurrenthclientpooltest.testborrowrelease,0,"['thrift', 'client', 'borrow', 'pool', 'clientpool', 'get', 'releaseclient', 'equals', 'testborrowrelease', 'test', 'active', 'borrowclient', 'getnumactive', 'assertequals', 'assert', 'hthriftclient', 'release', 'num']","['public', 'void']",2,0,0,0,0,0,0,0,0,0,0,0,0,0,0,0,0,0,0,0,0,0,0,0,0,0,0,0,0,0,0,0,0,0,0,1,0,0,0,0,0,0,0,0,0,0,0,0,0,1,0,0,0,0,0,0,0
10715,hector-client-hector,me.prettyprint.cassandra.connection.leastactivebalancingpolicytest.testgetpoolok,0,"['get', 'ok', 'policy', 'pool', 'poolwith5active', 'testgetpoolok', 'equals', 'leastactivebalancingpolicy', 'test', 'getpool', 'active', 'balancing', 'assertequals', 'with5', 'assert', 'least', 'pools']","['new', 'null', 'public', 'void']",4,0,0,0,0,0,0,0,0,0,0,0,0,0,0,0,0,0,0,0,0,0,0,0,0,0,0,0,0,0,0,1,0,0,0,1,0,0,0,0,0,0,0,0,0,0,0,0,0,1,0,0,0,1,0,0,0
10716,hector-client-hector,me.prettyprint.cassandra.connection.leastactivebalancingpolicytest.testskipexhausted,0,"['skip', 'equals', 'with7', 'getcassandrahost', 'poolwith5active', 'get', 'arrays', 'thenreturn', 'assert', 'return', 'getpool', 'active', 'exhausted', 'list', 'least', 'pools', 'pool', 'as', 'aslist', 'then', 'poolwith10active', 'leastactivebalancingpolicy', 'set', 'host', 'mockito', 'policy', 'hashset', 'test', 'cassandra', 'testskipexhausted', 'cassandrahost', 'balancing', 'assertequals', 'hash', 'with5', 'poolwith7active', 'with10']","['new', 'new', 'new', 'new', 'new', 'new', 'public', 'void']",8,0,0,0,0,0,0,0,0,0,0,0,0,0,0,0,0,0,0,0,0,0,0,0,0,0,0,0,0,0,0,6,0,0,0,1,0,0,0,0,0,0,0,0,0,0,0,0,0,1,0,0,0,0,0,0,0
10718,hector-client-hector,me.prettyprint.cassandra.connection.hthriftclienttest.testopenandclose,0,"['thrift', 'client', 'assertfalse', 'testopenandclose', 'hthriftclient', 'is', 'test', 'asserttrue', 'isopen', 'and', 'close', 'assert', 'true', 'open', 'false']","['public', 'void']",2,0,0,0,0,0,0,0,0,0,0,0,0,0,0,0,0,0,0,0,0,0,0,0,0,0,0,0,0,0,0,0,0,0,0,1,0,0,0,0,0,0,0,0,0,0,0,0,0,1,0,0,0,0,0,0,0
10719,hector-client-hector,me.prettyprint.cassandra.connection.hthriftclienttest.testfailondoubleopen,0,"['thrift', 'client', 'expected=', 'fail', 'exception.class', 'double', 'test', 'illegal', 'expected=illegalstateexception.class', 'on', 'state', 'testfailondoubleopen', 'hthriftclient', 'open']","['public', 'void']",2,0,0,0,0,0,0,0,0,0,0,0,0,0,0,0,0,0,0,0,0,0,0,0,0,0,0,0,0,0,0,0,0,0,0,1,0,0,0,0,0,0,0,0,0,0,0,0,0,1,0,0,0,0,0,0,0
10720,hector-client-hector,me.prettyprint.cassandra.connection.hthriftclienttest.testgetcassandranotopen,0,"['thrift', 'client', 'get', 'getcassandra', 'expected=', 'exception.class', 'testgetcassandranotopen', 'open', 'test', 'cassandra', 'illegal', 'state', 'not', 'hthriftclient', 'expected=illegalstateexception.class']","['public', 'void']",2,0,0,0,0,0,0,0,0,0,0,0,0,0,0,0,0,0,0,0,0,0,0,0,0,0,0,0,0,0,0,0,0,0,0,1,0,0,0,0,0,0,0,0,0,0,0,0,0,1,0,0,0,0,0,0,0
10723,hector-client-hector,me.prettyprint.cassandra.examples.exampledaov2test.testinsertgetdelete,1,"['serializer', 'equals', 'testinsertgetdelete', 'exampledaov', 'dao', 'key', 'assertnull', 'mycluster', 'get', 'null', 'getorcreatecluster', 'hectorexception', 'string', 'or', 'example', 'my', 'exception', 'stringserializer', 'insert', 'create', 'keyspace', 'createkeyspace', 'localhost', 'test', 'delete', 'value', 'cluster', 'assertequals', 'assert', 'hector']","['new', 'public', 'void', 'throws']",4,0,0,0,0,0,0,0,0,0,0,0,0,0,0,0,0,0,0,0,0,0,0,0,0,0,0,0,0,0,0,1,0,0,0,1,0,0,0,0,0,0,0,0,0,0,1,0,0,1,0,0,0,0,0,0,0
10724,hector-client-hector,me.prettyprint.cassandra.examples.exampledaov2test.testmultiinsertgetdelete,1,"['ret', 'map', 'serializer', 'put', 'insertmulti', 'equals', 'testmultiinsertgetdelete', 'exampledaov', 'dao', 'key', 'multi', 'assertnull', 'mycluster', 'hashmap', 'get', 'null', 'getorcreatecluster', 'getmulti', 'values', 'hectorexception', 'keyvalues', 'string', 'or', 'example', 'my', 'exception', 'stringserializer', 'insert', 'create', 'keyspace', 'createkeyspace', 'localhost', 'assertnotnull', 'test', 'delete', 'value', 'cluster', 'not', 'hash', 'assertequals', 'assert', 'hector']","['new', 'new', 'public', 'void', 'throws']",5,0,0,0,0,0,0,0,0,0,0,0,0,0,0,0,0,0,0,0,0,0,0,0,0,0,0,0,0,0,0,2,0,0,0,1,0,0,0,0,0,0,0,0,0,0,1,0,0,1,0,0,0,0,0,0,0
10726,hector-client-hector,me.prettyprint.cassandra.service.batchmutationtest.testaddinsertion,0,"['serializer', 'map', 'to', 'tobytebuffer', 'equals', 'standard', 'mutation', 'families', 'bytebuffer', 'key', 'add', 'buffer', 'get', 'mutationmap', 'addinsertion', 'currenttimemillis', 'columnfamilies', 'testaddinsertion', 'batchmutate', 'batch', 'list', 'val', 'string', 'getmutationmap', 'current', 'stringserializer', 'column', 'byte', 'insertion', 'name', 'system', 'millis', 'size', 'test', 'mutate', 'assertequals', 'time', 'assert']","['new', 'new', 'public', 'void']",4,0,0,0,0,0,0,0,0,0,0,0,0,0,0,0,0,0,0,0,0,0,0,0,0,0,0,0,0,0,0,2,0,0,0,1,0,0,0,0,0,0,0,0,0,0,0,0,0,1,0,0,0,0,0,0,0
10727,hector-client-hector,me.prettyprint.cassandra.service.batchmutationtest.testaddsuperinsertion,0,"['serializer', 'map', 'to', 'tobytebuffer', 'equals', 'standard', 'mutation', 'families', 'key', 'add', 'testaddsuperinsertion', 'buffer', 'supercolumn', 'get', 'currenttimemillis', 'assert', 'columnfamilies', 'batchmutate', 'batch', 'addsuperinsertion', 'list', 'val', 'string', 'getmutationmap', 'super', 'as', 'aslist', 'current', 'stringserializer', 'column', 'byte', 'insertion', 'name', 'system', 'millis', 'size', 'test', 'mutate', 'assertequals', 'arrays', 'time', 'sc']","['new', 'new', 'new', 'new', 'public', 'void']",6,0,0,0,0,0,0,0,0,0,0,0,0,0,0,0,0,0,0,0,0,0,0,0,0,0,0,0,0,0,0,4,0,0,0,1,0,0,0,0,0,0,0,0,0,0,0,0,0,1,0,0,0,0,0,0,0
10728,hector-client-hector,me.prettyprint.cassandra.service.batchmutationtest.testadddeletion,0,"['deletion', 'serializer', 'map', 'to', 'tobytebuffer', 'equals', 'standard', 'mutation', 'families', 'key', 'add', 'buffer', 'get', 'adddeletion', 'currenttimemillis', 'setpredicate', 'columnfamilies', 'names', 'slicepredicate', 'batch', 'batchmutate', 'slice', 'string', 'addtocolumn', 'getmutationmap', 'current', 'stringserializer', 'byte', 'set', 'column', 'name', 'system', 'millis', 'size', 'testadddeletion', 'test', 'mutate', 'assertequals', 'time', 'assert', 'predicate']","['new', 'new', 'new', 'new', 'public', 'void']",6,0,0,0,0,0,0,0,0,0,0,0,0,0,0,0,0,0,0,0,0,0,0,0,0,0,0,0,0,0,0,4,0,0,0,1,0,0,0,0,0,0,0,0,0,0,0,0,0,1,0,0,0,0,0,0,0
10732,hector-client-hector,me.prettyprint.cassandra.service.cassandrahostconfiguratortest.testconfigvaluespropogated,0,"['thrift', 'setmaxactive', 'equals', 'cassandrahosts', 'configurator', 'propogated', 'socket', 'config', 'hosts', 'get', 'getmaxidle', 'getcassandrathriftsockettimeout', 'getexhaustedpolicy', 'getmaxactive', 'buildcassandrahosts', 'exhausted', 'active', 'values', 'setexhaustedpolicy', 'build', 'max', 'exhaustedpolicy', 'wait', 'idle', 'cassandrahostconfigurator', 'set', 'setmaxwaittimewhenexhausted', 'localhost', 'host', 'timeout', 'policy', 'setmaxidle', 'testconfigvaluespropogated', 'when', 'test', 'grow', 'cassandra', 'cassandrahost', 'getmaxwaittimewhenexhausted', 'assertequals', 'time', 'assert', 'setcassandrathriftsockettimeout']","['new', 'public', 'void']",3,0,0,0,0,0,0,0,0,0,0,0,0,0,0,0,0,0,0,0,0,0,0,0,0,0,0,0,0,0,0,1,0,0,0,1,0,0,0,0,0,0,0,0,0,0,0,0,0,1,0,0,0,0,0,0,0
10733,hector-client-hector,me.prettyprint.cassandra.service.cassandrahostconfiguratortest.testapplyconfig,0,"['setmaxactive', 'equals', 'configurator', 'config', 'applyconfig', 'get', 'getmaxactive', 'active', 'extrahost', 'max', 'cassandrahostconfigurator', 'set', 'extra', 'apply', 'localhost', 'host', 'test', 'cassandra', 'cassandrahost', 'assertequals', 'testapplyconfig', 'assert']","['new', 'new', 'public', 'void']",4,0,0,0,0,0,0,0,0,0,0,0,0,0,0,0,0,0,0,0,0,0,0,0,0,0,0,0,0,0,0,2,0,0,0,1,0,0,0,0,0,0,0,0,0,0,0,0,0,1,0,0,0,0,0,0,0
10734,hector-client-hector,me.prettyprint.cassandra.service.cassandrahostconfiguratortest.testhostnameonlydefaultport,0,"['equals', 'default', 'cassandrahosts', 'port', 'configurator', 'hosts', 'get', 'buildcassandrahosts', 'build', 'testhostnameonlydefaultport', 'cassandrahostconfigurator', 'getport', 'localhost', 'host', 'test', 'cassandra', 'cassandrahost', 'assertequals', 'assert', 'hostname', 'only']","['new', 'public', 'void']",3,0,0,0,0,0,0,0,0,0,0,0,0,0,0,0,0,0,0,0,0,0,0,0,0,0,0,0,0,0,0,1,0,0,0,1,0,0,0,0,0,0,0,0,0,0,0,0,0,1,0,0,0,0,0,0,0
10735,hector-client-hector,me.prettyprint.cassandra.service.cassandrahostconfiguratortest.testhostnameonlydefaultportmultiplehosts,0,"['equals', 'default', 'cassandrahosts', 'port', 'configurator', 'hosts', 'testhostnameonlydefaultportmultiplehosts', 'multiple', 'get', 'buildcassandrahosts', 'build', 'cassandrahostconfigurator', 'getport', 'host', 'test', 'cassandra', 'cassandrahost', 'assertequals', 'assert', 'hostname', 'only']","['new', 'public', 'void']",3,0,0,0,0,0,0,0,0,0,0,0,0,0,0,0,0,0,0,0,0,0,0,0,0,0,0,0,0,0,0,1,0,0,0,1,0,0,0,0,0,0,0,0,0,0,0,0,0,1,0,0,0,0,0,0,0
10736,hector-client-hector,me.prettyprint.cassandra.service.cassandrahostconfiguratortest.testconfiguratorport,0,"['get', 'testconfiguratorport', 'build', 'setport', 'assert', 'equals', 'cassandrahostconfigurator', 'set', 'cassandrahosts', 'test', 'configurator', 'cassandra', 'buildcassandrahosts', 'cassandrahost', 'hosts', 'assertequals', 'getport', 'localhost', 'port', 'host']","['new', 'public', 'void']",3,0,0,0,0,0,0,0,0,0,0,0,0,0,0,0,0,0,0,0,0,0,0,0,0,0,0,0,0,0,0,1,0,0,0,1,0,0,0,0,0,0,0,0,0,0,0,0,0,1,0,0,0,0,0,0,0
10737,hector-client-hector,me.prettyprint.cassandra.service.cassandrahostconfiguratortest.testconfiguratorclockresolution,0,"['testconfiguratorclockresolution', 'configurator', 'clock', 'get', 'currenttimemillis', 'getclockresolution', 'resolution', 'assertnotsame', 'same', 'createclock', 'setclockresolution', 'sequential', 'current', 'override', 'cassandrahostconfigurator', 'set', 'create', 'clockresolution', 'sequentialclockresolution', 'localhost', 'system', 'host', 'millis', 'test', 'cassandra', 'not', 'time', 'assert']","['class', 'implements', 'public', 'long', 'return', 'new', 'new', 'public', 'void']",9,0,0,0,0,0,0,0,0,1,0,0,0,0,0,0,0,0,0,0,0,0,0,1,0,0,0,0,1,0,0,2,0,0,0,2,0,1,0,0,0,0,0,0,0,0,0,0,0,1,0,0,0,0,0,0,0
10739,hector-client-hector,me.prettyprint.cassandra.service.keyspacetest.testinsertandgetandremove,1,"['serializer', 'to', 'tobytebuffer', 'testinsertandgetandremove', 'equals', 'standard', 'getcolumn', 'setcolumn', 'path', 'state', 'buffer', 'such', 'bytes', 'cp', 'get', 'null', 'fail', 'illegalstateexception', 'nosuchelementexception', 'deleted', 'col', 'element', 'hnotfoundexception', 'illegalargumentexception', 'string', 'found', 'exception', 'set', 'column', 'insert', 'stringserializer', 'byte', 'illegal', 'remove', 'keyspace', 'argument', 'and', 'columnpath', 'already', 'assertnotnull', 'test', 'value', 'getvalue', 'assertequals', 'not', 'assert']","['new', 'for', 'int', 'for', 'int', 'for', 'int', 'for', 'int', 'try', 'catch', 'public', 'void', 'throws']",14,0,0,0,0,0,0,1,0,0,0,0,0,0,0,0,0,0,0,0,0,4,0,0,0,0,4,0,0,0,0,1,0,0,0,1,0,0,0,0,0,0,0,0,0,0,1,0,1,1,0,0,0,0,0,0,0
10740,hector-client-hector,me.prettyprint.cassandra.service.keyspacetest.testinsertsuper,1,"['serializer', 'connection', 'to', 'tobytebuffer', 'getsupercolumn', 'equals', 'testinsertsuper', 'clock', 'key', 'path', 'state', 'getcolumns', 'buffer', 'supercolumn', 'such', 'get', 'cp', 'bytes', 'null', 'illegalstateexception', 'assert', 'nosuchelementexception', 'getname', 'connectionmanager', 'createclock', 'element', 'hnotfoundexception', 'illegalargumentexception', 'string', 'setname', 'found', 'super', 'setsuper', 'exception', 'stringserializer', 'column', 'byte', 'create', 'insert', 'columnparent', 'set', 'illegal', 'remove', 'keyspace', 'name', 'argument', 'manager', 'columnpath', 'size', 'assertnotnull', 'test', 'value', 'parent', 'getvalue', 'assertequals', 'not', 'sc', 'columns']","['new', 'new', 'new', 'public', 'void', 'throws']",6,0,0,0,0,0,0,0,0,0,0,0,0,0,0,0,0,0,0,0,0,0,0,0,0,0,0,0,0,0,0,3,0,0,0,1,0,0,0,0,0,0,0,0,0,0,1,0,0,1,0,0,0,0,0,0,0
10741,hector-client-hector,me.prettyprint.cassandra.service.keyspacetest.testbatchinsertcolumn,0,"['testbatchinsertcolumn', 'exception', 'test', 'insert', 'column', 'batch', 'hectorexception', 'hector']","['public', 'void', 'throws']",3,0,0,0,0,0,0,0,0,0,0,0,0,0,0,0,0,0,0,0,0,0,0,0,0,0,0,0,0,0,0,0,0,0,0,1,0,0,0,0,0,0,0,0,0,0,1,0,0,1,0,0,0,0,0,0,0
10742,hector-client-hector,me.prettyprint.cassandra.service.keyspacetest.testbatchmutate,1,"['deletion', 'serializer', 'map', 'to', 'tobytebuffer', 'connection', 'columnorsupercolumn', 'put', 'equals', 'setdeletion', 'standard', 'getcolumn', 'mutation', 'se', 'clock', 'setcolumn', 'path', 'add', 'buffer', 'supercolumn', 'hashmap', 'get', 'mutationmap', 'bytes', 'cp', 'null', 'fail', 'array', 'assert', 'setpredicate', 'connectionmanager', 'names', 'cosc', 'col', 'testbatchmutatecolumn', 'batch', 'createclock', 'list', 'batchmutate', 'slicepredicate', 'hectorexception', 'outer', 'slice', 'string', 'or', 'hnotfoundexception', 'addtocolumn', 'found', 'super', 'exception', 'stringserializer', 'column', 'byte', 'create', 'mutations', 'set', 'keyspace', 'manager', 'columnpath', 'testbatchmutate', 'outermutationmap', 'clear', 'assertnotnull', 'test', 'value', 'getvalue', 'mutate', 'hash', 'not', 'assertequals', 'arraylist', 'tobytesmap', 'hector', 'predicate']","['new', 'for', 'int', 'new', 'new', 'for', 'int', 'new', 'new', 'new', 'for', 'int', 'for', 'int', 'new', 'for', 'int', 'new', 'new', 'new', 'for', 'int', 'new', 'new', 'for', 'int', 'for', 'int', 'new', 'try', 'catch', 'public', 'void', 'throws']",34,0,0,0,0,0,0,1,0,0,0,0,0,0,0,0,0,0,0,0,0,8,0,0,0,0,8,0,0,0,0,13,0,0,0,1,0,0,0,0,0,0,0,0,0,0,1,0,1,1,0,0,0,0,0,0,0
10743,hector-client-hector,me.prettyprint.cassandra.service.keyspacetest.testbatchmutatebatchmutation,1,"['deletion', 'serializer', 'connection', 'to', 'tobytebuffer', 'equals', 'standard', 'getcolumn', 'mutation', 'families', 'clock', 'setcolumn', 'path', 'add', 'buffer', 'get', 'cp', 'bytes', 'null', 'adddeletion', 'addinsertion', 'fail', 'setpredicate', 'columnfamilies', 'connectionmanager', 'names', 'col', 'testbatchmutatecolumn', 'batch', 'createclock', 'list', 'batchmutate', 'slicepredicate', 'hectorexception', 'slice', 'hnotfoundexception', 'string', 'addtocolumn', 'found', 'testbatchmutatebatchmutation', 'as', 'exception', 'aslist', 'stringserializer', 'column', 'byte', 'create', 'set', 'insertion', 'not', 'keyspace', 'manager', 'columnpath', 'assertnotnull', 'batchmutation', 'test', 'value', 'getvalue', 'mutate', 'assertequals', 'arrays', 'assert', 'hector', 'predicate']","['new', 'for', 'int', 'for', 'int', 'new', 'for', 'int', 'for', 'int', 'new', 'new', 'for', 'int', 'new', 'for', 'int', 'new', 'for', 'int', 'for', 'int', 'new', 'try', 'catch', 'public', 'void', 'throws']",28,0,0,0,0,0,0,1,0,0,0,0,0,0,0,0,0,0,0,0,0,8,0,0,0,0,8,0,0,0,0,7,0,0,0,1,0,0,0,0,0,0,0,0,0,0,1,0,1,1,0,0,0,0,0,0,0
10744,hector-client-hector,me.prettyprint.cassandra.service.keyspacetest.testbatchupdateinsertanddelonsame,1,"['deletion', 'serializer', 'connection', 'to', 'tobytebuffer', 'equals', 'standard', 'getcolumn', 'mutation', 'families', 'setcolumn', 'clock', 'path', 'update', 'key', 'add', 'buffer', 'should', 'bytes', 'get', 'null', 'arrays', 'adddeletion', 'addinsertion', 'fail', 'cp', 'setpredicate', 'columnfamilies', 'connectionmanager', 'names', 'same', 'col', 'testbatchmutatecolumn', 'batch', 'createclock', 'list', 'slicepredicate', 'batchmutate', 'hectorexception', 'through', 'slice', 'inser', 'string', 'val', 'addtocolumn', 'testbatchupdateinsertanddelonsame', 'found', 'as', 'exception', 'aslist', 'set', 'column', 'insert', 'stringserializer', 'byte', 'create', 'insertion', 'deletethroughinserbatch', 'keyspace', 'and', 'manager', 'columnpath', 'sta', 'del', 'assertnotnull', 'batchmutation', 'test', 'delete', 'value', 'on', 'getvalue', 'mutate', 'assertequals', 'not', 'assert', 'hector', 'predicate']","['new', 'new', 'for', 'int', 'for', 'int', 'new', 'new', 'new', 'try', 'catch', 'for', 'int', 'for', 'int', 'new', 'public', 'void', 'throws']",19,0,0,0,0,0,0,1,0,0,0,0,0,0,0,0,0,0,0,0,0,4,0,0,0,0,4,0,0,0,0,6,0,0,0,1,0,0,0,0,0,0,0,0,0,0,1,0,1,1,0,0,0,0,0,0,0
10745,hector-client-hector,me.prettyprint.cassandra.service.keyspacetest.testgetsupercolumn,0,"['get', 'super', 'exception', 'test', 'column', 'testgetsupercolumn', 'hectorexception', 'hector']","['public', 'void', 'throws']",3,0,0,0,0,0,0,0,0,0,0,0,0,0,0,0,0,0,0,0,0,0,0,0,0,0,0,0,0,0,0,0,0,0,0,1,0,0,0,0,0,0,0,0,0,0,1,0,0,1,0,0,0,0,0,0,0
10746,hector-client-hector,me.prettyprint.cassandra.service.keyspacetest.testgetslice,1,"['serializer', 'to', 'tobytebuffer', 'slicerange', 'wrap', 'getslice', 'equals', 'gotlist', 'setslice', 'standard', 'bytebuffer', 'setcolumn', 'collections', 'path', 'add', 'buffer', 'cols', 'bytes', 'cp', 'get', 'null', 'array', 'assert', 'getname', 'slicepredicate', 'list', 'hectorexception', 'slice', 'string', 'columnnames', 'range', 'exception', 'sr', 'set', 'column', 'insert', 'stringserializer', 'byte', 'columnparent', 'remove', 'keyspace', 'name', 'sort', 'columnpath', 'sp', 'size', 'assertnotnull', 'testgetslice', 'test', 'value', 'parent', 'assertequals', 'not', 'arraylist', 'clp', 'hector', 'predicate']","['new', 'for', 'int', 'new', 'new', 'new', 'new', 'byte', 'new', 'byte', 'false', 'new', 'new', 'for', 'int', 'new', 'public', 'void', 'throws']",19,0,0,0,0,2,0,0,0,0,0,0,0,0,0,0,0,0,0,0,0,2,0,0,0,0,2,0,0,0,0,9,0,0,0,1,0,0,0,0,0,0,0,0,0,0,1,0,0,1,0,0,0,0,1,0,0
10747,hector-client-hector,me.prettyprint.cassandra.service.keyspacetest.testgetsuperslice,1,"['serializer', 'to', 'tobytebuffer', 'slicerange', 'wrap', 'equals', 'setslice', 'bytebuffer', 'setcolumn', 'path', 'buffer', 'supercolumn', 'cols', 'bytes', 'cp', 'get', 'null', 'assert', 'slicepredicate', 'list', 'hectorexception', 'slice', 'string', 'range', 'setsuper', 'super', 'getsuperslice', 'sr', 'exception', 'set', 'column', 'insert', 'stringserializer', 'byte', 'columnparent', 'remove', 'keyspace', 'columnpath', 'sp', 'size', 'assertnotnull', 'test', 'value', 'parent', 'assertequals', 'not', 'testgetsuperslice', 'clp', 'hector', 'predicate']","['for', 'int', 'new', 'new', 'new', 'new', 'new', 'byte', 'new', 'byte', 'false', 'new', 'new', 'public', 'void', 'throws']",16,0,0,0,0,2,0,0,0,0,0,0,0,0,0,0,0,0,0,0,0,1,0,0,0,0,1,0,0,0,0,8,0,0,0,1,0,0,0,0,0,0,0,0,0,0,1,0,0,1,0,0,0,0,1,0,0
10748,hector-client-hector,me.prettyprint.cassandra.service.keyspacetest.testmultigetcolumn,0,"['serializer', 'to', 'tobytebuffer', 'testmultigetcolumn', 'standard', 'setcolumn', 'path', 'add', 'buffer', 'bytes', 'cp', 'get', 'array', 'list', 'hectorexception', 'string', 'exception', 'multiget', 'set', 'column', 'insert', 'stringserializer', 'byte', 'keys', 'remove', 'keyspace', 'columnpath', 'test', 'value', 'arraylist', 'hector']","['new', 'new', 'for', 'int', 'for', 'int', 'public', 'void', 'throws']",9,0,0,0,0,0,0,0,0,0,0,0,0,0,0,0,0,0,0,0,0,2,0,0,0,0,2,0,0,0,0,2,0,0,0,1,0,0,0,0,0,0,0,0,0,0,1,0,0,1,0,0,0,0,0,0,0
10749,hector-client-hector,me.prettyprint.cassandra.service.keyspacetest.testmultigetsupercolumn,0,"['super', 'exception', 'multiget', 'test', 'column', 'hectorexception', 'testmultigetsupercolumn', 'hector']","['public', 'void', 'throws']",3,0,0,0,0,0,0,0,0,0,0,0,0,0,0,0,0,0,0,0,0,0,0,0,0,0,0,0,0,0,0,0,0,0,0,1,0,0,0,0,0,0,0,0,0,0,1,0,0,1,0,0,0,0,0,0,0
10750,hector-client-hector,me.prettyprint.cassandra.service.keyspacetest.testmultigetslice,1,"['ms', 'serializer', 'map', 'to', 'tobytebuffer', 'slicerange', 'wrap', 'equals', 'testmultigetslice', 'setslice', 'standard', 'from', 'se', 'bytebuffer', 'setcolumn', 'multigetslice', 'path', 'asserttrue', 'with', 'add', 'buffer', 'bytes', 'cp', 'get', 'null', 'tobyteslist', 'array', 'assert', 'slicepredicate', 'frombytesmap', 'list', 'starts', 'hectorexception', 'slice', 'string', 'range', 'exception', 'sr', 'multiget', 'set', 'column', 'insert', 'stringserializer', 'byte', 'columnparent', 'keys', 'remove', 'keyspace', 'true', 'columnpath', 'sp', 'size', 'cl', 'assertnotnull', 'startswith', 'test', 'value', 'parent', 'getvalue', 'assertequals', 'not', 'arraylist', 'clp', 'hector', 'predicate']","['new', 'new', 'for', 'int', 'new', 'new', 'new', 'byte', 'new', 'byte', 'false', 'new', 'for', 'int', 'for', 'int', 'public', 'void', 'throws']",19,0,0,0,0,2,0,0,0,0,0,0,0,0,0,0,0,0,0,0,0,3,0,0,0,0,3,0,0,0,0,7,0,0,0,1,0,0,0,0,0,0,0,0,0,0,1,0,0,1,0,0,0,0,1,0,0
10751,hector-client-hector,me.prettyprint.cassandra.service.keyspacetest.testmultigetslice_1,0,"['exception', 'multiget', 'testmultigetslice', 'test', 'hectorexception', 'slice', 'hector']","['public', 'void', 'throws']",3,0,0,0,0,0,0,0,0,0,0,0,0,0,0,0,0,0,0,0,0,0,0,0,0,0,0,0,0,0,0,0,0,0,0,1,0,0,0,0,0,0,0,0,0,0,1,0,0,1,0,0,0,0,0,0,0
10752,hector-client-hector,me.prettyprint.cassandra.service.keyspacetest.testmultigetsuperslice,0,"['super', 'exception', 'multiget', 'test', 'hectorexception', 'testmultigetsuperslice', 'slice', 'hector']","['public', 'void', 'throws']",3,0,0,0,0,0,0,0,0,0,0,0,0,0,0,0,0,0,0,0,0,0,0,0,0,0,0,0,0,0,0,0,0,0,0,1,0,0,0,0,0,0,0,0,0,0,1,0,0,1,0,0,0,0,0,0,0
10753,hector-client-hector,me.prettyprint.cassandra.service.keyspacetest.testgetcount,0,"['serializer', 'to', 'tobytebuffer', 'testinsertandgetandremove', 'standard', 'setcolumn', 'path', 'buffer', 'bytes', 'cp', 'get', 'testgetcount', 'hectorexception', 'string', 'count', 'exception', 'set', 'column', 'insert', 'stringserializer', 'byte', 'columnparent', 'remove', 'keyspace', 'and', 'columnpath', 'test', 'value', 'parent', 'clp', 'hector']","['for', 'int', 'new', 'new', 'new', 'public', 'void', 'throws']",8,0,0,0,0,0,0,0,0,0,0,0,0,0,0,0,0,0,0,0,0,1,0,0,0,0,1,0,0,0,0,3,0,0,0,1,0,0,0,0,0,0,0,0,0,0,1,0,0,1,0,0,0,0,0,0,0
10754,hector-client-hector,me.prettyprint.cassandra.service.keyspacetest.testgetrangeslice,0,"['serializer', 'to', 'tobytebuffer', 'slicerange', 'wrap', 'setslice', 'standard', 'ranage', 'bytebuffer', 'setcolumn', 'path', 'buffer', 'bytes', 'cp', 'get', 'testgetrangeslice', 'slicepredicate', 'hectorexception', 'slice', 'string', 'range', 'exception', 'sr', 'set', 'column', 'insert', 'stringserializer', 'byte', 'columnparent', 'remove', 'keyspace', 'testgetranageslice', 'columnpath', 'sp', 'test', 'value', 'parent', 'clp', 'hector', 'predicate']","['for', 'int', 'new', 'new', 'new', 'new', 'byte', 'new', 'byte', 'false', 'new', 'new', 'public', 'void', 'throws']",15,0,0,0,0,2,0,0,0,0,0,0,0,0,0,0,0,0,0,0,0,1,0,0,0,0,1,0,0,0,0,7,0,0,0,1,0,0,0,0,0,0,0,0,0,0,1,0,0,1,0,0,0,0,1,0,0
10755,hector-client-hector,me.prettyprint.cassandra.service.keyspacetest.testgetrangeslices,0,"['serializer', 'map', 'to', 'tobytebuffer', 'slicerange', 'wrap', 'equals', 'setstart', 'setslice', 'standard', 'from', 'setend', 'se', 'ranage', 'bytebuffer', 'setcolumn', 'key', 'path', 'getbytes', 'testgetranageslices', 'buffer', 'bytes', 'cp', 'get', 'null', 'end', 'keyrange', 'slicepredicate', 'frombytesmap', 'list', 'hectorexception', 'slice', 'testgetrangeslices', 'string', 'range', 'keyslices', 'exception', 'sr', 'slices', 'set', 'column', 'insert', 'stringserializer', 'byte', 'columnparent', 'remove', 'keyspace', 'start', 'columnpath', 'sp', 'size', 'assertnotnull', 'test', 'value', 'parent', 'getrangeslices', 'getvalue', 'assertequals', 'not', 'assert', 'clp', 'hector', 'predicate']","['for', 'int', 'new', 'new', 'new', 'new', 'byte', 'new', 'byte', 'false', 'new', 'new', 'null', 'new', 'public', 'void', 'throws']",17,0,0,0,0,2,0,0,0,0,0,0,0,0,0,0,0,0,0,0,0,1,0,0,0,0,1,0,0,0,0,8,0,0,0,1,0,0,0,0,0,0,0,0,0,0,1,0,0,1,0,0,0,1,1,0,0
10756,hector-client-hector,me.prettyprint.cassandra.service.keyspacetest.testgetsuperrangeslice,0,"['serializer', 'to', 'tobytebuffer', 'slicerange', 'wrap', 'setslice', 'bytebuffer', 'setcolumn', 'testgetsuperrangeslice', 'path', 'buffer', 'supercolumn', 'bytes', 'cp', 'get', 'slicepredicate', 'hectorexception', 'slice', 'string', 'range', 'setsuper', 'super', 'exception', 'sr', 'set', 'column', 'insert', 'stringserializer', 'byte', 'columnparent', 'remove', 'keyspace', 'columnpath', 'sp', 'test', 'value', 'parent', 'clp', 'hector', 'predicate']","['for', 'int', 'new', 'new', 'new', 'new', 'byte', 'new', 'byte', 'false', 'new', 'new', 'public', 'void', 'throws']",15,0,0,0,0,2,0,0,0,0,0,0,0,0,0,0,0,0,0,0,0,1,0,0,0,0,1,0,0,0,0,7,0,0,0,1,0,0,0,0,0,0,0,0,0,0,1,0,0,1,0,0,0,0,1,0,0
10757,hector-client-hector,me.prettyprint.cassandra.service.keyspacetest.testgetsuperrangeslices,0,"['serializer', 'map', 'to', 'tobytebuffer', 'slicerange', 'wrap', 'equals', 'setstart', 'setslice', 'from', 'setend', 'se', 'rang', 'bytebuffer', 'setcolumn', 'key', 'path', 'getbytes', 'getcolumns', 'buffer', 'supercolumn', 'getsuperrangeslices', 'bytes', 'cp', 'get', 'null', 'end', 'keyrange', 'testgetsuperrangslices', 'slicepredicate', 'frombytesmap', 'list', 'hectorexception', 'slice', 'string', 'range', 'setsuper', 'super', 'keyslices', 'exception', 'sr', 'slices', 'set', 'column', 'insert', 'stringserializer', 'byte', 'columnparent', 'remove', 'keyspace', 'start', 'testgetsuperrangeslices', 'columnpath', 'sp', 'size', 'assertnotnull', 'test', 'value', 'parent', 'getvalue', 'assertequals', 'not', 'assert', 'clp', 'columns', 'hector', 'predicate']","['for', 'int', 'new', 'new', 'new', 'new', 'byte', 'new', 'byte', 'false', 'new', 'new', 'null', 'new', 'public', 'void', 'throws']",17,0,0,0,0,2,0,0,0,0,0,0,0,0,0,0,0,0,0,0,0,1,0,0,0,0,1,0,0,0,0,8,0,0,0,1,0,0,0,0,0,0,0,0,0,0,1,0,0,1,0,0,0,1,1,0,0
10758,hector-client-hector,me.prettyprint.cassandra.service.keyspacetest.testmultigetcount,1,"['serializer', 'map', 'to', 'tobytebuffer', 'slicerange', 'wrap', 'equals', 'setslice', 'standard', 'bytebuffer', 'setcolumn', 'key', 'path', 'add', 'buffer', 'get', 'cp', 'testmultigetcount', 'array', 'assert', 'slicepredicate', 'list', 'next', 'slice', 'string', 'range', 'counts', 'count', 'integer', 'entry', 'sr', 'multiget', 'byte', 'column', 'set', 'stringserializer', 'insert', 'columnparent', 'entryset', 'keys', 'keyspace', 'columnpath', 'multigetcount', 'size', 'test', 'value', 'parent', 'getvalue', 'iterator', 'assertequals', 'arraylist', 'clp', 'predicate']","['new', 'for', 'int', 'for', 'int', 'new', 'if', 'new', 'new', 'new', 'new', 'byte', 'new', 'byte', 'false', 'new', 'new', 'false', 'new', 'public', 'void']",21,0,0,0,0,2,0,0,0,0,0,0,0,0,0,0,0,0,0,0,0,2,1,0,0,0,2,0,0,0,0,10,0,0,0,1,0,0,0,0,0,0,0,0,0,0,0,0,0,1,0,0,0,0,2,0,0
10759,hector-client-hector,me.prettyprint.cassandra.service.keyspacetest.testgetconsistencylevel,0,"['get', 'quorum', 'hconsistencylevel', 'getconsistencylevel', 'equals', 'test', 'type', 'consistency', 'level', 'assertequals', 'keyspace', 'read', 'operationtype', 'assert', 'operation', 'testgetconsistencylevel']","['public', 'void']",2,0,0,0,0,0,0,0,0,0,0,0,0,0,0,0,0,0,0,0,0,0,0,0,0,0,0,0,0,0,0,0,0,0,0,1,0,0,0,0,0,0,0,0,0,0,0,0,0,1,0,0,0,0,0,0,0
10760,hector-client-hector,me.prettyprint.cassandra.service.keyspacetest.testgetkeyspacename,0,"['get', 'equals', 'getname', 'test', 'testgetkeyspacename', 'keyspace', 'assertequals', 'name', 'assert']","['public', 'void']",2,0,0,0,0,0,0,0,0,0,0,0,0,0,0,0,0,0,0,0,0,0,0,0,0,0,0,0,0,0,0,0,0,0,0,1,0,0,0,0,0,0,0,0,0,0,0,0,0,1,0,0,0,0,0,0,0
10764,hector-client-hector,me.prettyprint.cassandra.utils.timeuuidutilstest.testtimeuuidwithclockresolution,1,"['to', 'first', 'equals', 'java', 'from', 'fromstring', 'asserttrue', 'clock', 'with', 'utils', 'com', 'get', 'getclockseqandnode', 'node', 'eaio', 'sync', 'compareto', 'testtimeuuidwithclockresolution', 'microseconds', 'resolution', 'createtime', 'timeuuidutils', 'gen', 'createclock', 'gettimeuuid', 'string', 'exception', 'compare', 'create', 'tostring', 'clockresolution', 'and', 'second', 'uuidgen', 'uuid', 'microsecondsclockresolution', 'test', 'microsecondssyncclockresolution', 'seq', 'assertequals', 'util', 'time', 'assert', 'true']","['new', 'long', 'new', 'new', 'public', 'void', 'throws']",7,0,0,0,0,0,0,0,0,0,0,0,0,0,0,0,0,0,0,0,0,0,0,0,0,0,0,0,1,0,0,3,0,0,0,1,0,0,0,0,0,0,0,0,0,0,1,0,0,1,0,0,0,0,0,0,0
10765,hector-client-hector,me.prettyprint.cassandra.utils.timeuuidutilstest.testtimeuuidasbytearray,0,"['gettimefromuuid', 'to', 'equals', 'from', 'din', 'utils', 'in', 'get', 'unique', 'uuidafterconversion', 'array', 'timeuuidutils', 'asbytearray', 'testtimeuuidasbytearray', 'getuniquetimeuuidinmillis', 'as', 'byte', 'after', 'conversion', 'millis', 'timeinuuid', 'uuid', 'test', 'touuid', 'assertequals', 'timestamp', 'time', 'assert']","['long', 'public', 'void']",3,0,0,0,0,0,0,0,0,0,0,0,0,0,0,0,0,0,0,0,0,0,0,0,0,0,0,0,1,0,0,0,0,0,0,1,0,0,0,0,0,0,0,0,0,0,0,0,0,1,0,0,0,0,0,0,0
10766,hector-client-hector,me.prettyprint.cassandra.utils.timeuuidutilstest.testtimeuuidasbytebuffer,0,"['equals', 'din', 'utils', 'buffer', 'get', 'unique', 'asbytebuffer', 'timeuuidutils', 'testtimeuuidasbytebuffer', 'actual', 'actualuuid', 'getuniquetimeuuidinmillis', 'as', 'byte', 'expected', 'millis', 'uuid', 'test', 'assertequals', 'time', 'assert', 'expecteduuid']","['public', 'void']",2,0,0,0,0,0,0,0,0,0,0,0,0,0,0,0,0,0,0,0,0,0,0,0,0,0,0,0,0,0,0,0,0,0,0,1,0,0,0,0,0,0,0,0,0,0,0,0,0,1,0,0,0,0,0,0,0
10769,hector-client-hector,me.prettyprint.cassandra.model.indexedslicesquerytest.testinsertgetremove,0,"['le', 'equals', 'se', 'cf', 'indexedslicesquery', 'key', 'add', 'addequalsexpression', 'get', 'getlist', 'setcolumnfamily', 'assert', 'return', 'ordered', 'list', 'orderedrows', 'birthyear', 'string', 'result', 'rows', 'slices', 'set', 'column', 'long', 'insert', 'testinsertgetremove', 'keys', 'remove', 'keyspace', 'setreturnkeysonly', 'start', 'setstartkey', 'expression', 'family', 'execute', 'size', '1975l', 'test', 'query', 'assertequals', 'indexed', 'queryresult', 'only']","['new', 'public', 'void']",3,0,0,0,0,0,0,0,0,0,0,0,0,0,0,0,0,0,0,0,0,0,0,0,0,0,0,0,0,0,0,1,0,0,0,1,0,0,0,0,0,0,0,0,0,0,0,0,0,1,0,0,0,0,0,0,0
10770,hector-client-hector,me.prettyprint.cassandra.model.indexedslicesquerytest.testmulticlause,0,"['le', 'equals', 'setcolumnnames', 'se', 'cf', 'indexedslicesquery', 'key', 'multi', 'add', 'addequalsexpression', '4l', 'get', 'getlist', 'setcolumnfamily', 'assert', 'names', 'ordered', 'list', 'orderedrows', 'lte', 'birthmonth', 'birthyear', 'string', 'gte', 'testmulticlause', 'result', 'rows', 'slices', 'set', 'column', 'long', 'keyspace', 'start', 'setstartkey', 'expression', 'family', 'execute', 'clause', 'size', 'addgteexpression', '1975l', '6l', 'test', 'query', 'addlteexpression', 'indexed', 'assertequals', 'queryresult']","['new', 'public', 'void']",3,0,0,0,0,0,0,0,0,0,0,0,0,0,0,0,0,0,0,0,0,0,0,0,0,0,0,0,0,0,0,1,0,0,0,1,0,0,0,0,0,0,0,0,0,0,0,0,0,1,0,0,0,0,0,0,0
10771,hector-client-hector,me.prettyprint.cassandra.model.indexedslicesquerytest.testeqclausemiss,0,"['le', 'equals', 'setcolumnnames', 'se', 'cf', 'indexedslicesquery', 'key', 'add', 'addequalsexpression', '4l', 'get', 'getlist', 'setcolumnfamily', 'eq', 'assert', 'names', 'ordered', 'list', 'orderedrows', 'lte', 'birthmonth', 'birthyear', 'string', 'gte', 'result', 'rows', 'slices', 'set', 'column', 'long', 'keyspace', 'start', 'testeqclausemiss', 'setstartkey', 'expression', 'family', 'execute', 'clause', 'size', 'addgteexpression', '6l', 'test', 'query', '5l', 'miss', 'addlteexpression', 'indexed', 'assertequals', 'queryresult']","['new', 'public', 'void']",3,0,0,0,0,0,0,0,0,0,0,0,0,0,0,0,0,0,0,0,0,0,0,0,0,0,0,0,0,0,0,1,0,0,0,1,0,0,0,0,0,0,0,0,0,0,0,0,0,1,0,0,0,0,0,0,0
10772,hector-client-hector,me.prettyprint.cassandra.model.indexedslicesquerytest.testrowcountlimit,0,"['le', 'equals', 'setcolumnnames', 'se', 'cf', 'indexedslicesquery', 'key', 'add', 'row', 'addequalsexpression', '4l', 'get', 'getlist', 'setcolumnfamily', 'assert', 'names', 'ordered', 'list', 'orderedrows', 'lte', 'birthmonth', 'birthyear', 'string', 'gte', 'count', 'result', 'rows', 'slices', 'set', 'column', 'long', 'keyspace', 'start', 'setrowcount', 'setstartkey', 'expression', 'family', 'execute', 'size', 'addgteexpression', '1975l', '6l', 'test', 'query', 'addlteexpression', 'indexed', 'assertequals', 'testrowcountlimit', 'queryresult', 'limit']","['new', 'public', 'void']",3,0,0,0,0,0,0,0,0,0,0,0,0,0,0,0,0,0,0,0,0,0,0,0,0,0,0,0,0,0,0,1,0,0,0,1,0,0,0,0,0,0,0,0,0,0,0,0,0,1,0,0,0,0,0,0,0
10774,hector-client-hector,me.prettyprint.cassandra.model.configurableconsistencyleveltest.testreadwritesame,0,"['hconsistencylevel', 'equals', 'mycolumnfamily', 'type', 'consistency', 'level', 'operationtype', 'get', 'write', 'same', 'configurable', 'operation', 'my', 'column', 'testreadwritesame', 'read', 'one', 'family', 'test', 'assertequals', 'configurableconsistencylevel', 'assert']","['public', 'void']",2,0,0,0,0,0,0,0,0,0,0,0,0,0,0,0,0,0,0,0,0,0,0,0,0,0,0,0,0,0,0,0,0,0,0,1,0,0,0,0,0,0,0,0,0,0,0,0,0,1,0,0,0,0,0,0,0
10775,hector-client-hector,me.prettyprint.cassandra.model.configurableconsistencyleveltest.testdefaults,0,"['defaults', 'map', 'hconsistencylevel', 'equals', 'levels', 'default', 'mycolumnfamily', 'type', 'cf', 'consistency', 'level', 'operationtype', 'hashmap', 'get', 'write', 'setwritecfconsistencylevels', 'all', 'configurable', 'operation', 'string', 'my', 'set', 'column', 'testdefaults', 'family', 'setdefaultwriteconsistencylevel', 'test', 'hash', 'assertequals', 'configurableconsistencylevel', 'assert']","['new', 'public', 'void']",3,0,0,0,0,0,0,0,0,0,0,0,0,0,0,0,0,0,0,0,0,0,0,0,0,0,0,0,0,0,0,1,0,0,0,1,0,0,0,0,0,0,0,0,0,0,0,0,0,1,0,0,0,0,0,0,0
10776,hector-client-hector,me.prettyprint.cassandra.model.configurableconsistencyleveltest.testsetruntimecl,0,"['hconsistencylevel', 'equals', 'type', 'cf', 'any', 'consistency', 'level', 'operationtype', 'get', 'configurable', 'operation', 'setconsistencylevelforcfoperation', 'othercf', 'set', 'read', 'runtime', 'cl', 'test', 'testsetruntimecl', 'for', 'assertequals', 'configurableconsistencylevel', 'assert', 'other']","['public', 'void']",2,0,0,0,0,0,0,0,0,0,0,0,0,0,0,0,0,0,0,0,0,0,0,0,0,0,0,0,0,0,0,0,0,0,0,1,0,0,0,0,0,0,0,0,0,0,0,0,0,1,0,0,0,0,0,0,0
10779,hector-client-hector,me.prettyprint.cassandra.model.multigetcountquerytest.testmultigetcount,1,"['map', 'to', 'toarray', 'equals', 'standard', 'setcolumnnames', 'mutator', 'se', 'cf', 'key', 'createmutator', 'add', 'get', 'setcolumnfamily', 'addinsertion', 'array', 'assert', 'testmultigetcount', 'names', 'createcolumn', 'list', 'mcq', 'string', 'count', 'result', 'integer', 'multiget', 'queryresult', 'set', 'column', 'create', 'insertion', 'keys', 'keyspace', 'name', 'setkeys', 'family', 'execute', 'size', 'test', 'query', 'value', 'multigetcountquery', 'assertequals', 'arraylist']","['new', 'for', 'int', 'new', 'new', 'public', 'void']",7,0,0,0,0,0,0,0,0,0,0,0,0,0,0,0,0,0,0,0,0,1,0,0,0,0,1,0,0,0,0,3,0,0,0,1,0,0,0,0,0,0,0,0,0,0,0,0,0,1,0,0,0,0,0,0,0
10782,hector-client-hector,me.prettyprint.cassandra.model.abstractslicequerytest.testgetsetpredicate_columnnames,0,"['getslice', 'equals', 'getcolumn', 'setcolumnnames', 'se', 'testgetsetpredicate', 'concrete', 'assertnull', 'get', 'null', 'queury', 'names', 'slicepredicate', 'ko', 'slice', 'concreteslicequeury', 'string', 'columnnames', 'range', 'rows', 'getpredicate', 'set', 'column', 'size', 'test', 'assertequals', 'assert', 'predicate']","['new', 'public', 'void']",3,0,0,0,0,0,0,0,0,0,0,0,0,0,0,0,0,0,0,0,0,0,0,0,0,0,0,0,0,0,0,1,0,0,0,1,0,0,0,0,0,0,0,0,0,0,0,0,0,1,0,0,0,0,0,0,0
10783,hector-client-hector,me.prettyprint.cassandra.model.abstractslicequerytest.testgetsetpredicate_range,0,"['getslice', 'slicerange', 'getfinish', 'equals', 'getcolumn', 'se', 'assertarrayequals', 'getcount', 'concrete', 'assertnull', 'testgetsetpredicate', 'finish', 'get', 'null', 'bytes', 'queury', 'array', 'getstart', 'names', 'slicepredicate', 'ko', 'slice', 'concreteslicequeury', 'string', 'setrange', 'range', 'count', 'rows', 'getpredicate', 'set', 'column', 'start', 'assertnotnull', 'test', 'assertequals', 'not', 'assert', 'predicate']","['new', 'false', 'public', 'void']",4,0,0,0,0,0,0,0,0,0,0,0,0,0,0,0,0,0,0,0,0,0,0,0,0,0,0,0,0,0,0,1,0,0,0,1,0,0,0,0,0,0,0,0,0,0,0,0,0,1,0,0,0,0,1,0,0
10784,hector-client-hector,me.prettyprint.cassandra.model.columnslicetest.testconstruction,0,"['serializer', 'by', 'le', 'wrap', 'tcolumns', 'equals', 'to', 'is', 'tobytebuffer', 'se', 'empty', 'asserttrue', 'bytebuffer', 'getcolumns', 'add', 'buffer', 'get', 'array', 'assert', 'getcolumnbyname', 'list', 'slice', 'longserializer', 'string', 'isempty', 'stringserializer', 'column', 'long', 'byte', 'name', '1l', 'columnsliceimpl', 'size', 'testconstruction', 'impl', '0l', 'test', 'construction', 'value', 'getvalue', 'columnslice', 'assertequals', 'arraylist', 'true', 'columns']","['new', 'new', 'new', 'new', 'byte', 'new', 'byte', 'new', 'new', 'new', 'new', 'public', 'void']",13,0,0,0,0,2,0,0,0,0,0,0,0,0,0,0,0,0,0,0,0,0,0,0,0,0,0,0,0,0,0,9,0,0,0,1,0,0,0,0,0,0,0,0,0,0,0,0,0,1,0,0,0,0,0,0,0
10787,hector-client-hector,me.prettyprint.cassandra.model.mutatortest.testinsert,1,"['operated', 'standard', 'testinsert', 'mutator', 'se', 'mutation', 'exists', 'asserttrue', 'createmutator', 'execution', 'should', 'get', 'createcolumn', 'gethostused', 'used', 'getexecutiontimemicro', 'string', 'result', 'insert', 'column', 'create', 'micro', 'single', 'mr', 'keyspace', 'name', 'mutationresult', 'assertcolumnexists', 'host', 'test', 'value', 'time', 'assert', 'true']","['null', 'public', 'void']",3,0,0,0,0,0,0,0,0,0,0,0,0,0,0,0,0,0,0,0,0,0,0,0,0,0,0,0,0,0,0,0,0,0,0,1,0,0,0,0,0,0,0,0,0,0,0,0,0,1,0,0,0,1,0,0,0
10788,hector-client-hector,me.prettyprint.cassandra.model.mutatortest.testinsertsuper,0,"['operated', 'mutator', 'se', 'mutation', 'asserttrue', 'testinsertsuper', 'createmutator', 'add', 'hcolumn', 'execution', 'supercolumn', 'should', 'get', 'array', 'assert', 'sk', 'createcolumn', 'list', 'gethostused', 'used', 'getexecutiontimemicro', 'string', 'super', 'result', 'column', 'insert', 'create', 'micro', 'keyspace', 'name', 'mutationresult', 'host', 'columnlist', 'execute', 'test', 'value', 'time', 'hsupercolumn', 'arraylist', 'true', 'createsupercolumn']","['new', 'null', 'public', 'void']",4,0,0,0,0,0,0,0,0,0,0,0,0,0,0,0,0,0,0,0,0,0,0,0,0,0,0,0,0,0,0,1,0,0,0,1,0,0,0,0,0,0,0,0,0,0,0,0,0,1,0,0,0,1,0,0,0
10789,hector-client-hector,me.prettyprint.cassandra.model.mutatortest.testsubdelete,1,"['supercolumnquery', 'equals', 'addsubdelete', 'discardpendingmutations', 'mutator', 'se', 'mutation', 'scq', 'pending', 'key', 'createmutator', 'createsupercolumnquery', 'getcolumns', 'add', 'hcolumn', 'supercolumn', 'get', 'setcolumnfamily', 'array', 'setsupername', 'sk', 'assert', 'createcolumn', 'col', 'setsubcolumns', 'subcolumns', 'list', 'setkey', 'testsubdelete', 'val', 'string', 'super', 'result', 'sub', 'set', 'column', 'insert', 'create', 'mutations', 'remove', 'keyspace', 'name', 'mutationresult', 'family', 'columnlist', 'execute', 'size', 'factory', 'test', 'query', 'delete', 'hfactory', 'assertequals', 'discard', 'hsupercolumn', 'arraylist', 'columns', 'createsupercolumn']","['new', 'public', 'void']",3,0,0,0,0,0,0,0,0,0,0,0,0,0,0,0,0,0,0,0,0,0,0,0,0,0,0,0,0,0,0,1,0,0,0,1,0,0,0,0,0,0,0,0,0,0,0,0,0,1,0,0,0,0,0,0,0
10790,hector-client-hector,me.prettyprint.cassandra.model.mutatortest.testbatchmutationmanagement,1,"['deletion', 'operated', 'equals', 'discardpendingmutations', 'standard', 'mutator', 'se', 'cf', 'mutation', 'asserttrue', 'exists', 'pending', 'createmutator', 'add', 'execution', 'management', 'testbatchmutationmanagement', 'should', 'get', 'adddeletion', 'addinsertion', 'createcolumn', 'batch', 'gethostused', 'used', 'getexecutiontimemicro', 'string', 'result', 'column', 'create', 'micro', 'mutations', 'insertion', 'assertcolumnexists', 'keyspace', 'name', 'mutationresult', 'host', 'execute', 'test', 'value', 'assertequals', 'discard', 'time', 'assert', 'true']","['for', 'int', 'null', 'for', 'int', 'for', 'int', 'null', 'null', 'for', 'int', 'public', 'void']",13,0,0,0,0,0,0,0,0,0,0,0,0,0,0,0,0,0,0,0,0,4,0,0,0,0,4,0,0,0,0,0,0,0,0,1,0,0,0,0,0,0,0,0,0,0,0,0,0,1,0,0,0,3,0,0,0
10791,hector-client-hector,me.prettyprint.cassandra.model.mutatortest.testrowdeletion,1,"['deletion', 'equals', 'standard', 'mutator', 'se', 'cf', 'clock', 'key', 'createmutator', 'add', 'hcolumn', 'assertnull', 'row', 'get', 'null', 'setcolumnfamily', 'adddeletion', 'columnresult', 'addinsertion', 'assert', 'createcolumn', 'createclock', 'setkey', 'string', 'setname', 'result', 'testrowdeletion', 'set', 'column', 'create', 'insertion', 'createcolumnquery', 'keyspace', 'name', 'family', 'execute', 'test', 'initialtime', 'query', 'value', 'getvalue', 'assertequals', 'time', 'queryresult', 'initial']","['long', 'for', 'int', 'null', 'for', 'int', 'null', 'public', 'void']",9,0,0,0,0,0,0,0,0,0,0,0,0,0,0,0,0,0,0,0,0,2,0,0,0,0,2,0,1,0,0,0,0,0,0,1,0,0,0,0,0,0,0,0,0,0,0,0,0,1,0,0,0,2,0,0,0
10794,hector-client-hector,me.prettyprint.cassandra.model.rangeslicesquerytest.testkeysonlypredicate,0,"['le', 'equals', 'getcolumnslice', 'setcolumnnames', 'se', 'rangeslicesquery', 'cf', 'key', 'getcolumns', 'row', 'get', 'null', 'setcolumnfamily', 'assert', 'return', 'names', 'ordered', 'orderedrows', 'next', 'slice', 'birthmonth', 'string', 'birthyear', 'range', 'count', 'result', 'rows', 'slices', 'set', 'column', 'long', 'create', 'columns', 'keys', 'keyspace', 'setreturnkeysonly', 'setrowcount', 'setkeys', 'family', 'execute', 'createrangeslicesquery', 'size', 'factory', 'assertnotnull', 'getkey', 'test', 'testkeysonlypredicate', 'query', 'hfactory', 'iterator', 'assertequals', 'not', 'queryresult', 'only', 'predicate']","['public', 'void']",2,0,0,0,0,0,0,0,0,0,0,0,0,0,0,0,0,0,0,0,0,0,0,0,0,0,0,0,0,0,0,0,0,0,0,1,0,0,0,0,0,0,0,0,0,0,0,0,0,1,0,0,0,0,0,0,0
10795,hector-client-hector,me.prettyprint.cassandra.dao.simplecassandradaotest.testinsertgetdelete,1,"['get', 'null', 'simple', 'colname', 'equals', 'insert', 'test', 'delete', 'cassandra', 'value', 'col', 'fk', 'testinsertgetdelete', 'dao', 'name', 'assertequals', 'assert', 'assertnull', 'simplecassandradao']","['public', 'void']",2,0,0,0,0,0,0,0,0,0,0,0,0,0,0,0,0,0,0,0,0,0,0,0,0,0,0,0,0,0,0,0,0,0,0,1,0,0,0,0,0,0,0,0,0,0,0,0,0,1,0,0,0,0,0,0,0
10796,hector-client-hector,me.prettyprint.hector.api.hfactorytest.testcreateclockresolution,0,"['runtimeexception', 'exist', 'itdoesnotexist', 'seconds', 'asserttrue', 'clock', 'it', 'fail', 'createclockresolution', 'sync', 'milliseconds', 'resolution', 'microseconds', 'exception', 'millisecondsclockresolution', 'create', 'secondsclockresolution', 'clockresolution', 'does', 'runtime', 'factory', 'microsecondsclockresolution', 'test', 'microsecondssyncclockresolution', 'hfactory', 'testcreateclockresolution', 'not', 'assert', 'true']","['try', 'catch', 'instanceof', 'instanceof', 'instanceof', 'instanceof', 'public', 'void', 'throws']",9,0,0,0,0,0,0,1,0,0,0,0,0,0,0,0,0,0,0,0,0,0,0,0,0,4,0,0,0,0,0,0,0,0,0,1,0,0,0,0,0,0,0,0,0,0,1,0,1,1,0,0,0,0,0,0,0
10797,hector-client-hector,me.prettyprint.hector.api.clockresolutiontest.testmicrosecondssync,0,"['clock', 'debug', 'two', 'fail', 'createclockresolution', 'sync', 'microseconds', 'resolution', 'cycle', 'createclock', 'log', 'exception', 'current', 'create', 'clockresolution', 'calls', 'generated', 'factory', 'previous', 'test', 'hfactory', 'timestamp', 'testmicrosecondssync']","['long', 'for', 'int', 'long', 'if', 'public', 'void', 'throws']",8,0,0,0,0,0,0,0,0,0,0,0,0,0,0,0,0,0,0,0,0,1,1,0,0,0,1,0,2,0,0,0,0,0,0,1,0,0,0,0,0,0,0,0,0,0,1,0,0,1,0,0,0,0,0,0,0
10798,hector-client-hector,me.prettyprint.hom.hectorobjectmappertest.testcreateinstance,0,"['map', 'to', 'equals', 'lp', 'is', 'getintprop', 'cache', 'anonymous', 'getuuidprop', 'bytesarrayserializer', 'get', 'str', 'testcreateinstance', 'prop', 'cachemgr', 'slice', 'longserializer', 'column', 'long', 'isboolprop', 'dateserializer', 'uuid', 'mock', 'cfmapdef', '2l', 'assert', 'property', 'myserial', 'assertfalse', 'getbytesprop', 'dp', 'cf', 'uuidprop', 'mgr', 'integerserializer', 'array', 'getlongprop', 'bp', 'boolean', 'mapper', 'bean', 'stringserializer', 'create', 'createobject', 'uuidserializer', '1l', 'obj', 'object', 'ip', 'red', 'base', 'hectorobjectmapper', 'getserialprop', 'asserttrue', 'add', 'colors', 'instance', 'string', 'getdateprop', 'dateprop', 'intprop', 'name', 'extraprop', 'somebytes', 'strprop', 'sp', 'mytestbean', 'columnslicemockimpl', 'hector', 'getanonymousprop', 'serializer', 'objectserializer', 'getbytes', 'false', 'bytes', 'tobytes', 'booleanserializer', 'getname', 'getbaseid', 'cfmappingdef', 'randomuuid', 'int', 'getcfmapdef', 'longprop', 'my', 'integer', 'id', 'mapping', 'bytesprop', 'extra', 'bool', 'color', 'serialprop', 'getboolprop', 'gettime', 'getstrprop', 'serial', 'impl', 'random', 'date', 'test', 'assertequals', 'time', 'true', 'boolprop']","['long', 'int', 'boolean', 'false', 'true', 'new', 'byte', 'new', 'new', 'class', 'true', 'new', 'new', 'public', 'void']",15,0,0,1,0,1,0,0,0,1,0,0,0,0,0,0,0,0,0,0,0,0,0,0,0,0,1,0,1,0,0,5,0,0,0,1,0,0,0,0,0,0,0,0,0,0,0,0,0,1,0,0,2,0,1,0,0
10799,hector-client-hector,me.prettyprint.hom.hectorobjectmappertest.testcreatecolumnset,0,"['map', 'equals', 'lp', 'is', 'getintprop', 'props', 'cache', 'anonymous', 'getuuidprop', 'hcolumn', 'bytesarrayserializer', 'get', 'str', 'setbytesprop', 'prop', 'cachemgr', '222l', 'longserializer', 'testcreatecolumnset', 'column', 'long', 'isboolprop', 'dateserializer', 'uuid', '2l', 'assert', 'myserial', 'dp', 'setserialprop', 'mgr', 'integerserializer', 'array', 'getlongprop', 'addanonymousprop', 'rice', 'bp', 'boolean', 'mapper', 'bean', 'set', 'stringserializer', 'create', 'setstrprop', 'uuidserializer', 'collection', 'obj', 'object', 'ip', 'size', 'astr', 'setlongprop', 'beans', 'base', 'hectorobjectmapper', 'from', 'getserialprop', 'add', 'assertnull', 'colors', 'null', 'blue', 'foo', 'setbaseid', 'setcolor', 'createcolumnmap', 'string', 'setboolprop', 'getdateprop', 'setintprop', 'somebytes', 'sp', 'bar', 'mytestbean', 'value', 'hector', 'getanonymousprop', 'serializer', 'frombytes', 'objectserializer', 'setdateprop', 'getbytes', 'bytes', 'booleanserializer', 'randomuuid', 'int', 'col', '111l', 'my', 'getanonymousprops', 'integer', 'id', 'bool', 'color', 'getboolprop', 'serialprop', 'getstrprop', 'serial', 'added', 'test', 'random', 'date', 'setuuidprop', 'colmap', 'getvalue', 'assertequals']","['new', 'false', 'true', 'new', 'new', 'byte', 'new', 'long', 'int', 'new', 'public', 'void']",12,0,0,0,0,1,0,0,0,0,0,0,0,0,0,0,0,0,0,0,0,0,0,0,0,0,1,0,1,0,0,5,0,0,0,1,0,0,0,0,0,0,0,0,0,0,0,0,0,1,0,0,1,0,1,0,0
10800,hector-client-hector,me.prettyprint.hom.hectorobjectmappertest.testcreateinstancecustomidtype,0,"['serializer', 'map', 'to', 'green', 'equals', 'lp', 'type', 'cf', 'cache', 'add', 'mgr', 'colors', 'get', 'bytes', 'tobytes', 'getlongprop', 'instance', 'getid', 'cfmappingdef', 'prop', 'cachemgr', 'getcfmapdef', 'longprop', 'mapper', 'longserializer', 'slice', 'mycustomidbean', 'bean', 'my', 'id', 'mapping', 'custom', 'column', 'long', 'create', 'createobject', 'testcreateinstancecustomidtype', '1l', 'obj', 'object', 'impl', 'test', 'mock', 'columnslicemockimpl', 'cfmapdef', 'assertequals', 'assert', 'hector', 'hectorobjectmapper']","['long', 'new', 'class', 'true', 'new', 'public', 'void']",7,0,0,0,0,0,0,0,0,1,0,0,0,0,0,0,0,0,0,0,0,0,0,0,0,0,0,0,1,0,0,2,0,0,0,1,0,0,0,0,0,0,0,0,0,0,0,0,0,1,0,0,1,0,0,0,0
10801,hector-client-hector,me.prettyprint.hom.hectorobjectmappertest.testisserializable,0,"['object', 'uuid', 'is', 'testisserializable', 'test', 'asserttrue', 'isserializable', 'mapper', 'serializable', 'assert', 'true', 'hector', 'hectorobjectmapper']","['class', 'public', 'void']",3,0,0,0,0,0,0,0,0,1,0,0,0,0,0,0,0,0,0,0,0,0,0,0,0,0,0,0,0,0,0,0,0,0,0,1,0,0,0,0,0,0,0,0,0,0,0,0,0,1,0,0,0,0,0,0,0
10802,hector-client-hector,me.prettyprint.hom.hectorobjectmappertest.testisnotserializable,0,"['object', 'assertfalse', 'is', 'test', 'hectorobjectmapper', 'testisnotserializable', 'isserializable', 'mapper', 'not', 'serializable', 'assert', 'hector', 'false']","['class', 'public', 'void']",3,0,0,0,0,0,0,0,0,1,0,0,0,0,0,0,0,0,0,0,0,0,0,0,0,0,0,0,0,0,0,0,0,0,0,1,0,0,0,0,0,0,0,0,0,0,0,0,0,1,0,0,0,0,0,0,0
10804,hector-client-hector,me.prettyprint.hom.classcachemgrtest.testgetcolfammapdefbyclass,0,"['by', 'map', 'find', 'equals', 'initialize', 'cf', 'clazz', 'cache', 'mgr', 'base', 'get', 'null', 'getpropdesc', 'getname', 'cfmappingdef', 'getclazz', 'baseid', 'cachemgr', 'prop', 'col', 'getcfmapdef', 'initializecacheforclass', 'getidpropertydef', 'testgetcolfammapdefbyclass', 'classcachemgr', 'bean', 'my', 'mapping', 'id', 'long', 'class', 'properly', 'desc', 'name', 'assertnotnull', 'mytestbean', 'test', 'cfmapdef', 'fam', 'for', 'assertequals', 'not', 'assert', 'property']","['new', 'class', 'class', 'false', 'class', 'public', 'void']",7,0,0,0,0,0,0,0,0,3,0,0,0,0,0,0,0,0,0,0,0,0,0,0,0,0,0,0,0,0,0,1,0,0,0,1,0,0,0,0,0,0,0,0,0,0,0,0,0,1,0,0,0,0,1,0,0
10805,hector-client-hector,me.prettyprint.hom.classcachemgrtest.testgetcolfammapdefbyclassanonymousclassok,0,"['by', 'map', 'equals', 'initialize', 'is', 'cf', 'clazz', 'asserttrue', 'cache', 'tmpl', 'anonymous', 'tmplmap', 'mgr', 'testgetcolfammapdefbyclassanonymousclassok', 'get', 'null', 'isanonymousclass', 'cfmappingdef', 'getclazz', 'cachemgr', 'col', 'getcfmapdef', 'initializecacheforclass', 'classcachemgr', 'bean', 'my', 'mapping', 'long', 'class', '1l', 'getclass', 'assertnotnull', 'mytestbean', 'test', 'cfmapdef', 'fam', 'for', 'assertequals', 'not', 'assert', 'true']","['new', 'false', 'class', 'public', 'void']",5,0,0,0,0,0,0,0,0,1,0,0,0,0,0,0,0,0,0,0,0,0,0,0,0,0,0,0,0,0,0,1,0,0,0,1,0,0,0,0,0,0,0,0,0,0,0,0,0,1,0,0,0,0,1,0,0
10806,hector-client-hector,me.prettyprint.hom.classcachemgrtest.testgetcolfammapdefbyclasssubclassnotok,0,"['assertfalse', 'by', 'map', 'initialize', 'is', 'testgetcolfammapdefbyclasssubclassnotok', 'cf', 'cache', 'anonymous', 'state', 'mgr', 'false', 'get', 'isanonymousclass', 'new', 'cachemgr', 'col', 'getcfmapdef', 'initializecacheforclass', 'expected=illegalstateexception.class', 'classcachemgr', 'bean', 'expected=', 'my', 'illegal', 'class', 'obj', 'getclass', 'exception.class', 'newbean', 'mytestbean', 'test', 'subclass', 'fam', 'for', 'not', 'assert']","['new', 'class', 'new', 'true', 'public', 'void']",6,0,0,0,0,0,0,0,0,1,0,0,0,0,0,0,0,0,0,0,0,0,0,0,0,0,0,0,0,0,0,2,0,0,0,1,0,0,0,0,0,0,0,0,0,0,0,0,0,1,0,0,1,0,0,0,0
10807,hector-client-hector,me.prettyprint.hom.classcachemgrtest.testgetcolfammapdefbyclassanonymoussubclassnotok,0,"['by', 'map', 'initialize', 'is', 'cf', 'asserttrue', 'cache', 'tmpl', 'anonymous', 'state', 'tmplmap', 'mgr', 'testgetcolfammapdefbyclassanonymoussubclassnotok', 'get', 'isanonymousclass', 'cachemgr', 'col', 'getcfmapdef', 'initializecacheforclass', 'expected=illegalstateexception.class', 'classcachemgr', 'bean', 'expected=', 'my', 'illegal', 'class', 'getclass', 'exception.class', 'mytestbean', 'test', 'subclass', '2l', 'fam', 'for', 'not', 'assert', 'true']","['new', 'class', 'true', 'public', 'void']",5,0,0,0,0,0,0,0,0,1,0,0,0,0,0,0,0,0,0,0,0,0,0,0,0,0,0,0,0,0,0,1,0,0,0,1,0,0,0,0,0,0,0,0,0,0,0,0,0,1,0,0,1,0,0,0,0
10808,hector-client-hector,me.prettyprint.hom.classcachemgrtest.testinheritanceofentity,0,"['map', 'equals', 'initialize', 'type', 'cf', 'properties', 'clazz', 'testbeancolumnfamily', 'cache', 'getcfbasemapdef', 'mgr', 'base', 'mytype', 'of', 'get', 'null', 'getpropdesc', 'myredtestbean', 'getname', 'cfmappingdef', 'getclazz', 'baseid', 'cachemgr', 'col', 'prop', 'all', 'entity', 'initializecacheforclass', 'string', 'getdisccolumn', 'classcachemgr', 'discriminatortype', 'bean', 'getidpropertydef', 'my', 'mapping', 'getcolfamname', 'getdisctype', 'id', 'column', 'class', 'desc', 'name', 'getallproperties', 'disc', 'family', 'red', 'size', 'assertnotnull', 'discriminator', 'test', 'testinheritanceofentity', 'cfmapdef', 'fam', 'for', 'assertequals', 'not', 'inheritance', 'assert', 'property']","['new', 'class', 'class', 'public', 'void']",5,0,0,0,0,0,0,0,0,2,0,0,0,0,0,0,0,0,0,0,0,0,0,0,0,0,0,0,0,0,0,1,0,0,0,1,0,0,0,0,0,0,0,0,0,0,0,0,0,1,0,0,0,0,0,0,0
10809,hector-client-hector,me.prettyprint.hom.classcachemgrtest.testinheritancewithmultilevels,0,"['map', 'equals', 'getcfsupermapdef', 'initialize', 'levels', 'furniture', 'type', 'cf', 'properties', 'clazz', 'cache', 'getcfbasemapdef', 'with', 'multi', 'mgr', 'get', 'null', 'assert', 'getsuperclass', 'getpropdesc', 'getname', 'cfmappingdef', 'getclazz', 'cachemgr', 'col', 'prop', 'all', 'getcfmapdef', 'initializecacheforclass', 'string', 'getdisccolumn', 'classcachemgr', 'superclass', 'discriminatortype', 'getidpropertydef', 'super', 'mapping', 'getcolfamname', 'getdisctype', 'id', 'column', 'desk', 'class', 'desc', 'name', 'testinheritancewithmultilevels', 'getallproperties', 'disc', 'table', 'size', 'getdiscvalue', 'assertnotnull', 'discriminator', 'test', 'value', 'cfmapdef', 'fam', 'for', 'assertequals', 'not', 'inheritance', 'base', 'property', 'cfbasemapdef']","['new', 'class', 'class', 'true', 'class', 'class', 'public', 'void']",8,0,0,0,0,0,0,0,0,4,0,0,0,0,0,0,0,0,0,0,0,0,0,0,0,0,0,0,0,0,0,1,0,0,0,1,0,0,0,0,0,0,0,0,0,0,0,0,0,1,0,0,1,0,0,0,0
10810,hector-client-hector,me.prettyprint.hom.classcachemgrtest.testinheritanceofnonentity,0,"['map', 'equals', 'non', 'initialize', 'cf', 'properties', 'clazz', 'cache', 'getcfbasemapdef', 'mgr', 'assertnull', 'base', 'of', 'get', 'null', 'cfmappingdef', 'purple', 'getclazz', 'cachemgr', 'entity', 'all', 'initializecacheforclass', 'string', 'classcachemgr', 'bean', 'my', 'mapping', 'class', 'mypurpletestbean', 'getallproperties', 'size', 'test', 'testinheritanceofnonentity', 'cfmapdef', 'for', 'assertequals', 'inheritance', 'assert']","['new', 'class', 'class', 'public', 'void']",5,0,0,0,0,0,0,0,0,2,0,0,0,0,0,0,0,0,0,0,0,0,0,0,0,0,0,0,0,0,0,1,0,0,0,1,0,0,0,0,0,0,0,0,0,0,0,0,0,1,0,0,0,0,0,0,0
10812,hector-client-hector,me.prettyprint.hom.classcachemgrtest.testbadpojo,0,"['bean', 'expected=', 'my', 'exception.class', 'testbadpojo', 'initialize', 'pojo', 'test', 'mybadtestbean', 'cachemgr', 'class', 'illegal', 'cache', 'for', 'state', 'mgr', 'initializecacheforclass', 'expected=illegalstateexception.class', 'classcachemgr', 'bad']","['new', 'class', 'public', 'void']",4,0,0,0,0,0,0,0,0,1,0,0,0,0,0,0,0,0,0,0,0,0,0,0,0,0,0,0,0,0,0,1,0,0,0,1,0,0,0,0,0,0,0,0,0,0,0,0,0,1,0,0,0,0,0,0,0
10813,hector-client-hector,me.prettyprint.hom.classcachemgrtest.testbadidgettersetter,0,"['initialize', 'cache', 'state', 'mgr', 'cachemgr', 'initializecacheforclass', 'expected=illegalstateexception.class', 'classcachemgr', 'bad', 'bean', 'expected=', 'my', 'id', 'setter', 'illegal', 'class', 'mymissingidsetterbean', 'exception.class', 'test', 'testbadidgettersetter', 'for', 'missing', 'getter']","['new', 'class', 'public', 'void']",4,0,0,0,0,0,0,0,0,1,0,0,0,0,0,0,0,0,0,0,0,0,0,0,0,0,0,0,0,0,0,1,0,0,0,1,0,0,0,0,0,0,0,0,0,0,0,0,0,1,0,0,0,0,0,0,0
10814,hector-client-hector,me.prettyprint.hom.classcachemgrtest.testdupeentitycolumnfamilymapping,0,"['initialize', 'cache', 'state', 'mgr', 'testdupeentitycolumnfamilymapping', 'cachemgr', 'entity', 'initializecacheforclass', 'expected=illegalstateexception.class', 'classcachemgr', 'expected=', 'my', 'mapping', 'column', 'illegal', 'class', 'dupe', 'mydupecf', 'family', 'exception.class', 'test', 'for']","['new', 'class', 'class', 'public', 'void']",5,0,0,0,0,0,0,0,0,2,0,0,0,0,0,0,0,0,0,0,0,0,0,0,0,0,0,0,0,0,0,1,0,0,0,1,0,0,0,0,0,0,0,0,0,0,0,0,0,1,0,0,0,0,0,0,0
10815,hector-client-hector,me.prettyprint.hom.annotations.annotationscannertest.testscanforannotation,0,"['annotationscanner', 'equals', 'asserttrue', 'hom', 'blue', 'myredtestbean', 'testscanforannotation', 'purple', 'classset', 'entity', 'contains', 'mycustomidbean', 'bean', 'count', 'my', 'id', 'custom', 'set', 'mybluetestbean', 'class', 'prettyprint', 'mypurpletestbean', 'red', 'scan', 'size', 'javax', 'annotation', 'mytestbean', 'test', 'persistence', 'scanner', 'beans', 'assertequals', 'for', 'assert', 'true']","['new', 'class', 'int', 'class', 'class', 'class', 'class', 'class', 'public', 'void']",10,0,0,0,0,0,0,0,0,6,0,0,0,0,0,0,0,0,0,0,0,0,0,0,0,0,1,0,0,0,0,1,0,0,0,1,0,0,0,0,0,0,0,0,0,0,0,0,0,1,0,0,0,0,0,0,0
10816,hector-client-hector,com.mycompany.furniture.furnituretest.testfurniture,0,"['find', 'equals', 'setshape', 'rectangle', 'furniture', 'setmaterial', 'brown', 'recliner', 'black', 'out', 'mgr', 'num', 'press', 'circle', 'get', 'blue', 'setrecliner', 'entitymgr', 'assert', 'setnumdrawers', 'setcolor', 'board', 'entity', 'setfoldoutbed', 'arms', 'material', 'id', 'set', 'color', 'desk', 'class', 'cushions', 'chair', 'setarms', 'wood', 'drawers', 'formica', 'setid', 'getclass', 'table', 'fold', 'setextendable', 'extendable', 'testfurniture', 'pressboard', 'setnumcushions', 'test', 'couch', 'bed', 'assertequals', 'persist', 'shape']","['new', 'true', 'false', 'new', 'false', 'new', 'true', 'new', 'false', 'class', 'class', 'class', 'class', 'class', 'class', 'class', 'class', 'public', 'void']",19,0,0,0,0,0,0,0,0,8,0,0,0,0,0,0,0,0,0,0,0,0,0,0,0,0,0,0,0,0,0,4,0,0,0,1,0,0,0,0,0,0,0,0,0,0,0,0,0,1,0,0,2,0,3,0,0
10820,hector-client-hector,me.prettyprint.hector.api.apiv2systemtest.testinsertgetremove,1,"['equals', 'standard', 'mutator', 'se', 'cf', 'mutation', 'asserttrue', 'key', 'createmutator', 'debug', 'hcolumn', 'execution', 'assertnull', 'get', 'null', 'setcolumnfamily', 'getquery', 'getname', 'deleted', 'createcolumn', 'ko', 'setkey', 'log', 'getexecutiontimemicro', 'string', 'setname', 'columnquery', 'result', 'queryresult', 'set', 'column', 'insert', 'create', 'testinsertgetremove', 'micro', 'mr', 'remove', 'createcolumnquery', 'mutationresult', 'name', 'family', 'execute', 'assertnotnull', 'test', 'query', 'value', 'delete', 'getvalue', 'assertequals', 'not', 'time', 'assert', 'true']","['public', 'void']",2,0,0,0,0,0,0,0,0,0,0,0,0,0,0,0,0,0,0,0,0,0,0,0,0,0,0,0,0,0,0,0,0,0,0,1,0,0,0,0,0,0,0,0,0,0,0,0,0,1,0,0,0,0,0,0,0
10821,hector-client-hector,me.prettyprint.hector.api.apiv2systemtest.testbatchinsertgetremove,1,"['deletion', 'equals', 'standard', 'mutator', 'se', 'cf', 'key', 'createmutator', 'add', 'hcolumn', 'assertnull', 'get', 'null', 'setcolumnfamily', 'adddeletion', 'addinsertion', 'assert', 'deleted', 'createcolumn', 'batch', 'ko', 'setkey', 'string', 'setname', 'columnquery', 'result', 'set', 'insert', 'column', 'create', 'testinsertgetremove', 'testbatchinsertgetremove', 'insertion', 'remove', 'createcolumnquery', 'name', 'family', 'execute', 'assertnotnull', 'test', 'query', 'value', 'getvalue', 'assertequals', 'not', 'queryresult']","['for', 'int', 'for', 'int', 'for', 'int', 'for', 'int', 'public', 'void']",10,0,0,0,0,0,0,0,0,0,0,0,0,0,0,0,0,0,0,0,0,4,0,0,0,0,4,0,0,0,0,0,0,0,0,1,0,0,0,0,0,0,0,0,0,0,0,0,0,1,0,0,0,0,0,0,0
10822,hector-client-hector,me.prettyprint.hector.api.apiv2systemtest.testsuperinsertgetremove,1,"['supercolumnquery', 'equals', 'mutator', 'se', 'cf', 'testsuperinsertgetremove', 'subdelete', 'key', 'createmutator', 'createsupercolumnquery', 'hcolumn', 'assertnull', 'unchecked', 'get', 'null', 'setcolumnfamily', 'setsupername', 'assert', 'getname', 'createcolumn', 'ko', 'list', 'setkey', 'suppress', 'getsize', 'string', 'super', 'result', 'as', 'sub', 'aslist', 'set', 'column', 'insert', 'create', 'not', 'remove', 'name', 'warnings', 'family', 'execute', 'sc', 'size', 'assertnotnull', 'test', 'query', 'value', 'delete', 'getvalue', 'suppresswarnings', 'assertequals', 'arrays', 'hsupercolumn', 'queryresult', 'columns', 'createsupercolumn']","['null', 'public', 'void']",3,0,0,0,0,0,0,0,0,0,0,0,0,0,0,0,0,0,0,0,0,0,0,0,0,0,0,0,0,0,0,0,0,0,0,1,0,0,0,0,0,0,0,0,0,0,0,0,0,1,0,0,0,1,0,0,0
10823,hector-client-hector,me.prettyprint.hector.api.apiv2systemtest.testsubcolumnquery,1,"['equals', 'testsubcolumnquerysupercolumn', 'exist', 'se', 'cf', 'subcolumnquery', 'setcolumn', 'testcleanupdescriptor', 'key', 'hcolumn', 'assertnull', 'null', 'get', 'setcolumnfamily', 'setsupercolumn', 'assert', 'descriptor', 'getname', 'ko', 'setkey', 'string', 'super', 'result', 'sub', 'set', 'insert', 'column', 'create', 'deletecolumns', 'createsubcolumnquery', 'insertsupercolumns', 'name', 'family', 'execute', 'assertnotnull', 'testsubcolumnquery', 'test', 'query', 'value', 'delete', 'getvalue', 'assertequals', 'not', 'cleanup', 'queryresult', 'columns']","['public', 'void']",2,0,0,0,0,0,0,0,0,0,0,0,0,0,0,0,0,0,0,0,0,0,0,0,0,0,0,0,0,0,0,0,0,0,0,1,0,0,0,0,0,0,0,0,0,0,0,0,0,1,0,0,0,0,0,0,0
10824,hector-client-hector,me.prettyprint.hector.api.apiv2systemtest.testmultigetslicequery,1,"['by', 'equals', 'getcolumnslice', 'createmultigetslicequery', 'standard', 'setcolumnnames', 'testmultigetslicequerycolumn', 'se', 'cf', 'testcleanupdescriptor', 'key', 'getcolumns', 'getcount', 'row', 'assertnull', 'hcolumn', 'null', 'get', 'setcolumnfamily', 'fail', 'getbykey', 'assert', 'getcolumnbyname', 'unexpected', 'descriptor', 'getname', 'names', 'insertcolumns', 'ko', 'list', 'slice', 'string', 'setrange', 'range', 'count', 'result', 'rows', 'multiget', 'set', 'insert', 'column', 'create', 'deletecolumns', 'keys', 'name', 'testmultigetslicequery', 'setkeys', 'family', 'execute', 'size', 'multigetslicequery', 'assertnotnull', 'getkey', 'test', 'query', 'value', 'returned', 'delete', 'getvalue', 'assertequals', 'not', 'cleanup', 'columnslice', 'queryresult', 'columns']","['false', 'for', 'for', 'if', 'public', 'void']",6,0,0,0,0,0,0,0,0,0,0,0,0,0,0,0,0,0,0,0,0,2,1,0,0,0,0,0,0,0,0,0,0,0,0,1,0,0,0,0,0,0,0,0,0,0,0,0,0,1,0,0,0,0,1,0,0
10825,hector-client-hector,me.prettyprint.hector.api.apiv2systemtest.testslicequery,1,"['slicequery', 'by', 'testslicequery', 'equals', 'standard', 'setcolumnnames', 'se', 'cf', 'testcleanupdescriptor', 'key', 'getcolumns', 'hcolumn', 'null', 'get', 'setcolumnfamily', 'fail', 'assert', 'getcolumnbyname', 'unexpected', 'descriptor', 'getname', 'names', 'insertcolumns', 'ko', 'list', 'setkey', 'slice', 'string', 'setrange', 'range', 'result', 'set', 'column', 'insert', 'create', 'deletecolumns', 'name', 'family', 'execute', 'size', 'assertnotnull', 'test', 'query', 'createslicequery', 'value', 'returned', 'delete', 'getvalue', 'columnslice', 'not', 'cleanup', 'assertequals', 'queryresult', 'columns']","['true', 'for', 'if', 'public', 'void']",5,0,0,0,0,0,0,0,0,0,0,0,0,0,0,0,0,0,0,0,0,1,1,0,0,0,0,0,0,0,0,0,0,0,0,1,0,0,0,0,0,0,0,0,0,0,0,0,0,1,0,0,1,0,0,0,0
10826,hector-client-hector,me.prettyprint.hector.api.apiv2systemtest.testsuperslicequery,1,"['equals', 'is', 'mutator', 'empty', 'debug', 'execution', 'unchecked', 'get', 'addinsertion', 'createcolumn', 'superslicequery', 'suppress', 'slice', 'getexecutiontimemicro', 'setrange', 'column', 'family', 'execute', 'assert', 'createsupercolumn', 'deletion', 'mutation', 'cf', 'createmutator', 'getcolumns', 'adddeletion', 'getcolumnbyname', 'list', 'result', 'as', 'set', 'create', 'insertion', 'mr', 'size', 'assertnotnull', 'suppresswarnings', 'not', 'queryresult', 'setcolumnnames', 'asserttrue', 'getsupercolumns', 'add', 'null', 'fail', 'names', 'setkey', 'superslice', 'string', 'isempty', 'aslist', 'scolumn', 'name', 'sc', 'query', 'value', 'hsupercolumn', 'returned', 'se', 'key', 'createsuperslicequery', 'setcolumnfamily', 'unexpected', 'getname', 'ko', 'log', 'range', 'super', 'insert', 'micro', 'mutationresult', 'warnings', 'testsuperslicequery', 'test', 'getvalue', 'assertequals', 'arrays', 'time', 'by', 'true', 'columns']","['for', 'int', 'false', 'for', 'if', 'for', 'int', 'public', 'void']",9,0,0,0,0,0,0,0,0,0,0,0,0,0,0,0,0,0,0,0,0,3,1,0,0,0,2,0,0,0,0,0,0,0,0,1,0,0,0,0,0,0,0,0,0,0,0,0,0,1,0,0,0,0,1,0,0
10827,hector-client-hector,me.prettyprint.hector.api.apiv2systemtest.testsubslicequery,1,"['by', 'testslicequeryonsubcolumns', 'equals', 'is', 'doesn', 'setcolumnnames', 'se', 'cf', 'asserttrue', 'empty', 'testcleanupdescriptor', 'key', 'createsubslicequery', 'getcolumns', 'hcolumn', 'null', 'get', 'setcolumnfamily', 'setsupercolumn', 'fail', 'assert', 'getcolumnbyname', 'unexpected', 'descriptor', 'getname', 'names', 'subcolumns', 'ko', 'setkey', 'slice', 'string', 'setrange', 'testsubslicequery', 't_exist', 'range', 'isempty', 'super', 'result', 'sub', 'set', 'insert', 'column', 'create', 'deletecolumns', 'name', 'insertsupercolumns', 'family', 'execute', 'subslicequery', 'size', 'assertnotnull', 'test', 'query', 'value', 'returned', 'delete', 'on', 'getvalue', 'columnslice', 'not', 'cleanup', 'assertequals', 'queryresult', 'true', 'columns']","['false', 'for', 'if', 'public', 'void']",5,0,0,0,0,0,0,0,0,0,0,0,0,0,0,0,0,0,0,0,0,1,1,0,0,0,0,0,0,0,0,0,0,0,0,1,0,0,0,0,0,0,0,0,0,0,0,0,0,1,0,0,0,0,1,0,0
10828,hector-client-hector,me.prettyprint.hector.api.apiv2systemtest.testmultigetsuperslicequery,1,"['testsupermultigetslicequery', 'by', 'createmultigetsuperslicequery', 'equals', 'setcolumnnames', 'se', 'cf', 'superrow', 'testcleanupdescriptor', 'key', 'getcolumns', 'getcount', 'row', 'assertnull', 'null', 'get', 'setcolumnfamily', 'getbykey', 'assert', 'getcolumnbyname', 'descriptor', 'names', 'ko', 'superslice', 'slice', 'string', 'count', 'super', 'result', 'rows', 'getsuperslice', 'multiget', 'set', 'insert', 'column', 'create', 'deletecolumns', 'testmultigetsuperslicequery', 'keys', 'multigetsuperslicequery', 'name', 'insertsupercolumns', 'setkeys', 'family', 'execute', 'assertnotnull', 'getkey', 'test', 'query', 'value', 'delete', 'superrows', 'getvalue', 'assertequals', 'not', 'cleanup', 'queryresult', 'columns', 'testsupermultigetslicequerykey']","['public', 'void']",2,0,0,0,0,0,0,0,0,0,0,0,0,0,0,0,0,0,0,0,0,0,0,0,0,0,0,0,0,0,0,0,0,0,0,1,0,0,0,0,0,0,0,0,0,0,0,0,0,1,0,0,0,0,0,0,0
10829,hector-client-hector,me.prettyprint.hector.api.apiv2systemtest.testmultigetsubslicequery,1,"['by', 'equals', 'getcolumnslice', 'setcolumnnames', 'se', 'cf', 'multigetsubslicequery', 'testcleanupdescriptor', 'key', 'getcolumns', 'getcount', 'row', 'hcolumn', 'null', 'get', 'setcolumnfamily', 'setsupercolumn', 'fail', 'getbykey', 'assert', 'getcolumnbyname', 'unexpected', 'descriptor', 'getname', 'names', 'testmultigetsubslicequery', 'ko', 'list', 'slice', 'string', 'setrange', 'createmultigetsubslicequery', 'range', 'count', 'super', 'result', 'sub', 'rows', 'multiget', 'set', 'insert', 'column', 'create', 'deletecolumns', 'keys', 'name', 'insertsupercolumns', 'setkeys', 'family', 'execute', 'size', 'assertnotnull', 'getkey', 'test', 'query', 'value', 'returned', 'delete', 'getvalue', 'assertequals', 'not', 'cleanup', 'columnslice', 'queryresult', 'columns']","['false', 'for', 'for', 'if', 'public', 'void']",6,0,0,0,0,0,0,0,0,0,0,0,0,0,0,0,0,0,0,0,0,2,1,0,0,0,0,0,0,0,0,0,0,0,0,1,0,0,0,0,0,0,0,0,0,0,0,0,0,1,0,0,0,0,1,0,0
10830,hector-client-hector,me.prettyprint.hector.api.apiv2systemtest.testrangeslicesquery,0,"['by', 'equals', 'getcolumnslice', 'standard', 'setcolumnnames', 'se', 'cf', 'rangeslicesquery', 'testcleanupdescriptor', 'key', 'getcolumns', 'testrangeslicesquerycolumn', 'getcount', 'row', 'assertnull', 'hcolumn', 'null', 'get', 'setcolumnfamily', 'getlist', 'fail', 'assert', 'getcolumnbyname', 'unexpected', 'descriptor', 'getname', 'names', 'insertcolumns', 'ordered', 'ko', 'testrangeslicesquery', 'list', 'orderedrows', 'slice', 'string', 'setrange', 'range', 'count', 'result', 'rows', 'slices', 'set', 'insert', 'column', 'create', 'deletecolumns', 'keys', 'name', 'setkeys', 'family', 'execute', 'createrangeslicesquery', 'size', 'assertnotnull', 'getkey', 'test', 'query', 'value', 'returned', 'delete', 'getvalue', 'assertequals', 'not', 'cleanup', 'columnslice', 'queryresult', 'columns']","['false', 'for', 'for', 'if', 'public', 'void']",6,0,0,0,0,0,0,0,0,0,0,0,0,0,0,0,0,0,0,0,0,2,1,0,0,0,0,0,0,0,0,0,0,0,0,1,0,0,0,0,0,0,0,0,0,0,0,0,0,1,0,0,0,0,1,0,0
10831,hector-client-hector,me.prettyprint.hector.api.apiv2systemtest.testrangesuperslicesquery,0,"['by', 'equals', 'setcolumnnames', 'se', 'cf', 'superrow', 'testcleanupdescriptor', 'createrangesuperslicesquery', 'key', 'getsupercolumns', 'getcount', 'row', 'assertnull', 'null', 'get', 'setcolumnfamily', 'getlist', 'fail', 'assert', 'getcolumnbyname', 'unexpected', 'descriptor', 'getname', 'names', 'orderedsuperrows', 'ordered', 'ko', 'list', 'superslice', 'rangesuperslicesquery', 'slice', 'string', 'setrange', 'range', 'count', 'super', 'result', 'rows', 'getsuperslice', 'slices', 'set', 'insert', 'testrangesuperslicesquery', 'create', 'column', 'deletecolumns', 'keys', 'name', 'insertsupercolumns', 'setkeys', 'family', 'execute', 'size', 'assertnotnull', 'getkey', 'test', 'query', 'value', 'returned', 'delete', 'getvalue', 'assertequals', 'not', 'cleanup', 'hsupercolumn', 'queryresult', 'columns']","['false', 'for', 'for', 'if', 'public', 'void']",6,0,0,0,0,0,0,0,0,0,0,0,0,0,0,0,0,0,0,0,0,2,1,0,0,0,0,0,0,0,0,0,0,0,0,1,0,0,0,0,0,0,0,0,0,0,0,0,0,1,0,0,0,0,1,0,0
10832,hector-client-hector,me.prettyprint.hector.api.apiv2systemtest.testrangesubslicesquery,0,"['by', 'equals', 'getcolumnslice', 'setcolumnnames', 'se', 'cf', 'testcleanupdescriptor', 'key', 'getcount', 'row', 'assertnull', 'null', 'get', 'setcolumnfamily', 'setsupercolumn', 'getlist', 'assert', 'getcolumnbyname', 'descriptor', 'names', 'ordered', 'ko', 'list', 'rangesubslicesquery', 'orderedrows', 'slice', 'string', 'range', 'count', 'super', 'result', 'sub', 'rows', 'slices', 'queryresult', 'set', 'insert', 'column', 'create', 'deletecolumns', 'keys', 'name', 'testrangesubslicesquery', 'insertsupercolumns', 'setkeys', 'family', 'execute', 'assertnotnull', 'getkey', 'test', 'query', 'value', 'delete', 'getvalue', 'assertequals', 'not', 'cleanup', 'columnslice', 'createrangesubslicesquery', 'columns']","['public', 'void']",2,0,0,0,0,0,0,0,0,0,0,0,0,0,0,0,0,0,0,0,0,0,0,0,0,0,0,0,0,0,0,0,0,0,0,1,0,0,0,0,0,0,0,0,0,0,0,0,0,1,0,0,0,0,0,0,0
10833,hector-client-hector,me.prettyprint.hector.api.apiv2systemtest.testcountquery,1,"['equals', 'standard', 'se', 'cf', 'testcleanupdescriptor', 'key', 'valueof', 'of', 'null', 'get', 'setcolumnfamily', 'testcountquerycolumn', 'assert', 'descriptor', 'insertcolumns', 'ko', 'setkey', 'string', 'setrange', 'nonexisting', 'range', 'count', 'result', 'integer', 'set', 'insert', 'column', 'create', 'deletecolumns', 'family', 'createcountquery', 'execute', 'assertnotnull', 'cq', 'test', 'query', 'value', 'delete', 'countquery', 'assertequals', 'not', 'cleanup', 'queryresult', 'columns', 'testcountquery']","['public', 'void']",2,0,0,0,0,0,0,0,0,0,0,0,0,0,0,0,0,0,0,0,0,0,0,0,0,0,0,0,0,0,0,0,0,0,0,1,0,0,0,0,0,0,0,0,0,0,0,0,0,1,0,0,0,0,0,0,0
10834,hector-client-hector,me.prettyprint.hector.api.apiv2systemtest.testsupercountquery,1,"['equals', 'se', 'cf', 'testcleanupdescriptor', 'key', 'valueof', 'of', 'null', 'get', 'setcolumnfamily', 'assert', 'descriptor', 'ko', 'setkey', 'string', 'setrange', 'range', 'count', 'super', 'result', 'integer', 'set', 'insert', 'column', 'create', 'createsupercountquery', 'deletecolumns', 'insertsupercolumns', 'testsupercountquery', 'family', 'execute', 'testsupercountquerycolumn', 'assertnotnull', 'cq', 'test', 'query', 'value', 'delete', 'supercountquery', 'not', 'cleanup', 'assertequals', 'queryresult', 'columns']","['public', 'void']",2,0,0,0,0,0,0,0,0,0,0,0,0,0,0,0,0,0,0,0,0,0,0,0,0,0,0,0,0,0,0,0,0,0,0,1,0,0,0,0,0,0,0,0,0,0,0,0,0,1,0,0,0,0,0,0,0
10835,hector-client-hector,me.prettyprint.hector.api.apiv2systemtest.testsubcountquery,1,"['equals', 'se', 'cf', 'testcleanupdescriptor', 'key', 'valueof', 'of', 'null', 'get', 'setcolumnfamily', 'setsupercolumn', 'assert', 'descriptor', 'ko', 'setkey', 'string', 'setrange', 'range', 'count', 'super', 'result', 'integer', 'sub', 'set', 'insert', 'column', 'create', 'not', 'deletecolumns', 'insertsupercolumns', 'family', 'execute', 'assertnotnull', 'subcountquery', 'test', 'testsubcountquery', 'query', 'cq', 'value', 'delete', 'createsubcountquery', 'testsubcountquerycolumn', 'cleanup', 'assertequals', 'queryresult', 'columns']","['public', 'void']",2,0,0,0,0,0,0,0,0,0,0,0,0,0,0,0,0,0,0,0,0,0,0,0,0,0,0,0,0,0,0,0,0,0,0,1,0,0,0,0,0,0,0,0,0,0,0,0,0,1,0,0,0,0,0,0,0
10842,hector-client-hector,me.prettyprint.cassandra.service.cassandraauthtest.testdescribekeyspaces,0,"['thrift', 'describe', 'equals', 'configurator', 'cassandracluster', 'list', 'describekeyspaces', 'keyspaces', 'exception', 'testdescribekeyspaces', 'cassandrahostconfigurator', 'user1credentials', 'keyspacedefinition', 'keyspace', 'definition', 'host', 'thriftcluster', 'user1', 'credentials', 'size', 'test', 'cassandra', 'cluster', 'assertequals', 'assert']","['new', 'public', 'void', 'throws']",4,0,0,0,0,0,0,0,0,0,0,0,0,0,0,0,0,0,0,0,0,0,0,0,0,0,0,0,0,0,0,1,0,0,0,1,0,0,0,0,0,0,0,0,0,0,1,0,0,1,0,0,0,0,0,0,0
10843,hector-client-hector,me.prettyprint.cassandra.service.cassandraauthtest.testdescribekeyspacesbadauth,0,"['thrift', 'user1credentialsbad', 'describe', 'wrapped', 'gotten', 'configurator', 'asserttrue', 'should', 'get', 'fail', 'authenticationexception', 'cassandracluster', 'getcause', 'auth', 'hectorexception', 'describekeyspaces', 'keyspaces', 'bad', 'exception', 'cassandrahostconfigurator', 'authentication', 'host', 'thriftcluster', 'user1', 'credentials', 'cause', 'test', 'cassandra', 'cluster', 'assert', 'true', 'testdescribekeyspacesbadauth', 'hector']","['new', 'try', 'catch', 'instanceof', 'public', 'void', 'throws']",7,0,0,0,0,0,0,1,0,0,0,0,0,0,0,0,0,0,0,0,0,0,0,0,0,1,0,0,0,0,0,1,0,0,0,1,0,0,0,0,0,0,0,0,0,0,1,0,1,1,0,0,0,0,0,0,0
10844,hector-client-hector,me.prettyprint.cassandra.service.cassandraauthtest.testdescribekeyspace,0,"['thrift', 'describe', 'describekeyspace', 'equals', 'configurator', 'cf', 'null', 'get', 'cassandracluster', 'keyspacedetail', 'exception', 'cassandrahostconfigurator', 'user1credentials', 'keyspacedefinition', 'keyspace', 'definition', 'host', 'thriftcluster', 'user1', 'credentials', 'size', 'assertnotnull', 'getcfdefs', 'test', 'cassandra', 'defs', 'detail', 'testdescribekeyspace', 'cluster', 'not', 'assertequals', 'assert']","['new', 'public', 'void', 'throws']",4,0,0,0,0,0,0,0,0,0,0,0,0,0,0,0,0,0,0,0,0,0,0,0,0,0,0,0,0,0,0,1,0,0,0,1,0,0,0,0,0,0,0,0,0,0,1,0,0,1,0,0,0,0,0,0,0
10845,hector-client-hector,me.prettyprint.cassandra.service.cassandraauthtest.testadddropcolumnfamily,0,"['thrift', 'cfdef', 'dyn', 'configurator', 'cf', 'createcolumnfamilydefinition', 'addcolumnfamily', 'add', 'null', 'cassandracluster', 'string', 'exception', 'columnfamilydefinition', 'cassandrahostconfigurator', 'user1credentials', 'column', 'create', 'not', 'keyspace', 'drop', 'cfid', 'definition', 'family', 'host', 'thriftcluster', 'user1', 'credentials', 'dropcolumnfamily', 'factory', 'assertnotnull', 'test', 'cassandra', 'testadddropcolumnfamily', 'hfactory', 'cluster', 'dyncf', 'assert']","['new', 'public', 'void', 'throws']",4,0,0,0,0,0,0,0,0,0,0,0,0,0,0,0,0,0,0,0,0,0,0,0,0,0,0,0,0,0,0,1,0,0,0,1,0,0,0,0,0,0,0,0,0,0,1,0,0,1,0,0,0,0,0,0,0
10846,hector-client-hector,me.prettyprint.cassandra.service.cassandraauthtest.testadddropkeyspace,0,"['thrift', 'cfdef', 'simple', 'dyn', 'testadddropkeyspace', 'ksid', 'configurator', 'cf', 'createcolumnfamilydefinition', 'org', 'locator', 'add', 'dynkeyspace', 'dropkeyspace', 'thriftksdef', 'null', 'arrays', 'cassandracluster', 'list', 'string', 'addkeyspace', 'as', 'exception', 'aslist', 'columnfamilydefinition', 'cassandrahostconfigurator', 'user1credentials', 'column', 'create', 'not', 'keyspace', 'strategy', 'drop', 'definition', 'family', 'host', 'thriftcluster', 'user1', 'credentials', 'factory', 'assertnotnull', 'test', 'apache', 'cassandra', 'simplestrategy', 'hfactory', 'cluster', 'dyncf', 'assert', 'ks']","['new', 'new', 'public', 'void', 'throws']",5,0,0,0,0,0,0,0,0,0,0,0,0,0,0,0,0,0,0,0,0,0,0,0,0,0,0,0,0,0,0,2,0,0,0,1,0,0,0,0,0,0,0,0,0,0,1,0,0,1,0,0,0,0,0,0,0
10847,hector-client-hector,me.prettyprint.cassandra.service.cassandraauthtest.testinsertandgetandremove,1,"['serializer', 'connection', 'to', 'tobytebuffer', 'testinsertandgetandremove', 'equals', 'standard', 'getcolumn', 'setcolumn', 'consistency', 'level', 'path', 'state', 'buffer', 'such', 'bytes', 'cp', 'get', 'null', 'fail', 'illegalstateexception', 'nosuchelementexception', 'keyspaceservice', 'failoverpolicy', 'deleted', 'connectionmanager', 'col', 'all', 'failover', 'element', 'hnotfoundexception', 'quorumallconsistencylevelpolicy', 'service', 'string', 'illegalargumentexception', 'quorum', 'found', 'exception', 'user1credentials', 'column', 'set', 'insert', 'stringserializer', 'byte', 'illegal', 'remove', 'keyspace', 'argument', 'and', 'manager', 'columnpath', 'user1', 'policy', 'credentials', 'available', 'already', 'assertnotnull', 'impl', 'test', 'value', 'on', 'getvalue', 'assertequals', 'not', 'assert', 'keyspaceserviceimpl', 'try']","['new', 'new', 'new', 'for', 'int', 'for', 'int', 'for', 'int', 'for', 'int', 'try', 'catch', 'public', 'void', 'throws']",16,0,0,0,0,0,0,1,0,0,0,0,0,0,0,0,0,0,0,0,0,4,0,0,0,0,4,0,0,0,0,3,0,0,0,1,0,0,0,0,0,0,0,0,0,0,1,0,1,1,0,0,0,0,0,0,0
10848,hector-client-hector,me.prettyprint.cassandra.service.cassandraauthtest.testinsertandgetandremovebadauth,0,"['user1credentialsbad', 'serializer', 'connection', 'to', 'tobytebuffer', 'testinsertandgetandremove', 'wrapped', 'gotten', 'standard', 'asserttrue', 'setcolumn', 'consistency', 'level', 'path', 'state', 'buffer', 'such', 'should', 'bytes', 'cp', 'get', 'fail', 'authenticationexception', 'illegalstateexception', 'nosuchelementexception', 'keyspaceservice', 'failoverpolicy', 'connectionmanager', 'getcause', 'auth', 'all', 'failover', 'hectorexception', 'element', 'hnotfoundexception', 'quorumallconsistencylevelpolicy', 'service', 'string', 'hector', 'bad', 'illegalargumentexception', 'quorum', 'found', 'exception', 'set', 'column', 'insert', 'stringserializer', 'byte', 'illegal', 'remove', 'keyspace', 'argument', 'and', 'manager', 'authentication', 'columnpath', 'user1', 'policy', 'credentials', 'testinsertandgetandremovebadauth', 'available', 'cause', 'impl', 'test', 'value', 'on', 'not', 'assert', 'true', 'keyspaceserviceimpl', 'try']","['new', 'new', 'try', 'new', 'for', 'int', 'catch', 'instanceof', 'public', 'void', 'throws']",11,0,0,0,0,0,0,1,0,0,0,0,0,0,0,0,0,0,0,0,0,1,0,0,0,1,1,0,0,0,0,3,0,0,0,1,0,0,0,0,0,0,0,0,0,0,1,0,1,1,0,0,0,0,0,0,0
10850,hector-client-hector,me.prettyprint.hom.entitymanagerfactorytest.testcreateentitymanager,1,"['null', 'entitymanager', 'isopen', 'testcreateentitymanager', 'createentitymanager', 'factory', 'assert', 'entitymanagerfactory', 'assertnotnull', 'is', 'test', 'create', 'asserttrue', 'entity', 'not', 'manager', 'true', 'open']","['public', 'void']",2,0,0,0,0,0,0,0,0,0,0,0,0,0,0,0,0,0,0,0,0,0,0,0,0,0,0,0,0,0,0,0,0,0,0,1,0,0,0,0,0,0,0,0,0,0,0,0,0,1,0,0,0,0,0,0,0
10851,hector-client-hector,me.prettyprint.hom.entitymanagerfactorytest.testcloseentitymanagerfactory,0,"['assertfalse', 'factory', 'entitymanagerfactory', 'is', 'test', 'asserttrue', 'entity', 'manager', 'isopen', 'testcloseentitymanagerfactory', 'close', 'assert', 'true', 'open', 'false']","['public', 'void']",2,0,0,0,0,0,0,0,0,0,0,0,0,0,0,0,0,0,0,0,0,0,0,0,0,0,0,0,0,0,0,0,0,0,0,1,0,0,0,0,0,0,0,0,0,0,0,0,0,1,0,0,0,0,0,0,0
