id,projectName,testCase,isFlaky,assertion-roulette,conditional-test-logic,eager-test,fire-and-forget,indirect-testing,mystery-guest,resource-optimism,test-run-war,testLength,numAsserts,numCoveredLines,ExecutionTime,projectSourceLinesCovered,projectSourceClassesCovered,hIndexModificationsPerCoveredLine_window5,hIndexModificationsPerCoveredLine_window10,hIndexModificationsPerCoveredLine_window25,hIndexModificationsPerCoveredLine_window50,hIndexModificationsPerCoveredLine_window75,hIndexModificationsPerCoveredLine_window100,hIndexModificationsPerCoveredLine_window500,hIndexModificationsPerCoveredLine_window10000,num_third_party_libs
3588,elasticjob-elastic-job-lite,io.elasticjob.lite.event.jobexecutioneventtest.assertnewjobexecutionevent,0,1,0,0,0,1,0,0,0,11.0,8.0,9.0,0.135,15,5,0,1,1,1,1,1,1,1,4
3589,elasticjob-elastic-job-lite,io.elasticjob.lite.event.jobexecutioneventtest.assertexecutionsuccess,0,1,0,0,0,0,0,0,0,6.0,2.0,4.0,0.001,7,3,0,1,1,1,1,1,1,1,0
3590,elasticjob-elastic-job-lite,io.elasticjob.lite.event.jobexecutioneventtest.assertexecutionfailure,0,1,0,1,0,0,0,0,0,7.0,3.0,5.0,0.05,14,5,0,1,1,1,1,1,1,1,1
3591,elasticjob-elastic-job-lite,io.elasticjob.lite.event.jobeventbustest.assertregisterfailure,0,0,0,0,0,0,0,0,0,4.0,0.0,2.0,0.079,9,6,0,1,1,1,1,1,1,1,1
3592,elasticjob-elastic-job-lite,io.elasticjob.lite.event.jobeventbustest.assertpost,0,0,0,0,0,0,0,0,0,9.0,0.0,0.0,0.503,13,8,0,1,1,1,1,1,1,1,0
3593,elasticjob-elastic-job-lite,io.elasticjob.lite.event.jobeventbustest.assertpostwithoutlistener,0,0,0,0,0,0,0,0,0,7.0,0.0,2.0,0.919,10,5,0,1,1,1,1,1,1,1,2
3596,elasticjob-elastic-job-lite,io.elasticjob.lite.event.rdb.jobeventrdbstoragetest.assertaddjobexecutionevent,0,0,0,0,0,0,0,0,0,3.0,1.0,1.0,0.014,23,6,0,1,1,1,1,1,1,1,0
3597,elasticjob-elastic-job-lite,io.elasticjob.lite.event.rdb.jobeventrdbstoragetest.assertaddjobstatustraceevent,0,0,0,0,0,0,0,0,0,4.0,1.0,1.0,0.062,12,8,0,1,1,1,1,1,1,1,0
3598,elasticjob-elastic-job-lite,io.elasticjob.lite.event.rdb.jobeventrdbstoragetest.assertaddjobstatustraceeventwhenfailoverwithtaskstagingstate,0,1,0,1,0,0,0,0,0,8.0,2.0,5.0,0.075,29,8,0,1,1,1,1,1,1,1,2
3599,elasticjob-elastic-job-lite,io.elasticjob.lite.event.rdb.jobeventrdbstoragetest.assertaddjobstatustraceeventwhenfailoverwithtaskfailedstate,0,1,0,1,0,0,0,0,0,14.0,2.0,8.0,0.025,30,8,0,1,1,1,1,1,1,1,2
3600,elasticjob-elastic-job-lite,io.elasticjob.lite.event.rdb.jobeventrdbstoragetest.assertupdatejobexecutioneventwhensuccess,0,1,0,0,0,1,0,0,0,6.0,2.0,4.0,0.033,21,6,0,1,1,1,1,1,1,1,0
3601,elasticjob-elastic-job-lite,io.elasticjob.lite.event.rdb.jobeventrdbstoragetest.assertupdatejobexecutioneventwhenfailure,0,1,0,0,0,1,0,0,0,8.0,4.0,6.0,0.062,20,8,0,1,1,1,1,1,1,1,1
3602,elasticjob-elastic-job-lite,io.elasticjob.lite.event.rdb.jobeventrdbstoragetest.assertupdatejobexecutioneventwhensuccessandconflict,0,1,0,0,0,1,0,0,0,6.0,2.0,4.0,3.062,12,7,0,1,1,1,1,1,1,1,0
3603,elasticjob-elastic-job-lite,io.elasticjob.lite.event.rdb.jobeventrdbstoragetest.assertupdatejobexecutioneventwhenfailureandconflict,0,1,0,0,0,1,0,0,0,7.0,3.0,5.0,0.022,19,8,0,1,1,1,1,1,1,1,1
3604,elasticjob-elastic-job-lite,io.elasticjob.lite.event.rdb.jobeventrdbstoragetest.assertupdatejobexecutioneventwhenfailureandmessageexceed,0,1,0,0,0,1,0,0,0,11.0,3.0,7.0,0.022,22,8,0,1,1,1,1,1,1,1,1
3605,elasticjob-elastic-job-lite,io.elasticjob.lite.event.rdb.jobeventrdbstoragetest.assertfindjobexecutionevent,0,0,0,0,0,0,0,0,0,3.0,0.0,1.0,0.035,23,6,0,1,1,1,1,1,1,1,0
3608,elasticjob-elastic-job-lite,io.elasticjob.lite.event.rdb.jobeventrdbsearchtest.assertfindjobexecutioneventswithpagesizeandnumber,0,1,0,0,0,0,0,0,1,14.0,8.0,12.0,0.088,25,8,0,1,1,1,1,1,1,1,8
3609,elasticjob-elastic-job-lite,io.elasticjob.lite.event.rdb.jobeventrdbsearchtest.assertfindjobexecutioneventswitherrorpagesizeandnumber,0,1,0,0,0,0,0,0,1,5.0,2.0,3.0,0.002,16,8,0,1,1,1,1,1,1,1,2
3610,elasticjob-elastic-job-lite,io.elasticjob.lite.event.rdb.jobeventrdbsearchtest.assertfindjobexecutioneventswithsort,0,1,0,0,0,0,0,0,1,10.0,6.0,8.0,0.032,19,8,0,1,1,1,1,1,1,1,6
3611,elasticjob-elastic-job-lite,io.elasticjob.lite.event.rdb.jobeventrdbsearchtest.assertfindjobexecutioneventswitherrorsort,0,1,0,0,0,0,0,0,1,9.0,5.0,7.0,0.017,17,8,0,1,1,1,1,1,1,1,5
3612,elasticjob-elastic-job-lite,io.elasticjob.lite.event.rdb.jobeventrdbsearchtest.assertfindjobexecutioneventswithtime,1,1,0,0,0,0,0,0,1,19.0,10.0,17.0,0.085,30,8,0,1,1,1,1,1,1,1,10
3613,elasticjob-elastic-job-lite,io.elasticjob.lite.event.rdb.jobeventrdbsearchtest.assertfindjobexecutioneventswithfields,0,1,0,0,0,0,0,0,1,12.0,4.0,10.0,0.022,23,8,0,1,1,1,1,1,1,1,4
3614,elasticjob-elastic-job-lite,io.elasticjob.lite.event.rdb.jobeventrdbsearchtest.assertfindjobexecutioneventswitherrorfields,0,1,0,0,0,0,0,0,1,7.0,2.0,5.0,0.025,18,8,0,1,1,1,1,1,1,1,2
3615,elasticjob-elastic-job-lite,io.elasticjob.lite.event.rdb.jobeventrdbsearchtest.assertfindjobstatustraceeventswithpagesizeandnumber,0,1,0,0,0,0,0,0,1,14.0,8.0,12.0,0.031,23,8,0,1,1,1,1,1,1,1,8
3616,elasticjob-elastic-job-lite,io.elasticjob.lite.event.rdb.jobeventrdbsearchtest.assertfindjobstatustraceeventswitherrorpagesizeandnumber,0,1,0,0,0,0,0,0,1,5.0,2.0,3.0,0.004,14,8,0,1,1,1,1,1,1,1,2
3617,elasticjob-elastic-job-lite,io.elasticjob.lite.event.rdb.jobeventrdbsearchtest.assertfindjobstatustraceeventswithsort,0,1,0,0,0,0,0,0,1,10.0,6.0,8.0,0.019,18,8,0,1,1,1,1,1,1,1,6
3618,elasticjob-elastic-job-lite,io.elasticjob.lite.event.rdb.jobeventrdbsearchtest.assertfindjobstatustraceeventswitherrorsort,0,1,0,0,0,0,0,0,1,9.0,5.0,7.0,0.03,17,8,0,1,1,1,1,1,1,1,5
3619,elasticjob-elastic-job-lite,io.elasticjob.lite.event.rdb.jobeventrdbsearchtest.assertfindjobstatustraceeventswithtime,1,1,0,0,0,0,0,0,1,19.0,10.0,17.0,0.053,28,8,0,1,1,1,1,1,1,1,10
3620,elasticjob-elastic-job-lite,io.elasticjob.lite.event.rdb.jobeventrdbsearchtest.assertfindjobstatustraceeventswithfields,0,1,0,0,0,0,0,0,1,7.0,2.0,7.0,0.144,26,14,0,1,1,1,1,1,1,1,2
3621,elasticjob-elastic-job-lite,io.elasticjob.lite.event.rdb.jobeventrdbsearchtest.assertfindjobstatustraceeventswitherrorfields,0,1,0,0,0,0,0,0,1,7.0,2.0,5.0,0.011,16,8,0,1,1,1,1,1,1,1,2
3623,elasticjob-elastic-job-lite,io.elasticjob.lite.event.rdb.jobeventrdblistenertest.assertpostjobexecutionevent,0,0,0,0,0,1,0,0,0,5.0,0.0,3.0,0.057,30,11,0,1,1,1,1,1,1,1,2
3624,elasticjob-elastic-job-lite,io.elasticjob.lite.event.rdb.jobeventrdblistenertest.assertpostjobstatustraceevent,0,0,0,0,0,1,0,0,0,6.0,0.0,4.0,2.963,18,12,0,1,1,1,1,1,1,1,2
3625,elasticjob-elastic-job-lite,io.elasticjob.lite.event.rdb.jobeventrdbidentitytest.assertgetidentity,0,0,0,0,0,0,0,0,0,3.0,1.0,1.0,0.051,3,2,0,1,1,1,1,1,1,1,1
3626,elasticjob-elastic-job-lite,io.elasticjob.lite.event.rdb.jobeventrdbconfigurationtest.assertgetdatasource,0,0,0,0,0,0,0,0,0,8.0,1.0,6.0,0.014,9,3,0,1,1,1,1,1,1,1,5
3627,elasticjob-elastic-job-lite,io.elasticjob.lite.event.rdb.jobeventrdbconfigurationtest.assertcreatejobeventlistenersuccess,0,0,0,0,0,0,0,0,0,8.0,1.0,7.0,3.363,15,7,0,1,1,1,1,1,1,1,5
3628,elasticjob-elastic-job-lite,io.elasticjob.lite.event.rdb.jobeventrdbconfigurationtest.assertcreatejobeventlistenerfailure,0,0,0,0,0,0,0,0,0,3.0,0.0,1.0,0.016,6,6,0,1,1,1,1,1,1,1,0
3630,elasticjob-elastic-job-lite,io.elasticjob.lite.reg.exception.regexceptionhandlertest.asserthandleexceptionwithnull,0,0,0,0,0,0,0,0,0,3.0,0.0,1.0,0.0,4,2,0,1,1,1,1,1,1,1,0
3631,elasticjob-elastic-job-lite,io.elasticjob.lite.reg.exception.regexceptionhandlertest.asserthandleexceptionwithotherexception,0,0,0,0,0,0,0,0,0,3.0,0.0,0.0,0.005,4,3,0,1,1,1,1,1,1,1,0
3632,elasticjob-elastic-job-lite,io.elasticjob.lite.reg.exception.regexceptionhandlertest.asserthandleexceptionwithconnectionlossexception,0,0,0,0,0,0,0,0,0,3.0,0.0,1.0,0.0,3,2,0,1,1,1,1,1,1,1,0
3633,elasticjob-elastic-job-lite,io.elasticjob.lite.reg.exception.regexceptionhandlertest.asserthandleexceptionwithnonodeexception,0,0,0,0,0,0,0,0,0,3.0,0.0,1.0,0.003,3,2,0,1,1,1,1,1,1,1,0
3634,elasticjob-elastic-job-lite,io.elasticjob.lite.reg.exception.regexceptionhandlertest.asserthandleexceptionwithnonodeexistsexception,0,0,0,0,0,0,0,0,0,3.0,0.0,1.0,0.0,3,2,0,1,1,1,1,1,1,1,0
3635,elasticjob-elastic-job-lite,io.elasticjob.lite.reg.exception.regexceptionhandlertest.asserthandleexceptionwithcausedconnectionlossexception,0,0,0,0,0,0,0,0,0,3.0,0.0,1.0,0.0,3,2,0,1,1,1,1,1,1,1,0
3636,elasticjob-elastic-job-lite,io.elasticjob.lite.reg.exception.regexceptionhandlertest.asserthandleexceptionwithcausednonodeexception,0,0,0,0,0,0,0,0,0,3.0,0.0,1.0,0.0,3,2,0,1,1,1,1,1,1,1,0
3637,elasticjob-elastic-job-lite,io.elasticjob.lite.reg.exception.regexceptionhandlertest.asserthandleexceptionwithcausednonodeexistsexception,0,0,0,0,0,0,0,0,0,3.0,0.0,1.0,1.154,3,2,0,1,1,1,1,1,1,1,0
3638,elasticjob-elastic-job-lite,io.elasticjob.lite.reg.zookeeper.zookeeperconfigurationtest.assertnewzookeeperconfigurationforserverlistsandnamespace,0,1,0,0,0,0,0,0,0,8.0,5.0,6.0,0.018,8,2,0,1,1,1,1,1,1,1,5
3643,elasticjob-elastic-job-lite,io.elasticjob.lite.reg.zookeeper.zookeeperregistrycentermodifytest.assertpersist,0,1,0,0,0,1,0,0,1,6.0,2.0,4.0,0.015,9,2,0,1,1,1,1,1,1,1,2
3644,elasticjob-elastic-job-lite,io.elasticjob.lite.reg.zookeeper.zookeeperregistrycentermodifytest.assertupdate,0,0,0,0,0,1,0,0,1,5.0,1.0,3.0,0.095,7,2,0,1,1,1,1,1,1,1,1
3645,elasticjob-elastic-job-lite,io.elasticjob.lite.reg.zookeeper.zookeeperregistrycentermodifytest.assertpersistephemeral,0,1,0,0,0,1,0,0,1,13.0,4.0,11.0,0.578,17,4,0,1,1,1,1,1,1,1,10
3646,elasticjob-elastic-job-lite,io.elasticjob.lite.reg.zookeeper.zookeeperregistrycentermodifytest.assertpersistsequential,0,1,0,0,0,1,0,0,1,13.0,5.0,8.0,0.048,14,3,0,1,1,1,1,1,1,1,10
3647,elasticjob-elastic-job-lite,io.elasticjob.lite.reg.zookeeper.zookeeperregistrycentermodifytest.assertpersistephemeralsequential,0,1,0,0,0,0,0,0,1,16.0,3.0,2.0,0.657,11,6,0,1,1,1,1,1,1,1,0
3648,elasticjob-elastic-job-lite,io.elasticjob.lite.reg.zookeeper.zookeeperregistrycentermodifytest.assertremove,0,0,0,0,0,1,0,0,1,4.0,1.0,2.0,0.042,5,2,0,1,1,1,1,1,1,1,0
3649,elasticjob-elastic-job-lite,io.elasticjob.lite.exception.jobconfigurationexceptiontest.assertgetmessage,0,0,0,0,0,0,0,0,0,3.0,1.0,1.0,0.034,3,2,0,1,1,1,1,1,1,1,1
3650,elasticjob-elastic-job-lite,io.elasticjob.lite.exception.jobconfigurationexceptiontest.assertgetcause,0,0,0,0,0,0,0,0,0,3.0,1.0,2.0,0.031,4,2,0,1,1,1,1,1,1,1,1
3651,elasticjob-elastic-job-lite,io.elasticjob.lite.exception.jobsystemexceptiontest.assertgetmessage,0,0,0,0,0,0,0,0,0,3.0,1.0,2.0,0.039,4,2,0,1,1,1,1,1,1,1,1
3652,elasticjob-elastic-job-lite,io.elasticjob.lite.exception.jobsystemexceptiontest.assertgetcause,0,0,0,0,0,0,0,0,0,3.0,1.0,1.0,0.029,3,2,0,1,1,1,1,1,1,1,1
3653,elasticjob-elastic-job-lite,io.elasticjob.lite.exception.jobstatisticexceptiontest.assertgetcause,0,0,0,0,0,0,0,0,0,3.0,1.0,1.0,0.049,4,2,0,1,1,1,1,1,1,1,1
3654,elasticjob-elastic-job-lite,io.elasticjob.lite.exception.exceptionutiltest.asserttransformwitherror,0,0,0,0,0,0,0,0,0,3.0,1.0,1.0,0.001,7,2,0,1,1,1,1,1,1,1,0
3655,elasticjob-elastic-job-lite,io.elasticjob.lite.exception.exceptionutiltest.asserttransformwithexception,0,0,0,0,0,0,0,0,0,3.0,1.0,1.0,0.017,7,2,0,1,1,1,1,1,1,1,0
3656,elasticjob-elastic-job-lite,io.elasticjob.lite.exception.exceptionutiltest.asserttransformwithnull,0,0,0,0,0,0,0,0,0,3.0,1.0,1.0,0.035,3,2,0,1,1,1,1,1,1,1,1
3657,elasticjob-elastic-job-lite,io.elasticjob.lite.exception.jobexecutionenvironmentexceptiontest.assertgetmessage,0,0,0,0,0,0,0,0,0,3.0,1.0,1.0,0.039,4,2,0,1,1,1,1,1,1,1,1
3658,elasticjob-elastic-job-lite,io.elasticjob.lite.context.taskcontexttest.assertnew,0,1,0,0,0,0,0,0,0,8.0,5.0,6.0,0.014,10,4,0,1,1,1,1,1,1,1,6
3659,elasticjob-elastic-job-lite,io.elasticjob.lite.context.taskcontexttest.assertnewwithoutslaveid,0,0,0,0,0,0,0,0,0,4.0,1.0,2.0,0.077,5,3,0,1,1,1,1,1,1,1,2
3660,elasticjob-elastic-job-lite,io.elasticjob.lite.context.taskcontexttest.assertgetmetainfo,0,0,0,0,0,0,0,0,0,4.0,1.0,2.0,0.0,5,3,0,1,1,1,1,1,1,1,2
3661,elasticjob-elastic-job-lite,io.elasticjob.lite.context.taskcontexttest.asserttaskcontextfrom,0,1,0,0,0,0,0,0,0,8.0,5.0,6.0,0.029,13,6,0,1,1,1,1,1,1,1,5
3662,elasticjob-elastic-job-lite,io.elasticjob.lite.context.taskcontexttest.assertmetainfofromwithmetainfo,0,1,0,0,0,1,0,0,0,5.0,2.0,3.0,0.196,6,3,0,1,1,1,1,1,1,1,2
3663,elasticjob-elastic-job-lite,io.elasticjob.lite.context.taskcontexttest.assertmetainfofromwithtaskid,0,1,0,0,0,1,0,0,0,5.0,2.0,3.0,0.0,6,3,0,1,1,1,1,1,1,1,2
3664,elasticjob-elastic-job-lite,io.elasticjob.lite.context.taskcontexttest.assertmetainfofromwithmetainfowithoutshardingitems,0,1,0,0,0,1,0,0,0,5.0,2.0,3.0,0.002,5,2,0,1,1,1,1,1,1,1,1
3665,elasticjob-elastic-job-lite,io.elasticjob.lite.context.taskcontexttest.assertmetainfofromwithtaskidwithoutshardingitems,0,1,0,0,0,1,0,0,0,5.0,2.0,3.0,0.001,5,2,0,1,1,1,1,1,1,1,1
3666,elasticjob-elastic-job-lite,io.elasticjob.lite.context.taskcontexttest.assertgetidforunassignedslave,0,0,0,0,0,0,0,0,0,3.0,1.0,1.0,0.002,6,5,0,1,1,1,1,1,1,1,1
3667,elasticjob-elastic-job-lite,io.elasticjob.lite.context.taskcontexttest.assertgettaskname,0,0,0,1,0,0,0,0,0,4.0,1.0,2.0,0.015,8,6,0,1,1,1,1,1,1,1,1
3668,elasticjob-elastic-job-lite,io.elasticjob.lite.context.taskcontexttest.assertgetexecutorid,0,0,0,1,0,0,0,0,0,4.0,1.0,2.0,0.002,8,6,0,1,1,1,1,1,1,1,1
3669,elasticjob-elastic-job-lite,io.elasticjob.lite.context.taskcontexttest.assertsetslaveid,0,1,0,0,0,0,0,0,0,6.0,2.0,4.0,0.001,7,3,0,1,1,1,1,1,1,1,3
3670,elasticjob-elastic-job-lite,io.elasticjob.lite.context.taskcontexttest.assertsetidle,0,1,0,0,0,0,0,0,0,6.0,2.0,5.0,0.002,7,3,0,1,1,1,1,1,1,1,1
3672,elasticjob-elastic-job-lite,io.elasticjob.lite.statistics.rdb.statisticrdbrepositorytest.assertaddtaskresultstatistics,0,0,0,0,0,1,0,0,0,5.0,1.0,2.0,0.076,16,4,0,1,1,1,1,1,1,1,0
3673,elasticjob-elastic-job-lite,io.elasticjob.lite.statistics.rdb.statisticrdbrepositorytest.assertaddtaskrunningstatistics,0,0,0,0,0,0,0,0,0,3.0,1.0,2.0,0.041,13,4,0,1,1,1,1,1,1,1,0
3674,elasticjob-elastic-job-lite,io.elasticjob.lite.statistics.rdb.statisticrdbrepositorytest.assertaddjobrunningstatistics,0,0,0,0,0,0,0,0,0,3.0,1.0,4.0,0.043,18,4,0,1,1,1,1,1,1,1,0
3675,elasticjob-elastic-job-lite,io.elasticjob.lite.statistics.rdb.statisticrdbrepositorytest.assertaddjobregisterstatistics,0,0,0,0,0,0,0,0,0,3.0,1.0,1.0,0.038,13,4,0,1,1,1,1,1,1,1,0
3676,elasticjob-elastic-job-lite,io.elasticjob.lite.statistics.rdb.statisticrdbrepositorytest.assertfindtaskresultstatisticswhentableisempty,0,1,0,0,0,0,0,0,0,5.0,3.0,3.0,0.105,13,3,0,1,1,1,1,1,1,1,3
3677,elasticjob-elastic-job-lite,io.elasticjob.lite.statistics.rdb.statisticrdbrepositorytest.assertfindtaskresultstatisticswithdifferentfromdate,0,1,0,1,0,0,0,0,0,10.0,4.0,1.0,0.134,20,4,0,1,1,1,1,1,1,1,0
3678,elasticjob-elastic-job-lite,io.elasticjob.lite.statistics.rdb.statisticrdbrepositorytest.assertgetsummedtaskresultstatisticswhentableisempty,0,1,0,0,0,1,0,0,0,7.0,2.0,1.0,4.02,11,4,0,1,1,1,1,1,1,1,2
3679,elasticjob-elastic-job-lite,io.elasticjob.lite.statistics.rdb.statisticrdbrepositorytest.assertgetsummedtaskresultstatistics,0,1,0,1,0,1,0,0,0,10.0,2.0,1.0,0.088,23,4,0,1,1,1,1,1,1,1,2
3680,elasticjob-elastic-job-lite,io.elasticjob.lite.statistics.rdb.statisticrdbrepositorytest.assertfindlatesttaskresultstatisticswhentableisempty,0,0,0,0,0,1,0,0,0,5.0,1.0,1.0,0.095,13,3,0,1,1,1,1,1,1,1,1
3681,elasticjob-elastic-job-lite,io.elasticjob.lite.statistics.rdb.statisticrdbrepositorytest.assertfindlatesttaskresultstatistics,0,1,0,1,0,1,0,0,0,9.0,2.0,1.0,0.136,18,4,0,1,1,1,1,1,1,1,2
3682,elasticjob-elastic-job-lite,io.elasticjob.lite.statistics.rdb.statisticrdbrepositorytest.assertfindtaskrunningstatisticswhentableisempty,0,0,0,0,0,0,0,0,0,3.0,1.0,1.0,0.056,10,3,0,1,1,1,1,1,1,1,1
3683,elasticjob-elastic-job-lite,io.elasticjob.lite.statistics.rdb.statisticrdbrepositorytest.assertfindtaskrunningstatisticswithdifferentfromdate,0,1,0,1,0,0,0,0,0,8.0,4.0,1.0,0.096,20,4,0,1,1,1,1,1,1,1,0
3684,elasticjob-elastic-job-lite,io.elasticjob.lite.statistics.rdb.statisticrdbrepositorytest.assertfindlatesttaskrunningstatisticswhentableisempty,0,0,0,0,0,0,0,0,0,3.0,1.0,1.0,0.112,12,3,0,1,1,1,1,1,1,1,1
3685,elasticjob-elastic-job-lite,io.elasticjob.lite.statistics.rdb.statisticrdbrepositorytest.assertfindlatesttaskrunningstatistics,0,0,0,1,0,0,0,0,0,6.0,1.0,4.0,0.071,16,4,0,1,1,1,1,1,1,1,1
3686,elasticjob-elastic-job-lite,io.elasticjob.lite.statistics.rdb.statisticrdbrepositorytest.assertfindjobrunningstatisticswhentableisempty,0,0,0,0,0,0,0,0,0,3.0,1.0,1.0,0.104,10,3,0,1,1,1,1,1,1,1,1
3687,elasticjob-elastic-job-lite,io.elasticjob.lite.statistics.rdb.statisticrdbrepositorytest.assertfindjobrunningstatisticswithdifferentfromdate,0,1,0,1,0,0,0,0,0,8.0,4.0,1.0,0.114,20,4,0,1,1,1,1,1,1,1,0
3688,elasticjob-elastic-job-lite,io.elasticjob.lite.statistics.rdb.statisticrdbrepositorytest.assertfindlatestjobrunningstatisticswhentableisempty,0,0,0,0,0,0,0,0,0,3.0,1.0,1.0,0.072,9,3,0,1,1,1,1,1,1,1,1
3689,elasticjob-elastic-job-lite,io.elasticjob.lite.statistics.rdb.statisticrdbrepositorytest.assertfindlatestjobrunningstatistics,0,0,0,1,0,0,0,0,0,6.0,1.0,4.0,0.069,19,4,0,1,1,1,1,1,1,1,1
3690,elasticjob-elastic-job-lite,io.elasticjob.lite.statistics.rdb.statisticrdbrepositorytest.assertfindjobregisterstatisticswhentableisempty,0,0,0,0,0,0,0,0,0,3.0,1.0,1.0,0.018,14,3,0,1,1,1,1,1,1,1,1
3691,elasticjob-elastic-job-lite,io.elasticjob.lite.statistics.rdb.statisticrdbrepositorytest.assertfindjobregisterstatisticswithdifferentfromdate,0,1,0,1,0,0,0,0,0,8.0,4.0,1.0,0.048,16,4,0,1,1,1,1,1,1,1,0
3692,elasticjob-elastic-job-lite,io.elasticjob.lite.statistics.rdb.statisticrdbrepositorytest.assertfindlatestjobregisterstatisticswhentableisempty,0,0,0,0,0,0,0,0,0,3.0,1.0,1.0,0.124,9,3,0,1,1,1,1,1,1,1,1
3693,elasticjob-elastic-job-lite,io.elasticjob.lite.statistics.rdb.statisticrdbrepositorytest.assertfindlatestjobregisterstatistics,0,0,0,1,0,0,0,0,0,6.0,1.0,4.0,0.019,19,4,0,1,1,1,1,1,1,1,1
3695,elasticjob-elastic-job-lite,io.elasticjob.lite.api.shardingcontexttest.assertnew,0,1,0,0,0,1,0,0,0,10.0,6.0,8.0,0.043,15,4,0,1,1,1,1,1,1,1,6
3696,elasticjob-elastic-job-lite,io.elasticjob.lite.api.shardingcontexttest.asserttostring,0,0,0,0,0,1,0,0,0,4.0,1.0,1.0,0.001,9,4,0,1,1,1,1,1,1,1,1
3698,elasticjob-elastic-job-lite,io.elasticjob.lite.api.jobschedulertest.assertinit,0,1,0,0,0,1,0,0,0,9.0,2.0,34.0,8.365,137,50,0,1,1,1,1,1,1,1,10
3699,elasticjob-elastic-job-lite,io.elasticjob.lite.api.strategy.impl.odevitysortbynamejobshardingstrategytest.assertshardingbyasc,0,0,0,0,0,0,0,0,0,7.0,1.0,5.0,0.01,15,4,0,1,1,1,1,1,1,1,1
3700,elasticjob-elastic-job-lite,io.elasticjob.lite.api.strategy.impl.odevitysortbynamejobshardingstrategytest.assertshardingbydesc,0,0,0,0,0,0,0,0,0,7.0,1.0,5.0,0.069,19,4,0,1,1,1,1,1,1,1,1
3701,elasticjob-elastic-job-lite,io.elasticjob.lite.api.strategy.impl.averageallocationjobshardingstrategytest.shardingforzeroserver,0,0,0,0,0,1,0,0,0,3.0,1.0,3.0,0.007,4,2,0,1,1,1,1,1,1,1,1
3702,elasticjob-elastic-job-lite,io.elasticjob.lite.api.strategy.impl.averageallocationjobshardingstrategytest.shardingforoneserver,0,0,0,0,0,1,0,0,0,5.0,1.0,3.0,0.004,10,3,0,1,1,1,1,1,1,1,1
3703,elasticjob-elastic-job-lite,io.elasticjob.lite.api.strategy.impl.averageallocationjobshardingstrategytest.shardingforserversmorethanshardingcount,0,0,0,0,0,1,0,0,0,7.0,1.0,5.0,0.001,13,3,0,1,1,1,1,1,1,1,1
3704,elasticjob-elastic-job-lite,io.elasticjob.lite.api.strategy.impl.averageallocationjobshardingstrategytest.shardingforserverslessthanshardingcountaliquot,0,0,0,0,0,1,0,0,0,7.0,1.0,5.0,0.006,12,3,0,1,1,1,1,1,1,1,1
3705,elasticjob-elastic-job-lite,io.elasticjob.lite.api.strategy.impl.averageallocationjobshardingstrategytest.shardingforserverslessthanshardingcountaliquantfor8shardingcountand3servers,0,0,0,0,0,1,0,0,0,7.0,1.0,5.0,0.059,13,3,0,1,1,1,1,1,1,1,1
3706,elasticjob-elastic-job-lite,io.elasticjob.lite.api.strategy.impl.averageallocationjobshardingstrategytest.shardingforserverslessthanshardingcountaliquantfor10shardingcountand3servers,0,0,0,0,0,1,0,0,0,7.0,1.0,5.0,0.004,13,3,0,1,1,1,1,1,1,1,1
3707,elasticjob-elastic-job-lite,io.elasticjob.lite.api.strategy.impl.rotateserverbynamejobshardingstrategytest.assertsharding1,0,0,0,0,0,0,0,0,0,7.0,1.0,9.0,0.044,17,4,0,1,1,1,1,1,1,1,1
3708,elasticjob-elastic-job-lite,io.elasticjob.lite.api.strategy.impl.rotateserverbynamejobshardingstrategytest.assertsharding2,0,0,0,0,0,0,0,0,0,7.0,1.0,10.0,0.0,19,4,0,1,1,1,1,1,1,1,1
3709,elasticjob-elastic-job-lite,io.elasticjob.lite.api.strategy.impl.rotateserverbynamejobshardingstrategytest.assertsharding3,0,0,0,0,0,0,0,0,0,7.0,1.0,8.0,0.01,17,4,0,1,1,1,1,1,1,1,1
3710,elasticjob-elastic-job-lite,io.elasticjob.lite.api.strategy.jobshardingstrategyfactorytest.assertgetdefaultstrategy,0,0,0,0,0,0,0,0,0,3.0,1.0,2.0,0.038,5,3,0,1,1,1,1,1,1,1,1
3711,elasticjob-elastic-job-lite,io.elasticjob.lite.api.strategy.jobshardingstrategyfactorytest.assertgetstrategyfailurewhenclassnotfound,0,0,0,0,0,0,0,0,0,3.0,0.0,1.0,0.001,5,3,0,1,1,1,1,1,1,1,0
3712,elasticjob-elastic-job-lite,io.elasticjob.lite.api.strategy.jobshardingstrategyfactorytest.assertgetstrategyfailurewhennotstrategyclass,0,0,0,0,0,0,0,0,0,3.0,0.0,1.0,0.001,6,3,0,1,1,1,1,1,1,1,0
3713,elasticjob-elastic-job-lite,io.elasticjob.lite.api.strategy.jobshardingstrategyfactorytest.assertgetstrategyfailurewhenstrategyclassinvalid,0,0,0,0,0,0,0,0,0,3.0,0.0,1.0,0.031,6,3,0,1,1,1,1,1,1,1,0
3714,elasticjob-elastic-job-lite,io.elasticjob.lite.api.strategy.jobshardingstrategyfactorytest.assertgetstrategysuccess,0,0,0,0,0,0,0,0,0,3.0,1.0,2.0,0.001,6,3,0,1,1,1,1,1,1,1,1
3715,elasticjob-elastic-job-lite,io.elasticjob.lite.api.strategy.jobinstancetest.assertgetjobinstanceid,0,0,0,0,0,0,0,0,0,3.0,1.0,1.0,0.001,3,2,0,1,1,1,1,1,1,1,1
3716,elasticjob-elastic-job-lite,io.elasticjob.lite.api.strategy.jobinstancetest.assertgetip,0,0,0,0,0,1,0,0,0,3.0,1.0,1.0,0.061,4,3,0,1,1,1,1,1,1,1,1
3717,elasticjob-elastic-job-lite,io.elasticjob.lite.executor.type.scriptjobexecutortest.assertexecutewhencommandlineisempty,0,0,0,0,0,1,0,0,0,6.0,0.0,11.0,0.03,41,22,0,1,1,1,1,1,1,1,5
3718,elasticjob-elastic-job-lite,io.elasticjob.lite.executor.type.scriptjobexecutortest.assertexecutewhenexecutefailureforsingleshardingitems,0,0,0,0,0,1,0,0,0,3.0,0.0,11.0,0.022,44,23,0,1,1,1,1,1,1,1,8
3719,elasticjob-elastic-job-lite,io.elasticjob.lite.executor.type.scriptjobexecutortest.assertexecutewhenexecutefailureformultipleshardingitems,0,0,0,0,0,1,0,0,0,3.0,0.0,12.0,1.457,53,28,0,1,1,1,1,1,1,1,8
3721,elasticjob-elastic-job-lite,io.elasticjob.lite.executor.type.scriptjobexecutortest.assertexecutesuccessformultipleshardingitems,0,0,0,0,0,1,0,0,0,3.0,0.0,12.0,0.02,48,23,0,1,1,1,1,1,1,1,8
3722,elasticjob-elastic-job-lite,io.elasticjob.lite.executor.type.scriptjobexecutortest.assertexecutesuccessforsingleshardingitems,0,0,0,0,0,1,0,0,0,3.0,0.0,13.0,0.053,46,22,0,1,1,1,1,1,1,1,9
3725,elasticjob-elastic-job-lite,io.elasticjob.lite.executor.type.simplejobexecutortest.assertnewexecutorwithdefaulthandlers,0,1,0,0,0,1,0,0,0,8.0,2.0,4.0,0.046,25,15,0,1,1,1,1,1,1,1,6
3726,elasticjob-elastic-job-lite,io.elasticjob.lite.executor.type.simplejobexecutortest.assertexecutewhencheckmaxtimediffsecondsintolerable,0,0,0,0,0,1,0,0,0,9.0,0.0,1.0,0.002,20,14,0,1,1,1,1,1,1,1,2
3727,elasticjob-elastic-job-lite,io.elasticjob.lite.executor.type.simplejobexecutortest.assertexecutewhenpreviousjobstillrunning,0,0,0,0,0,1,0,0,0,13.0,0.0,13.0,0.002,35,14,0,1,1,1,1,1,1,1,9
3728,elasticjob-elastic-job-lite,io.elasticjob.lite.executor.type.simplejobexecutortest.assertexecutewhenshardingitemsisempty,0,0,0,0,0,1,0,0,0,11.0,0.0,10.0,0.02,32,15,0,1,1,1,1,1,1,1,7
3729,elasticjob-elastic-job-lite,io.elasticjob.lite.executor.type.simplejobexecutortest.assertexecutewhenrunonceandthrowexceptionforsingleshardingitem,0,0,0,0,0,1,0,0,0,3.0,0.0,2.0,0.002,58,22,0,1,1,1,1,1,1,1,2
3730,elasticjob-elastic-job-lite,io.elasticjob.lite.executor.type.simplejobexecutortest.assertexecutewhenrunonceandthrowexceptionformultipleshardingitems,0,0,0,0,0,1,0,0,0,3.0,0.0,2.0,0.019,59,23,0,1,1,1,1,1,1,1,2
3732,elasticjob-elastic-job-lite,io.elasticjob.lite.executor.type.simplejobexecutortest.assertexecutewhenrunoncesuccessforsingleshardingitems,0,0,0,0,0,1,0,0,0,3.0,0.0,7.0,0.009,50,19,0,1,1,1,1,1,1,1,4
3733,elasticjob-elastic-job-lite,io.elasticjob.lite.executor.type.simplejobexecutortest.assertexecutewhenrunoncesuccessformultipleshardingitems,0,0,0,0,0,1,0,0,0,3.0,0.0,8.0,0.012,54,20,0,1,1,1,1,1,1,1,4
3735,elasticjob-elastic-job-lite,io.elasticjob.lite.executor.type.simplejobexecutortest.assertexecutewhenrunoncewithmisfireisempty,0,0,0,0,0,1,0,0,0,8.0,0.0,9.0,1.277,52,24,0,1,1,1,1,1,1,1,6
3736,elasticjob-elastic-job-lite,io.elasticjob.lite.executor.type.simplejobexecutortest.assertexecutewhenrunoncewithmisfireisnotemptybutisnoteligibleforjobrunning,0,0,0,0,0,1,0,0,0,9.0,0.0,9.0,0.05,55,20,0,1,1,1,1,1,1,1,8
3737,elasticjob-elastic-job-lite,io.elasticjob.lite.executor.type.simplejobexecutortest.assertexecutewhenrunoncewithmisfire,0,0,0,0,0,1,0,0,0,15.0,0.0,13.0,0.041,53,19,0,1,1,1,1,1,1,1,14
3738,elasticjob-elastic-job-lite,io.elasticjob.lite.executor.type.simplejobexecutortest.assertbeforejobexecutedfailure,0,0,0,0,0,1,0,0,0,11.0,0.0,7.0,0.0,32,16,0,1,1,1,1,1,1,1,4
3739,elasticjob-elastic-job-lite,io.elasticjob.lite.executor.type.simplejobexecutortest.assertafterjobexecutedfailure,0,0,0,0,0,1,0,0,0,12.0,0.0,5.0,0.021,47,20,0,1,1,1,1,1,1,1,4
3741,elasticjob-elastic-job-lite,io.elasticjob.lite.executor.type.dataflowjobexecutortest.assertexecutewhenfetchdataisnullandempty,0,0,0,0,0,1,0,0,0,9.0,0.0,6.0,0.043,38,20,0,1,1,1,1,1,1,1,4
3742,elasticjob-elastic-job-lite,io.elasticjob.lite.executor.type.dataflowjobexecutortest.assertexecutewhenfetchdataisnotemptyforunstreamingprocessandsingleshardingitem,0,0,0,0,0,1,0,0,0,7.0,0.0,4.0,0.01,41,21,0,1,1,1,1,1,1,1,4
3743,elasticjob-elastic-job-lite,io.elasticjob.lite.executor.type.dataflowjobexecutortest.assertexecutewhenfetchdataisnotemptyforunstreamingprocessandmultipleshardingitems,0,0,0,0,0,1,0,0,0,13.0,0.0,6.0,0.027,44,22,0,1,1,1,1,1,1,1,4
3744,elasticjob-elastic-job-lite,io.elasticjob.lite.executor.type.dataflowjobexecutortest.assertexecutewhenfetchdataisnotemptyforstreamingprocessandsingleshardingitem,0,0,0,0,0,1,0,0,0,9.0,0.0,4.0,0.018,35,19,0,1,1,1,1,1,1,1,4
3745,elasticjob-elastic-job-lite,io.elasticjob.lite.executor.type.dataflowjobexecutortest.assertexecutewhenfetchdataisnotemptyforstreamingprocessandmultipleshardingitems,0,0,0,0,0,1,0,0,0,12.0,0.0,7.0,0.016,40,20,0,1,1,1,1,1,1,1,4
3746,elasticjob-elastic-job-lite,io.elasticjob.lite.executor.type.dataflowjobexecutortest.assertexecutewhenfetchdataisnotemptyandprocessfailurewithexceptionforstreamingprocess,0,0,0,0,0,1,0,0,0,14.0,0.0,6.0,1.423,48,26,0,1,1,1,1,1,1,1,4
3747,elasticjob-elastic-job-lite,io.elasticjob.lite.executor.type.dataflowjobexecutortest.assertexecutewhenfetchdataisnotemptyandiseligibleforjobrunningforstreamingprocess,0,0,0,0,0,1,0,0,0,15.0,0.0,6.0,0.01,44,22,0,1,1,1,1,1,1,1,4
3748,elasticjob-elastic-job-lite,io.elasticjob.lite.executor.type.dataflowjobexecutortest.assertexecutewhenfetchdataisnotemptyandisnoteligibleforjobrunningforstreamingprocess,0,0,0,0,0,1,0,0,0,14.0,0.0,6.0,0.027,44,22,0,1,1,1,1,1,1,1,4
3750,elasticjob-elastic-job-lite,io.elasticjob.lite.executor.jobexecutorfactorytest.assertgetjobexecutorforscriptjob,0,0,0,0,0,1,0,0,0,4.0,1.0,2.0,0.004,22,13,0,1,1,1,1,1,1,1,3
3751,elasticjob-elastic-job-lite,io.elasticjob.lite.executor.jobexecutorfactorytest.assertgetjobexecutorforsimplejob,0,0,0,0,0,1,0,0,0,4.0,1.0,2.0,0.003,23,14,0,1,1,1,1,1,1,1,3
3752,elasticjob-elastic-job-lite,io.elasticjob.lite.executor.jobexecutorfactorytest.assertgetjobexecutorfordataflowjob,0,0,0,0,1,1,0,0,0,4.0,1.0,4.0,1.148,22,16,0,1,1,1,1,1,1,1,3
3753,elasticjob-elastic-job-lite,io.elasticjob.lite.executor.jobexecutorfactorytest.assertgetjobexecutorwhenjobclasswhenunsupportedjob,0,0,0,0,0,0,0,0,0,3.0,0.0,0.0,0.037,4,4,0,1,1,1,1,1,1,1,0
3754,elasticjob-elastic-job-lite,io.elasticjob.lite.executor.jobexecutorfactorytest.assertgetjobexecutortwice,0,0,0,0,0,1,0,0,0,6.0,1.0,4.0,0.01,25,14,0,1,1,1,1,1,1,1,2
3755,elasticjob-elastic-job-lite,io.elasticjob.lite.executor.handler.impl.defaultjobexceptionhandlertest.asserthandleexception,0,0,0,0,0,1,0,0,0,4.0,0.0,2.0,0.934,4,2,0,1,1,1,1,1,1,1,2
3756,elasticjob-elastic-job-lite,io.elasticjob.lite.executor.handler.jobpropertiestest.assertputinvalidkey,0,0,0,0,0,0,0,0,0,5.0,1.0,1.0,0.001,4,3,0,1,1,1,1,1,1,1,1
3757,elasticjob-elastic-job-lite,io.elasticjob.lite.executor.handler.jobpropertiestest.assertputnullvalue,0,0,0,0,0,0,0,0,0,5.0,1.0,1.0,0.031,4,3,0,1,1,1,1,1,1,1,1
3758,elasticjob-elastic-job-lite,io.elasticjob.lite.executor.handler.jobpropertiestest.assertputsuccess,0,0,0,0,0,0,0,0,0,5.0,1.0,1.0,0.0,4,3,0,1,1,1,1,1,1,1,1
3760,elasticjob-elastic-job-lite,io.elasticjob.lite.executor.handler.jobpropertiestest.assertgetwhenvalueisempty,0,1,0,0,0,0,0,0,0,5.0,2.0,3.0,0.005,7,3,0,1,1,1,1,1,1,1,4
3761,elasticjob-elastic-job-lite,io.elasticjob.lite.executor.handler.jobpropertiestest.assertgetwhenvalueisnotempty,0,0,0,1,0,0,0,0,0,5.0,1.0,3.0,0.002,7,3,0,1,1,1,1,1,1,1,2
3762,elasticjob-elastic-job-lite,io.elasticjob.lite.executor.handler.jobpropertiestest.assertjson,0,0,0,0,0,1,0,0,0,3.0,1.0,2.0,0.266,8,5,0,1,1,1,1,1,1,1,3
3763,elasticjob-elastic-job-lite,io.elasticjob.lite.executor.handler.jobpropertiestest.assertjobpropertiesenumfromvalidvalue,0,0,0,0,0,1,0,0,0,3.0,1.0,1.0,0.028,4,2,0,1,1,1,1,1,1,1,2
3764,elasticjob-elastic-job-lite,io.elasticjob.lite.executor.handler.jobpropertiestest.assertjobpropertiesenumfrominvalidvalue,0,0,0,0,0,1,0,0,0,3.0,1.0,1.0,0.001,3,2,0,1,1,1,1,1,1,1,0
3766,elasticjob-elastic-job-lite,io.elasticjob.lite.executor.handler.executorservicehandlerregistrytest.assertremove,0,0,0,1,1,0,0,0,0,5.0,1.0,4.0,0.006,7,4,0,1,1,1,1,1,1,1,1
3767,elasticjob-elastic-job-lite,io.elasticjob.lite.executor.handler.executorservicehandlerregistrytest.assertgetexecutorservicehandlerforsamethread,0,0,0,0,1,0,0,0,0,4.0,1.0,2.0,0.141,6,4,0,1,1,1,1,1,1,1,1
3768,elasticjob-elastic-job-lite,io.elasticjob.lite.executor.handler.executorservicehandlerregistrytest.assertgetexecutorservicehandlerforconcurrent,0,1,0,0,1,0,0,0,0,13.0,2.0,10.0,0.609,15,5,0,1,1,1,1,1,1,1,2
3769,elasticjob-elastic-job-lite,io.elasticjob.lite.util.env.timeservicetest.assertgetcurrentmillis,0,0,0,0,0,0,0,0,0,3.0,1.0,1.0,0.022,3,2,0,1,1,1,1,1,1,1,0
3770,elasticjob-elastic-job-lite,io.elasticjob.lite.util.env.iputilstest.assertgetip,0,0,0,0,0,0,0,0,0,3.0,1.0,1.0,0.011,3,2,0,1,1,1,1,1,1,1,0
3771,elasticjob-elastic-job-lite,io.elasticjob.lite.util.env.iputilstest.assertgethostname,0,0,0,0,0,0,0,0,0,3.0,1.0,1.0,0.016,3,2,0,1,1,1,1,1,1,1,0
3772,elasticjob-elastic-job-lite,io.elasticjob.lite.util.env.hostexceptiontest.assertgetcause,0,0,0,0,0,0,0,0,0,4.0,1.0,3.0,0.04,5,2,0,1,1,1,1,1,1,1,1
3773,elasticjob-elastic-job-lite,io.elasticjob.lite.util.concurrent.executorserviceobjecttest.assertcreateexecutorservice,0,1,0,1,1,1,0,0,0,20.0,11.0,19.0,0.332,26,4,0,1,1,1,1,1,1,1,14
3774,elasticjob-elastic-job-lite,io.elasticjob.lite.util.config.shardingitemparameterstest.assertnewwhenpairformatinvalid,0,0,0,0,0,0,0,0,0,3.0,0.0,1.0,0.004,6,3,0,1,1,1,1,1,1,1,0
3775,elasticjob-elastic-job-lite,io.elasticjob.lite.util.config.shardingitemparameterstest.assertnewwhenitemisnotnumber,0,0,0,0,0,0,0,0,0,3.0,0.0,0.0,0.002,5,3,0,1,1,1,1,1,1,1,0
3776,elasticjob-elastic-job-lite,io.elasticjob.lite.util.config.shardingitemparameterstest.assertgetmapwhenisempty,0,0,0,0,0,0,0,0,0,3.0,1.0,1.0,0.01,3,2,0,1,1,1,1,1,1,1,1
3777,elasticjob-elastic-job-lite,io.elasticjob.lite.util.config.shardingitemparameterstest.assertgetmap,0,0,0,0,0,0,0,0,0,7.0,1.0,5.0,0.059,8,3,0,1,1,1,1,1,1,1,1
3778,elasticjob-elastic-job-lite,io.elasticjob.lite.util.config.shardingitemstest.assertttoitemlistwhennull,0,0,0,0,0,0,0,0,0,3.0,1.0,2.0,0.0,4,2,0,1,1,1,1,1,1,1,1
3779,elasticjob-elastic-job-lite,io.elasticjob.lite.util.config.shardingitemstest.asserttoitemlistwhenempty,0,0,0,0,0,0,0,0,0,3.0,1.0,2.0,0.066,4,2,0,1,1,1,1,1,1,1,1
3780,elasticjob-elastic-job-lite,io.elasticjob.lite.util.config.shardingitemstest.asserttoitemlist,0,0,0,0,0,0,0,0,0,3.0,1.0,2.0,0.001,9,2,0,1,1,1,1,1,1,1,1
3781,elasticjob-elastic-job-lite,io.elasticjob.lite.util.config.shardingitemstest.asserttoitemlistforduplicated,0,0,0,0,0,0,0,0,0,3.0,1.0,2.0,0.002,8,2,0,1,1,1,1,1,1,1,1
3782,elasticjob-elastic-job-lite,io.elasticjob.lite.util.config.shardingitemstest.asserttoitemsstringwhenempty,0,0,0,0,0,0,0,0,0,3.0,1.0,1.0,0.0,3,2,0,1,1,1,1,1,1,1,1
3783,elasticjob-elastic-job-lite,io.elasticjob.lite.util.config.shardingitemstest.asserttoitemsstring,0,0,0,0,0,0,0,0,0,3.0,1.0,1.0,0.019,3,2,0,1,1,1,1,1,1,1,1
3784,elasticjob-elastic-job-lite,io.elasticjob.lite.util.digest.encryptiontest.assertmd5,0,0,0,0,0,0,0,0,0,3.0,1.0,1.0,0.085,5,2,0,1,1,1,1,1,1,1,1
3785,elasticjob-elastic-job-lite,io.elasticjob.lite.util.json.gsonfactorytest.assertgetgson,0,0,0,0,0,0,0,0,0,3.0,1.0,1.0,0.475,4,2,0,1,1,1,1,1,1,1,1
3786,elasticjob-elastic-job-lite,io.elasticjob.lite.util.json.gsonfactorytest.assertregistertypeadapter,0,1,0,1,0,0,0,0,0,17.0,2.0,5.0,0.055,8,3,0,1,1,1,1,1,1,1,6
3789,elasticjob-elastic-job-lite,io.elasticjob.lite.config.litejobconfigurationtest.assertbuildallproperties,0,1,0,0,0,1,0,0,0,12.0,7.0,9.0,0.091,22,9,0,1,1,1,1,1,1,1,4
3790,elasticjob-elastic-job-lite,io.elasticjob.lite.config.litejobconfigurationtest.assertbuildrequiredproperties,0,1,0,0,0,1,0,0,0,10.0,6.0,8.0,0.002,17,7,0,1,1,1,1,1,1,1,3
3791,elasticjob-elastic-job-lite,io.elasticjob.lite.config.litejobconfigurationtest.assertbuildwhenoptionalparametersisnull,0,0,0,0,0,1,0,0,0,4.0,1.0,2.0,0.001,11,7,0,1,1,1,1,1,1,1,1
3792,elasticjob-elastic-job-lite,io.elasticjob.lite.config.litejobconfigurationtest.assertisnotfailover,0,0,0,1,0,1,0,0,0,4.0,1.0,2.0,0.0,11,7,0,1,1,1,1,1,1,1,0
3793,elasticjob-elastic-job-lite,io.elasticjob.lite.config.litejobconfigurationtest.assertisfailover,0,0,0,1,0,1,0,0,0,4.0,1.0,2.0,0.001,11,7,0,1,1,1,1,1,1,1,0
3794,elasticjob-elastic-job-lite,io.elasticjob.lite.config.jobcoreconfigurationtest.assertbuildallproperties,0,1,0,0,0,0,0,0,0,12.0,6.0,4.0,0.075,10,5,0,1,1,1,1,1,1,1,2
3795,elasticjob-elastic-job-lite,io.elasticjob.lite.config.jobcoreconfigurationtest.assertbuildrequiredproperties,0,0,0,0,0,0,0,0,0,5.0,0.0,7.0,0.008,12,5,0,1,1,1,1,1,1,1,3
3796,elasticjob-elastic-job-lite,io.elasticjob.lite.config.jobcoreconfigurationtest.assertbuildwhenoptionalparametersisnull,0,0,0,0,0,0,0,0,0,6.0,0.0,8.0,0.0,13,5,0,1,1,1,1,1,1,1,4
3799,elasticjob-elastic-job-lite,io.elasticjob.lite.config.jobcoreconfigurationtest.assertbuildwhenjobnameisnull,0,0,0,0,0,0,0,0,0,3.0,0.0,2.0,0.001,6,4,0,1,1,1,1,1,1,1,0
3800,elasticjob-elastic-job-lite,io.elasticjob.lite.config.jobcoreconfigurationtest.assertbuildwhencronisnull,0,0,0,0,0,0,0,0,0,3.0,0.0,2.0,0.0,6,4,0,1,1,1,1,1,1,1,0
3801,elasticjob-elastic-job-lite,io.elasticjob.lite.config.jobcoreconfigurationtest.assertbuildwhentotalshardingcountisnegative,0,0,0,0,0,0,0,0,0,3.0,0.0,2.0,0.001,6,4,0,1,1,1,1,1,1,1,0
3803,elasticjob-elastic-job-lite,io.elasticjob.lite.internal.sharding.shardingservicetest.assertsetreshardingflag,0,0,0,0,0,1,0,0,0,4.0,0.0,4.0,0.02,30,14,0,1,1,1,1,1,1,1,1
3804,elasticjob-elastic-job-lite,io.elasticjob.lite.internal.sharding.shardingservicetest.assertisneedsharding,0,0,0,0,0,1,0,0,0,4.0,1.0,4.0,0.018,30,14,0,1,1,1,1,1,1,1,2
3805,elasticjob-elastic-job-lite,io.elasticjob.lite.internal.sharding.shardingservicetest.assertshardingwhenunnecessary,0,0,0,0,0,1,0,0,0,4.0,0.0,6.0,0.005,32,14,0,1,1,1,1,1,1,1,2
3806,elasticjob-elastic-job-lite,io.elasticjob.lite.internal.sharding.shardingservicetest.assertshardingwithoutavailablejobinstances,0,0,0,0,0,1,0,0,0,5.0,0.0,6.0,7.73,34,14,0,1,1,1,1,1,1,1,4
3807,elasticjob-elastic-job-lite,io.elasticjob.lite.internal.sharding.shardingservicetest.assertshardingwhenisnotleader,0,0,0,0,0,1,0,0,0,8.0,0.0,8.0,0.118,40,15,0,1,1,1,1,1,1,1,10
3808,elasticjob-elastic-job-lite,io.elasticjob.lite.internal.sharding.shardingservicetest.assertshardingnecessarywhenmonitorexecutionenabledandincreaseshardingtotalcount,0,0,0,0,0,1,0,0,0,19.0,0.0,22.0,0.212,70,27,0,1,1,1,1,1,1,1,23
3809,elasticjob-elastic-job-lite,io.elasticjob.lite.internal.sharding.shardingservicetest.assertshardingnecessarywhenmonitorexecutiondisabledanddecreaseshardingtotalcount,0,0,0,0,0,1,0,0,0,19.0,0.0,24.0,0.033,69,24,0,1,1,1,1,1,1,1,22
3810,elasticjob-elastic-job-lite,io.elasticjob.lite.internal.sharding.shardingservicetest.assertgetshardingitemswithnotavailableserver,0,0,0,0,0,0,0,0,0,3.0,1.0,3.0,0.036,31,14,0,1,1,1,1,1,1,1,1
3811,elasticjob-elastic-job-lite,io.elasticjob.lite.internal.sharding.shardingservicetest.assertgetshardingitemswithenabledserver,0,0,0,0,0,1,0,0,0,11.0,1.0,14.0,0.012,58,21,0,1,1,1,1,1,1,1,11
3812,elasticjob-elastic-job-lite,io.elasticjob.lite.internal.sharding.shardingservicetest.assertgetlocalshardingitemswithinstanceshutdown,0,0,0,0,0,0,0,0,0,3.0,1.0,3.0,0.006,30,14,0,1,1,1,1,1,1,1,1
3813,elasticjob-elastic-job-lite,io.elasticjob.lite.internal.sharding.shardingservicetest.assertgetlocalshardingitemswithdisabledserver,0,0,0,0,0,1,0,0,0,5.0,1.0,5.0,0.016,32,14,0,1,1,1,1,1,1,1,1
3814,elasticjob-elastic-job-lite,io.elasticjob.lite.internal.sharding.shardingservicetest.assertgetlocalshardingitemswithenabledserver,0,0,0,0,0,1,0,0,0,11.0,1.0,11.0,0.016,46,21,0,1,1,1,1,1,1,1,11
3815,elasticjob-elastic-job-lite,io.elasticjob.lite.internal.sharding.shardingservicetest.asserthasshardinginfoinofflineservers,0,0,0,0,0,1,0,0,0,9.0,1.0,10.0,0.011,47,21,0,1,1,1,1,1,1,1,10
3816,elasticjob-elastic-job-lite,io.elasticjob.lite.internal.sharding.shardingservicetest.asserthasnotshardinginfoinofflineservers,0,0,0,0,0,1,0,0,0,9.0,1.0,10.0,0.01,47,21,0,1,1,1,1,1,1,1,10
3817,elasticjob-elastic-job-lite,io.elasticjob.lite.internal.sharding.shardingservicetest.assertpersistshardinginfotransactionexecutioncallback,0,0,0,0,0,1,0,0,0,28.0,0.0,35.0,1.956,90,22,0,1,1,1,1,1,1,1,52
3819,elasticjob-elastic-job-lite,io.elasticjob.lite.internal.sharding.shardinglistenermanagertest.assertstart,0,0,0,0,0,1,0,0,0,4.0,0.0,15.0,0.023,45,20,0,1,1,1,1,1,1,1,4
3820,elasticjob-elastic-job-lite,io.elasticjob.lite.internal.sharding.shardinglistenermanagertest.assertshardingtotalcountchangedjoblistenerwhenisnotconfigpath,0,0,0,0,0,1,0,0,0,4.0,0.0,18.0,0.007,48,19,0,1,1,1,1,1,1,1,3
3821,elasticjob-elastic-job-lite,io.elasticjob.lite.internal.sharding.shardinglistenermanagertest.assertshardingtotalcountchangedjoblistenerwhenisconfigpathbutcurrentshardingtotalcountiszero,0,0,0,0,0,1,0,0,0,4.0,0.0,16.0,0.022,52,20,0,1,1,1,1,1,1,1,3
3822,elasticjob-elastic-job-lite,io.elasticjob.lite.internal.sharding.shardinglistenermanagertest.assertshardingtotalcountchangedjoblistenerwhenisconfigpathandcurrentshardingtotalcountisequaltonewshardingtotalcount,0,0,0,0,0,1,0,0,0,6.0,0.0,22.0,0.011,84,32,0,1,1,1,1,1,1,1,5
3823,elasticjob-elastic-job-lite,io.elasticjob.lite.internal.sharding.shardinglistenermanagertest.assertshardingtotalcountchangedjoblistenerwhenisconfigpathandcurrentshardingtotalcountisnotequaltonewshardingtotalcount,0,0,0,0,0,1,0,0,0,6.0,0.0,23.0,0.532,88,32,0,1,1,1,1,1,1,1,5
3824,elasticjob-elastic-job-lite,io.elasticjob.lite.internal.sharding.shardinglistenermanagertest.assertlistenserverschangedjoblistenerwhenisnotserverstatuspath,0,0,0,0,0,1,0,0,0,4.0,0.0,9.0,7.26,45,19,0,1,1,1,1,1,1,1,3
3825,elasticjob-elastic-job-lite,io.elasticjob.lite.internal.sharding.shardinglistenermanagertest.assertlistenserverschangedjoblistenerwhenisserverstatuspathbutupdate,0,0,0,0,0,1,0,0,0,4.0,0.0,16.0,0.001,49,19,0,1,1,1,1,1,1,1,3
3826,elasticjob-elastic-job-lite,io.elasticjob.lite.internal.sharding.shardinglistenermanagertest.assertlistenserverschangedjoblistenerwhenisinstancechangebutjobinstanceisshutdown,0,0,0,0,0,1,0,0,0,4.0,0.0,16.0,0.002,51,19,0,1,1,1,1,1,1,1,3
3827,elasticjob-elastic-job-lite,io.elasticjob.lite.internal.sharding.shardinglistenermanagertest.assertlistenserverschangedjoblistenerwhenisinstancechange,0,0,0,0,0,1,0,0,0,6.0,0.0,18.0,0.003,51,19,0,1,1,1,1,1,1,1,2
3828,elasticjob-elastic-job-lite,io.elasticjob.lite.internal.sharding.shardinglistenermanagertest.assertlistenserverschangedjoblistenerwhenisserverchange,0,0,0,0,0,1,0,0,0,6.0,0.0,18.0,0.024,48,19,0,1,1,1,1,1,1,1,2
3830,elasticjob-elastic-job-lite,io.elasticjob.lite.internal.sharding.executionservicetest.assertregisterjobbeginwithoutmonitorexecution,0,0,0,0,0,0,0,0,0,7.0,1.0,7.0,0.002,25,14,0,1,1,1,1,1,1,1,0
3831,elasticjob-elastic-job-lite,io.elasticjob.lite.internal.sharding.executionservicetest.assertregisterjobbeginwithmonitorexecution,0,0,0,0,0,0,0,0,0,9.0,1.0,9.0,0.01,28,15,0,1,1,1,1,1,1,1,0
3832,elasticjob-elastic-job-lite,io.elasticjob.lite.internal.sharding.executionservicetest.assertregisterjobcompletedwithoutmonitorexecution,0,0,0,0,0,1,0,0,0,9.0,1.0,10.0,0.017,29,14,0,1,1,1,1,1,1,1,8
3833,elasticjob-elastic-job-lite,io.elasticjob.lite.internal.sharding.executionservicetest.assertregisterjobcompletedwithmonitorexecution,0,0,0,0,0,0,0,0,0,10.0,1.0,11.0,0.02,33,15,0,1,1,1,1,1,1,1,0
3834,elasticjob-elastic-job-lite,io.elasticjob.lite.internal.sharding.executionservicetest.assertclearallrunninginfo,0,0,0,0,0,1,0,0,0,8.0,0.0,8.0,0.093,28,13,0,1,1,1,1,1,1,1,5
3835,elasticjob-elastic-job-lite,io.elasticjob.lite.internal.sharding.executionservicetest.assertclearrunninginfo,0,0,0,0,0,1,0,0,0,5.0,0.0,6.0,0.004,15,7,0,1,1,1,1,1,1,1,2
3836,elasticjob-elastic-job-lite,io.elasticjob.lite.internal.sharding.executionservicetest.assertnothaverunningitemswithoutmonitorexecution,0,0,0,0,0,1,0,0,0,5.0,1.0,5.0,0.009,22,12,0,1,1,1,1,1,1,1,2
3837,elasticjob-elastic-job-lite,io.elasticjob.lite.internal.sharding.executionservicetest.asserthasrunningitemswithmonitorexecution,0,0,0,0,0,1,0,0,0,7.0,1.0,7.0,0.021,26,13,0,1,1,1,1,1,1,1,6
3838,elasticjob-elastic-job-lite,io.elasticjob.lite.internal.sharding.executionservicetest.assertnothaverunningitems,0,0,0,0,0,1,0,0,0,8.0,1.0,8.0,0.011,27,13,0,1,1,1,1,1,1,1,8
3839,elasticjob-elastic-job-lite,io.elasticjob.lite.internal.sharding.executionservicetest.asserthasrunningitemsforall,0,0,0,0,0,1,0,0,0,8.0,1.0,8.0,0.01,26,13,0,1,1,1,1,1,1,1,8
3840,elasticjob-elastic-job-lite,io.elasticjob.lite.internal.sharding.executionservicetest.assertnothaverunningitemsforall,0,0,0,0,0,1,0,0,0,8.0,1.0,8.0,4.95,29,15,0,1,1,1,1,1,1,1,8
3841,elasticjob-elastic-job-lite,io.elasticjob.lite.internal.sharding.executionservicetest.assertmisfireifnotrunning,0,0,0,0,0,1,0,0,0,8.0,1.0,8.0,0.007,25,13,0,1,1,1,1,1,1,1,8
3842,elasticjob-elastic-job-lite,io.elasticjob.lite.internal.sharding.executionservicetest.assertmisfireifrunning,0,0,0,0,0,1,0,0,0,7.0,1.0,6.0,0.009,26,13,0,1,1,1,1,1,1,1,6
3843,elasticjob-elastic-job-lite,io.elasticjob.lite.internal.sharding.executionservicetest.assertsetmisfire,0,0,0,0,0,1,0,0,0,6.0,0.0,5.0,0.014,16,7,0,1,1,1,1,1,1,1,3
3844,elasticjob-elastic-job-lite,io.elasticjob.lite.internal.sharding.executionservicetest.assertgetmisfiredjobitems,0,0,0,0,0,1,0,0,0,6.0,1.0,5.0,0.06,19,7,0,1,1,1,1,1,1,1,7
3845,elasticjob-elastic-job-lite,io.elasticjob.lite.internal.sharding.executionservicetest.assertclearmisfire,0,0,0,0,0,1,0,0,0,6.0,0.0,5.0,0.01,17,7,0,1,1,1,1,1,1,1,3
3846,elasticjob-elastic-job-lite,io.elasticjob.lite.internal.sharding.executionservicetest.assertgetdisableditems,0,0,0,0,0,1,0,0,0,6.0,1.0,5.0,0.015,19,7,0,1,1,1,1,1,1,1,7
3848,elasticjob-elastic-job-lite,io.elasticjob.lite.internal.sharding.shardingnodetest.assertgetrunningnode,0,0,0,0,0,0,0,0,0,3.0,1.0,1.0,0.018,4,3,0,1,1,1,1,1,1,1,1
3849,elasticjob-elastic-job-lite,io.elasticjob.lite.internal.sharding.shardingnodetest.assertgetmisfirenode,0,0,0,0,0,0,0,0,0,3.0,1.0,1.0,0.001,4,3,0,1,1,1,1,1,1,1,1
3850,elasticjob-elastic-job-lite,io.elasticjob.lite.internal.sharding.shardingnodetest.assertgetitemwhennotrunningitempath,0,0,0,0,0,0,0,0,0,3.0,1.0,1.0,0.031,4,3,0,1,1,1,1,1,1,1,0
3851,elasticjob-elastic-job-lite,io.elasticjob.lite.internal.sharding.shardingnodetest.assertgetitembyrunningitempath,0,0,0,0,0,0,0,0,0,3.0,1.0,1.0,0.004,4,3,0,1,1,1,1,1,1,1,1
3853,elasticjob-elastic-job-lite,io.elasticjob.lite.internal.sharding.monitorexecutionlistenermanagertest.assertmonitorexecutionsettingschangedjoblistenerwhenisnotfailoverpath,0,0,0,0,0,1,0,0,0,4.0,0.0,8.0,0.001,23,12,0,1,1,1,1,1,1,1,2
3854,elasticjob-elastic-job-lite,io.elasticjob.lite.internal.sharding.monitorexecutionlistenermanagertest.assertmonitorexecutionsettingschangedjoblistenerwhenisfailoverpathbutnotupdate,0,0,0,0,0,1,0,0,0,4.0,0.0,8.0,0.002,22,11,0,1,1,1,1,1,1,1,2
3855,elasticjob-elastic-job-lite,io.elasticjob.lite.internal.sharding.monitorexecutionlistenermanagertest.assertmonitorexecutionsettingschangedjoblistenerwhenisfailoverpathandupdatebutenablefailover,0,0,0,0,0,1,0,0,0,4.0,0.0,9.0,0.003,54,24,0,1,1,1,1,1,1,1,2
3856,elasticjob-elastic-job-lite,io.elasticjob.lite.internal.sharding.monitorexecutionlistenermanagertest.assertmonitorexecutionsettingschangedjoblistenerwhenisfailoverpathandupdatebutdisablefailover,0,0,0,0,0,1,0,0,0,5.0,0.0,10.0,5.22,60,24,0,1,1,1,1,1,1,1,1
3858,elasticjob-elastic-job-lite,io.elasticjob.lite.internal.sharding.executioncontextservicetest.assertgetshardingcontextwhennotassignshardingitem,0,1,0,0,0,1,0,0,0,7.0,2.0,8.0,4.665,33,17,0,1,1,1,1,1,1,1,3
3859,elasticjob-elastic-job-lite,io.elasticjob.lite.internal.sharding.executioncontextservicetest.assertgetshardingcontextwhenassignshardingitems,0,0,0,0,0,0,0,0,0,9.0,0.0,9.0,0.014,30,17,0,1,1,1,1,1,1,1,5
3860,elasticjob-elastic-job-lite,io.elasticjob.lite.internal.sharding.executioncontextservicetest.assertgetshardingcontextwhenhasrunningitems,0,0,0,0,0,0,0,0,0,10.0,0.0,9.0,0.107,33,18,0,1,1,1,1,1,1,1,5
3863,elasticjob-elastic-job-lite,io.elasticjob.lite.internal.listener.registrycenterconnectionstatelistenertest.assertconnectionlostlistenerwhenconnectionstateislost,0,0,0,0,0,1,0,0,0,6.0,0.0,11.0,7.795,39,15,0,1,1,1,1,1,1,1,1
3864,elasticjob-elastic-job-lite,io.elasticjob.lite.internal.listener.registrycenterconnectionstatelistenertest.assertconnectionlostlistenerwhenconnectionstateislostbutisshutdown,0,0,0,0,0,1,0,0,0,5.0,0.0,12.0,0.009,39,15,0,1,1,1,1,1,1,1,4
3865,elasticjob-elastic-job-lite,io.elasticjob.lite.internal.listener.registrycenterconnectionstatelistenertest.assertconnectionlostlistenerwhenconnectionstateisreconnected,0,0,0,0,0,1,0,0,0,10.0,0.0,19.0,0.034,49,15,0,1,1,1,1,1,1,1,7
3866,elasticjob-elastic-job-lite,io.elasticjob.lite.internal.listener.registrycenterconnectionstatelistenertest.assertconnectionlostlistenerwhenconnectionstateisreconnectedbutisshutdown,0,0,0,0,0,1,0,0,0,7.0,0.0,14.0,0.012,42,15,0,1,1,1,1,1,1,1,8
3867,elasticjob-elastic-job-lite,io.elasticjob.lite.internal.listener.registrycenterconnectionstatelistenertest.assertconnectionlostlistenerwhenconnectionstateisother,0,0,0,0,0,1,0,0,0,7.0,0.0,13.0,0.012,42,15,0,1,1,1,1,1,1,1,4
3869,elasticjob-elastic-job-lite,io.elasticjob.lite.internal.listener.listenermanagertest.assertstartalllisteners,0,0,0,0,0,1,0,0,0,11.0,0.0,43.0,5.892,97,30,0,1,1,1,1,1,1,1,8
3871,elasticjob-elastic-job-lite,io.elasticjob.lite.internal.instance.instanceservicetest.assertpersistonline,0,0,0,0,0,1,0,0,0,4.0,0.0,3.0,0.003,15,9,0,1,1,1,1,1,1,1,1
3872,elasticjob-elastic-job-lite,io.elasticjob.lite.internal.instance.instanceservicetest.assertremoveinstance,0,0,0,0,0,1,0,0,0,4.0,0.0,2.0,4.513,20,9,0,1,1,1,1,1,1,1,1
3873,elasticjob-elastic-job-lite,io.elasticjob.lite.internal.instance.instanceservicetest.assertcleartriggerflag,0,0,0,0,0,1,0,0,0,4.0,0.0,3.0,0.008,16,9,0,1,1,1,1,1,1,1,0
3874,elasticjob-elastic-job-lite,io.elasticjob.lite.internal.instance.instanceservicetest.assertgetavailablejobinstances,0,0,0,0,0,1,0,0,0,5.0,1.0,3.0,0.051,23,9,0,1,1,1,1,1,1,1,5
3875,elasticjob-elastic-job-lite,io.elasticjob.lite.internal.instance.instanceservicetest.assertislocaljobinstanceexisted,0,0,0,0,0,1,0,0,0,4.0,1.0,2.0,0.009,15,9,0,1,1,1,1,1,1,1,2
3877,elasticjob-elastic-job-lite,io.elasticjob.lite.internal.instance.shutdownlistenermanagertest.assertstart,0,0,0,0,0,1,0,0,0,4.0,0.0,29.0,0.018,57,21,0,1,1,1,1,1,1,1,2
3878,elasticjob-elastic-job-lite,io.elasticjob.lite.internal.instance.shutdownlistenermanagertest.assertisshutdownalready,0,0,0,0,0,1,0,0,0,4.0,0.0,25.0,8.171,53,21,0,1,1,1,1,1,1,1,2
3879,elasticjob-elastic-job-lite,io.elasticjob.lite.internal.instance.shutdownlistenermanagertest.assertisnotlocalinstancepath,0,0,0,0,0,1,0,0,0,6.0,0.0,37.0,0.003,62,21,0,1,1,1,1,1,1,1,2
3880,elasticjob-elastic-job-lite,io.elasticjob.lite.internal.instance.shutdownlistenermanagertest.assertupdatelocalinstancepath,0,0,0,0,0,1,0,0,0,6.0,0.0,37.0,0.037,62,21,0,1,1,1,1,1,1,1,2
3881,elasticjob-elastic-job-lite,io.elasticjob.lite.internal.instance.shutdownlistenermanagertest.assertremovelocalinstancepathforpausedjob,0,0,0,0,0,1,0,0,0,6.0,0.0,37.0,0.004,64,21,0,1,1,1,1,1,1,1,4
3882,elasticjob-elastic-job-lite,io.elasticjob.lite.internal.instance.shutdownlistenermanagertest.assertremovelocalinstancepathforreconnectedregistrycenter,0,0,0,0,0,1,0,0,0,6.0,0.0,36.0,0.021,62,21,0,1,1,1,1,1,1,1,4
3883,elasticjob-elastic-job-lite,io.elasticjob.lite.internal.instance.shutdownlistenermanagertest.assertremovelocalinstancepath,0,0,0,0,0,1,0,0,0,5.0,0.0,35.0,0.025,61,21,0,1,1,1,1,1,1,1,1
3885,elasticjob-elastic-job-lite,io.elasticjob.lite.internal.instance.instancenodetest.assertgetinstancefullpath,0,0,0,0,0,0,0,0,1,3.0,1.0,3.0,0.025,4,3,0,1,1,1,1,1,1,1,1
3886,elasticjob-elastic-job-lite,io.elasticjob.lite.internal.instance.instancenodetest.assertisinstancepath,0,0,0,0,0,0,0,0,1,3.0,1.0,2.0,0.0,4,3,0,1,1,1,1,1,1,1,0
3887,elasticjob-elastic-job-lite,io.elasticjob.lite.internal.instance.instancenodetest.assertisnotinstancepath,0,0,0,0,0,0,0,0,1,3.0,1.0,2.0,0.004,4,3,0,1,1,1,1,1,1,1,0
3888,elasticjob-elastic-job-lite,io.elasticjob.lite.internal.instance.instancenodetest.assertislocalinstancepath,0,0,0,0,0,0,0,0,1,3.0,1.0,2.0,0.025,11,5,0,1,1,1,1,1,1,1,0
3889,elasticjob-elastic-job-lite,io.elasticjob.lite.internal.instance.instancenodetest.assertisnotlocalinstancepath,0,0,0,0,0,0,0,0,1,3.0,1.0,3.0,0.001,6,5,0,1,1,1,1,1,1,1,0
3890,elasticjob-elastic-job-lite,io.elasticjob.lite.internal.instance.instancenodetest.assertgetlocalinstancepath,0,0,0,0,0,0,0,0,1,3.0,1.0,2.0,0.0,5,4,0,1,1,1,1,1,1,1,1
3892,elasticjob-elastic-job-lite,io.elasticjob.lite.internal.instance.triggerlistenermanagertest.assertstart,0,0,0,0,0,1,0,0,0,4.0,0.0,6.0,0.006,23,13,0,1,1,1,1,1,1,1,2
3893,elasticjob-elastic-job-lite,io.elasticjob.lite.internal.instance.triggerlistenermanagertest.assertnottriggerwhenisnottriggeroperation,0,0,0,0,0,1,0,0,0,4.0,0.0,10.0,0.012,27,13,0,1,1,1,1,1,1,1,2
3894,elasticjob-elastic-job-lite,io.elasticjob.lite.internal.instance.triggerlistenermanagertest.assertnottriggerwhenisnotlocalinstancepath,0,0,0,0,0,1,0,0,0,4.0,0.0,9.0,0.002,26,13,0,1,1,1,1,1,1,1,2
3895,elasticjob-elastic-job-lite,io.elasticjob.lite.internal.instance.triggerlistenermanagertest.assertnottriggerwhenisnotupdate,0,0,0,0,0,1,0,0,0,4.0,0.0,9.0,6.46,32,14,0,1,1,1,1,1,1,1,2
3896,elasticjob-elastic-job-lite,io.elasticjob.lite.internal.instance.triggerlistenermanagertest.asserttriggerwhenjobschedulecontrollerisnull,0,0,0,0,0,1,0,0,0,5.0,0.0,10.0,0.011,28,13,0,1,1,1,1,1,1,1,3
3897,elasticjob-elastic-job-lite,io.elasticjob.lite.internal.instance.triggerlistenermanagertest.asserttriggerwhenjobisrunning,0,0,0,0,0,1,0,0,0,9.0,0.0,14.0,0.045,32,13,0,1,1,1,1,1,1,1,3
3898,elasticjob-elastic-job-lite,io.elasticjob.lite.internal.instance.triggerlistenermanagertest.asserttriggerwhenjobisnotrunning,0,0,0,0,0,1,0,0,0,7.0,0.0,13.0,0.002,33,13,0,1,1,1,1,1,1,1,2
3900,elasticjob-elastic-job-lite,io.elasticjob.lite.internal.storage.jobnodestoragetest.assertisjobnodeexisted,0,0,0,0,0,1,0,0,0,5.0,1.0,4.0,5.375,6,3,0,1,1,1,1,1,1,1,3
3901,elasticjob-elastic-job-lite,io.elasticjob.lite.internal.storage.jobnodestoragetest.assertgetjobnodedata,0,0,0,0,0,1,0,0,0,5.0,1.0,3.0,0.023,6,3,0,1,1,1,1,1,1,1,4
3902,elasticjob-elastic-job-lite,io.elasticjob.lite.internal.storage.jobnodestoragetest.assertgetjobnodedatadirectly,0,0,0,0,0,1,0,0,0,5.0,1.0,3.0,0.002,6,3,0,1,1,1,1,1,1,1,4
3903,elasticjob-elastic-job-lite,io.elasticjob.lite.internal.storage.jobnodestoragetest.assertgetjobnodechildrenkeys,0,0,0,0,0,1,0,0,0,5.0,1.0,3.0,0.001,6,3,0,1,1,1,1,1,1,1,4
3904,elasticjob-elastic-job-lite,io.elasticjob.lite.internal.storage.jobnodestoragetest.assertcreatejobnodeifneeded,0,0,0,0,0,1,0,0,0,8.0,0.0,6.0,0.009,9,3,0,1,1,1,1,1,1,1,7
3905,elasticjob-elastic-job-lite,io.elasticjob.lite.internal.storage.jobnodestoragetest.assertcreatejobnodeifrootjobnodeisnotexist,0,0,0,0,0,1,0,0,0,8.0,0.0,6.0,0.006,9,3,0,1,1,1,1,1,1,1,9
3906,elasticjob-elastic-job-lite,io.elasticjob.lite.internal.storage.jobnodestoragetest.assertcreatejobnodeifnotneeded,0,0,0,0,0,1,0,0,0,8.0,0.0,6.0,0.012,9,3,0,1,1,1,1,1,1,1,8
3907,elasticjob-elastic-job-lite,io.elasticjob.lite.internal.storage.jobnodestoragetest.assertremovejobnodeifneeded,0,0,0,0,0,1,0,0,0,6.0,0.0,4.0,0.003,9,3,0,1,1,1,1,1,1,1,4
3908,elasticjob-elastic-job-lite,io.elasticjob.lite.internal.storage.jobnodestoragetest.assertremovejobnodeifnotneeded,0,0,0,0,0,1,0,0,0,6.0,0.0,4.0,0.002,8,3,0,1,1,1,1,1,1,1,5
3909,elasticjob-elastic-job-lite,io.elasticjob.lite.internal.storage.jobnodestoragetest.assertfilljobnode,0,0,0,0,0,1,0,0,0,4.0,0.0,2.0,0.004,5,3,0,1,1,1,1,1,1,1,1
3910,elasticjob-elastic-job-lite,io.elasticjob.lite.internal.storage.jobnodestoragetest.assertfillephemeraljobnode,0,0,0,0,0,1,0,0,0,4.0,0.0,2.0,0.003,5,3,0,1,1,1,1,1,1,1,1
3911,elasticjob-elastic-job-lite,io.elasticjob.lite.internal.storage.jobnodestoragetest.assertupdatejobnode,0,0,0,0,0,1,0,0,0,4.0,0.0,2.0,0.017,6,3,0,1,1,1,1,1,1,1,1
3912,elasticjob-elastic-job-lite,io.elasticjob.lite.internal.storage.jobnodestoragetest.assertreplacejobnode,0,0,0,0,0,1,0,0,0,4.0,0.0,3.0,0.004,5,3,0,1,1,1,1,1,1,1,1
3913,elasticjob-elastic-job-lite,io.elasticjob.lite.internal.storage.jobnodestoragetest.assertexecuteintransactionsuccess,0,0,0,0,0,1,0,0,0,31.0,0.0,24.0,1.846,28,4,0,1,1,1,1,1,1,1,51
3915,elasticjob-elastic-job-lite,io.elasticjob.lite.internal.storage.jobnodestoragetest.assertexecuteintransactionfailure,0,0,0,0,0,1,0,0,0,31.0,0.0,14.0,0.034,19,6,0,1,1,1,1,1,1,1,29
3917,elasticjob-elastic-job-lite,io.elasticjob.lite.internal.storage.jobnodestoragetest.assertaddconnectionstatelistener,0,0,0,0,0,1,0,0,0,10.0,0.0,6.0,0.773,10,3,0,1,1,1,1,1,1,1,9
3918,elasticjob-elastic-job-lite,io.elasticjob.lite.internal.storage.jobnodestoragetest.assertadddatalistener,0,0,0,0,0,1,0,0,0,10.0,0.0,6.0,3.338,12,3,0,1,1,1,1,1,1,1,9
3919,elasticjob-elastic-job-lite,io.elasticjob.lite.internal.storage.jobnodestoragetest.assertgetregistrycentertime,0,0,0,0,0,1,0,0,0,5.0,1.0,3.0,0.005,6,3,0,1,1,1,1,1,1,1,4
3920,elasticjob-elastic-job-lite,io.elasticjob.lite.internal.storage.jobnodepathtest.assertgetfullpath,0,0,0,0,0,0,0,0,0,3.0,1.0,1.0,0.0,3,2,0,1,1,1,1,1,1,1,1
3921,elasticjob-elastic-job-lite,io.elasticjob.lite.internal.storage.jobnodepathtest.assertgetservernodepath,0,0,0,0,0,0,0,0,0,3.0,1.0,1.0,0.01,3,2,0,1,1,1,1,1,1,1,1
3922,elasticjob-elastic-job-lite,io.elasticjob.lite.internal.storage.jobnodepathtest.assertgetservernodepathforserverip,0,0,0,0,0,0,0,0,0,3.0,1.0,1.0,0.008,3,2,0,1,1,1,1,1,1,1,1
3923,elasticjob-elastic-job-lite,io.elasticjob.lite.internal.storage.jobnodepathtest.assertgetshardingnodepath,0,0,0,0,0,0,0,0,0,3.0,1.0,1.0,0.004,3,2,0,1,1,1,1,1,1,1,1
3924,elasticjob-elastic-job-lite,io.elasticjob.lite.internal.storage.jobnodepathtest.assertgetshardingnodepathwihitemandnode,0,0,0,0,0,0,0,0,0,3.0,1.0,1.0,0.046,3,2,0,1,1,1,1,1,1,1,1
3925,elasticjob-elastic-job-lite,io.elasticjob.lite.internal.storage.jobnodepathtest.assertgetleaderipnodepath,0,0,0,0,0,0,0,0,0,3.0,1.0,1.0,0.003,3,2,0,1,1,1,1,1,1,1,1
3927,elasticjob-elastic-job-lite,io.elasticjob.lite.internal.schedule.schedulerfacadetest.assertupdatejobconfiguration,0,0,0,0,0,1,0,0,0,7.0,1.0,21.0,8.984,108,41,0,1,1,1,1,1,1,1,5
3928,elasticjob-elastic-job-lite,io.elasticjob.lite.internal.schedule.schedulerfacadetest.assertregisterstartupinfo,0,0,0,0,0,1,0,0,0,10.0,0.0,29.0,0.021,126,39,0,1,1,1,1,1,1,1,9
3929,elasticjob-elastic-job-lite,io.elasticjob.lite.internal.schedule.schedulerfacadetest.assertshutdowninstanceifnotleaderandreconcileserviceisnotrunning,0,0,0,0,0,1,0,0,0,8.0,0.0,25.0,0.015,130,39,0,1,1,1,1,1,1,1,7
3930,elasticjob-elastic-job-lite,io.elasticjob.lite.internal.schedule.schedulerfacadetest.assertshutdowninstanceifleaderandreconcileserviceisrunning,0,0,0,0,0,1,0,0,0,10.0,0.0,27.0,0.018,129,39,0,1,1,1,1,1,1,1,10
3932,elasticjob-elastic-job-lite,io.elasticjob.lite.internal.schedule.jobtriggerlistenertest.assertgetname,0,0,0,0,0,0,0,0,0,3.0,1.0,1.0,7.155,4,3,0,1,1,1,1,1,1,1,1
3933,elasticjob-elastic-job-lite,io.elasticjob.lite.internal.schedule.jobtriggerlistenertest.asserttriggermisfiredwhenpreviousfiretimeisnull,0,0,0,0,0,1,0,0,0,5.0,0.0,3.0,0.097,5,2,0,1,1,1,1,1,1,1,4
3934,elasticjob-elastic-job-lite,io.elasticjob.lite.internal.schedule.jobtriggerlistenertest.asserttriggermisfiredwhenpreviousfiretimeisnotnull,0,0,0,0,0,1,0,0,0,6.0,0.0,4.0,0.019,6,2,0,1,1,1,1,1,1,1,6
3936,elasticjob-elastic-job-lite,io.elasticjob.lite.internal.schedule.litejobfacadetest.assertload,0,0,0,0,0,1,0,0,0,5.0,1.0,11.0,0.009,46,18,0,1,1,1,1,1,1,1,3
3937,elasticjob-elastic-job-lite,io.elasticjob.lite.internal.schedule.litejobfacadetest.assertcheckmaxtimediffsecondstolerable,0,0,0,0,0,1,0,0,0,4.0,0.0,11.0,0.003,44,16,0,1,1,1,1,1,1,1,1
3938,elasticjob-elastic-job-lite,io.elasticjob.lite.internal.schedule.litejobfacadetest.assertfailoverifunnecessary,0,0,0,0,0,1,0,0,0,6.0,0.0,12.0,0.002,54,22,0,1,1,1,1,1,1,1,4
3939,elasticjob-elastic-job-lite,io.elasticjob.lite.internal.schedule.litejobfacadetest.assertfailoverifnecessary,0,0,0,0,0,1,0,0,0,6.0,0.0,12.0,0.001,55,22,0,1,1,1,1,1,1,1,3
3940,elasticjob-elastic-job-lite,io.elasticjob.lite.internal.schedule.litejobfacadetest.assertregisterjobbegin,0,0,0,0,0,1,0,0,0,5.0,0.0,11.0,0.01,46,17,0,1,1,1,1,1,1,1,1
3941,elasticjob-elastic-job-lite,io.elasticjob.lite.internal.schedule.litejobfacadetest.assertregisterjobcompletedwhenfailoverdisabled,0,0,0,0,0,1,0,0,0,8.0,0.0,14.0,0.003,58,23,0,1,1,1,1,1,1,1,5
3942,elasticjob-elastic-job-lite,io.elasticjob.lite.internal.schedule.litejobfacadetest.assertregisterjobcompletedwhenfailoverenabled,0,0,0,0,0,1,0,0,0,8.0,0.0,14.0,0.01,59,23,0,1,1,1,1,1,1,1,4
3943,elasticjob-elastic-job-lite,io.elasticjob.lite.internal.schedule.litejobfacadetest.assertgetshardingcontextwhenisfailoverenableandfailover,0,0,0,0,0,1,0,0,0,9.0,1.0,18.0,0.01,60,23,0,1,1,1,1,1,1,1,9
3944,elasticjob-elastic-job-lite,io.elasticjob.lite.internal.schedule.litejobfacadetest.assertgetshardingcontextwhenisfailoverenableandnotfailover,0,0,0,0,0,1,0,0,0,11.0,1.0,19.0,0.005,68,23,0,1,1,1,1,1,1,1,13
3945,elasticjob-elastic-job-lite,io.elasticjob.lite.internal.schedule.litejobfacadetest.assertgetshardingcontextwhenisfailoverdisable,0,0,0,0,0,1,0,0,0,9.0,1.0,17.0,0.06,61,23,0,1,1,1,1,1,1,1,10
3946,elasticjob-elastic-job-lite,io.elasticjob.lite.internal.schedule.litejobfacadetest.assertgetshardingcontextwhenhasdisableditems,0,0,0,0,0,1,0,0,0,10.0,1.0,18.0,0.004,62,23,0,1,1,1,1,1,1,1,13
3947,elasticjob-elastic-job-lite,io.elasticjob.lite.internal.schedule.litejobfacadetest.assertmisfireifrunning,0,0,0,0,0,1,0,0,0,4.0,1.0,10.0,0.007,43,16,0,1,1,1,1,1,1,1,3
3948,elasticjob-elastic-job-lite,io.elasticjob.lite.internal.schedule.litejobfacadetest.assertclearmisfire,0,0,0,0,0,1,0,0,0,4.0,0.0,11.0,0.01,44,16,0,1,1,1,1,1,1,1,1
3949,elasticjob-elastic-job-lite,io.elasticjob.lite.internal.schedule.litejobfacadetest.assertisneedsharding,0,0,0,0,0,1,0,0,0,4.0,1.0,10.0,0.014,43,16,0,1,1,1,1,1,1,1,3
3950,elasticjob-elastic-job-lite,io.elasticjob.lite.internal.schedule.litejobfacadetest.assertbeforejobexecuted,0,0,0,0,0,1,0,0,0,4.0,0.0,10.0,0.008,47,17,0,1,1,1,1,1,1,1,1
3951,elasticjob-elastic-job-lite,io.elasticjob.lite.internal.schedule.litejobfacadetest.assertafterjobexecuted,0,0,0,0,0,1,0,0,0,4.0,0.0,10.0,0.003,47,17,0,1,1,1,1,1,1,1,1
3952,elasticjob-elastic-job-lite,io.elasticjob.lite.internal.schedule.litejobfacadetest.assertnoteligibleforjobrunningwhenneedsharding,0,0,0,0,0,1,0,0,0,7.0,1.0,11.0,7.087,50,25,0,1,1,1,1,1,1,1,6
3953,elasticjob-elastic-job-lite,io.elasticjob.lite.internal.schedule.litejobfacadetest.assertnoteligibleforjobrunningwhenunstreamingprocess,0,0,0,0,0,1,0,0,0,6.0,1.0,13.0,0.012,55,22,0,1,1,1,1,1,1,1,4
3954,elasticjob-elastic-job-lite,io.elasticjob.lite.internal.schedule.litejobfacadetest.asserteligibleforjobrunningwhennotneedshardingandstreamingprocess,0,0,0,0,0,1,0,0,0,8.0,1.0,15.0,0.0,57,22,0,1,1,1,1,1,1,1,7
3955,elasticjob-elastic-job-lite,io.elasticjob.lite.internal.schedule.litejobfacadetest.assertpostjobexecutionevent,0,0,0,0,0,1,0,0,0,4.0,0.0,10.0,0.011,44,16,0,1,1,1,1,1,1,1,1
3957,elasticjob-elastic-job-lite,io.elasticjob.lite.internal.schedule.jobschedulecontrollertest.assertispausedfailure,0,0,0,0,0,0,0,0,0,9.0,0.0,2.0,0.003,6,3,0,1,1,1,1,1,1,1,4
3958,elasticjob-elastic-job-lite,io.elasticjob.lite.internal.schedule.jobschedulecontrollertest.assertispausediftriggerstateisnormal,0,0,0,0,0,0,0,0,0,5.0,1.0,3.0,0.002,5,2,0,1,1,1,1,1,1,1,4
3959,elasticjob-elastic-job-lite,io.elasticjob.lite.internal.schedule.jobschedulecontrollertest.assertispausediftriggerstateispaused,0,0,0,0,0,0,0,0,0,5.0,1.0,3.0,0.002,5,2,0,1,1,1,1,1,1,1,4
3960,elasticjob-elastic-job-lite,io.elasticjob.lite.internal.schedule.jobschedulecontrollertest.assertispausejobifshutdown,0,0,0,0,0,0,0,0,0,5.0,1.0,3.0,0.003,5,2,0,1,1,1,1,1,1,1,4
3961,elasticjob-elastic-job-lite,io.elasticjob.lite.internal.schedule.jobschedulecontrollertest.assertpausejobifshutdown,0,0,0,0,0,0,0,0,0,6.0,0.0,4.0,0.003,6,2,0,1,1,1,1,1,1,1,7
3962,elasticjob-elastic-job-lite,io.elasticjob.lite.internal.schedule.jobschedulecontrollertest.assertpausejobfailure,0,0,0,0,0,0,0,0,0,9.0,0.0,2.0,6.241,6,3,0,1,1,1,1,1,1,1,4
3963,elasticjob-elastic-job-lite,io.elasticjob.lite.internal.schedule.jobschedulecontrollertest.assertpausejobsuccess,0,0,0,0,0,0,0,0,0,5.0,0.0,3.0,0.004,5,2,0,1,1,1,1,1,1,1,3
3964,elasticjob-elastic-job-lite,io.elasticjob.lite.internal.schedule.jobschedulecontrollertest.assertresumejobifshutdown,0,0,0,0,0,0,0,0,0,6.0,0.0,4.0,0.002,6,2,0,1,1,1,1,1,1,1,7
3965,elasticjob-elastic-job-lite,io.elasticjob.lite.internal.schedule.jobschedulecontrollertest.assertresumejobfailure,0,0,0,0,0,0,0,0,0,9.0,0.0,2.0,0.0,6,3,0,1,1,1,1,1,1,1,4
3966,elasticjob-elastic-job-lite,io.elasticjob.lite.internal.schedule.jobschedulecontrollertest.assertresumejobsuccess,0,0,0,0,0,0,0,0,0,5.0,0.0,3.0,0.017,5,2,0,1,1,1,1,1,1,1,3
3967,elasticjob-elastic-job-lite,io.elasticjob.lite.internal.schedule.jobschedulecontrollertest.asserttriggerjobifshutdown,0,0,0,0,0,0,0,0,0,10.0,0.0,8.0,0.026,10,2,0,1,1,1,1,1,1,1,14
3968,elasticjob-elastic-job-lite,io.elasticjob.lite.internal.schedule.jobschedulecontrollertest.asserttriggerjobfailure,0,0,0,0,0,0,0,0,0,13.0,0.0,5.0,0.003,10,3,0,1,1,1,1,1,1,1,8
3969,elasticjob-elastic-job-lite,io.elasticjob.lite.internal.schedule.jobschedulecontrollertest.asserttriggerjobsuccess,0,0,0,0,0,0,0,0,0,9.0,0.0,7.0,0.017,9,2,0,1,1,1,1,1,1,1,9
3970,elasticjob-elastic-job-lite,io.elasticjob.lite.internal.schedule.jobschedulecontrollertest.assertshutdownjobifshutdown,0,0,0,0,0,0,0,0,0,6.0,0.0,4.0,0.001,6,2,0,1,1,1,1,1,1,1,7
3971,elasticjob-elastic-job-lite,io.elasticjob.lite.internal.schedule.jobschedulecontrollertest.assertshutdownfailure,0,0,0,0,0,0,0,0,0,9.0,0.0,2.0,0.001,6,3,0,1,1,1,1,1,1,1,4
3972,elasticjob-elastic-job-lite,io.elasticjob.lite.internal.schedule.jobschedulecontrollertest.assertshutdownsuccess,0,0,0,0,0,0,0,0,0,5.0,0.0,3.0,0.001,5,2,0,1,1,1,1,1,1,1,3
3973,elasticjob-elastic-job-lite,io.elasticjob.lite.internal.schedule.jobschedulecontrollertest.assertreschedulejobifshutdown,0,0,0,0,0,0,0,0,0,6.0,0.0,4.0,0.008,6,2,0,1,1,1,1,1,1,1,10
3974,elasticjob-elastic-job-lite,io.elasticjob.lite.internal.schedule.jobschedulecontrollertest.assertreschedulejobfailure,0,0,0,0,0,0,0,0,0,10.0,0.0,3.0,0.015,7,3,0,1,1,1,1,1,1,1,11
3975,elasticjob-elastic-job-lite,io.elasticjob.lite.internal.schedule.jobschedulecontrollertest.assertreschedulejobsuccess,0,0,0,0,0,0,0,0,0,6.0,0.0,4.0,0.123,6,2,0,1,1,1,1,1,1,1,10
3976,elasticjob-elastic-job-lite,io.elasticjob.lite.internal.schedule.jobschedulecontrollertest.assertreschedulejobwhentriggerisnull,0,0,0,0,0,0,0,0,0,5.0,0.0,3.0,0.001,5,2,0,1,1,1,1,1,1,1,7
3977,elasticjob-elastic-job-lite,io.elasticjob.lite.internal.schedule.jobregistrytest.assertregisterjob,0,0,0,1,0,0,0,0,0,6.0,1.0,4.0,0.001,6,2,0,1,1,1,1,1,1,1,3
3978,elasticjob-elastic-job-lite,io.elasticjob.lite.internal.schedule.jobregistrytest.assertgetjobinstance,0,0,0,1,0,0,0,0,0,4.0,1.0,3.0,0.033,10,3,0,1,1,1,1,1,1,1,1
3979,elasticjob-elastic-job-lite,io.elasticjob.lite.internal.schedule.jobregistrytest.assertgetregcenter,0,0,0,1,0,0,0,0,0,6.0,1.0,4.0,0.002,6,2,0,1,1,1,1,1,1,1,3
3980,elasticjob-elastic-job-lite,io.elasticjob.lite.internal.schedule.jobregistrytest.assertisjobrunningifnull,0,0,0,1,0,0,0,0,0,3.0,1.0,1.0,0.008,4,2,0,1,1,1,1,1,1,1,0
3981,elasticjob-elastic-job-lite,io.elasticjob.lite.internal.schedule.jobregistrytest.assertisjobrunningifnotnull,0,0,0,1,0,0,0,0,0,4.0,1.0,2.0,0.0,4,2,0,1,1,1,1,1,1,1,0
3982,elasticjob-elastic-job-lite,io.elasticjob.lite.internal.schedule.jobregistrytest.assertgetcurrentshardingtotalcountifnull,0,0,0,1,0,0,0,0,0,3.0,1.0,1.0,0.0,4,2,0,1,1,1,1,1,1,1,1
3983,elasticjob-elastic-job-lite,io.elasticjob.lite.internal.schedule.jobregistrytest.assertgetcurrentshardingtotalcountifnotnull,0,0,0,1,0,0,0,0,0,4.0,1.0,2.0,0.0,4,2,0,1,1,1,1,1,1,1,1
3984,elasticjob-elastic-job-lite,io.elasticjob.lite.internal.schedule.jobregistrytest.assertshutdown,0,0,0,1,0,1,0,0,0,8.0,0.0,6.0,0.044,14,2,0,1,1,1,1,1,1,1,4
3985,elasticjob-elastic-job-lite,io.elasticjob.lite.internal.schedule.jobregistrytest.assertisshutdownforjobschedulernull,0,0,0,1,0,0,0,0,0,3.0,1.0,1.0,0.0,3,2,0,1,1,1,1,1,1,1,0
3986,elasticjob-elastic-job-lite,io.elasticjob.lite.internal.schedule.jobregistrytest.assertisshutdownforjobinstancenull,0,0,0,1,0,0,0,0,0,6.0,1.0,4.0,0.01,6,2,0,1,1,1,1,1,1,1,2
3987,elasticjob-elastic-job-lite,io.elasticjob.lite.internal.schedule.jobregistrytest.assertisnotshutdown,0,0,0,1,0,0,0,0,0,7.0,1.0,5.0,6.219,8,3,0,1,1,1,1,1,1,1,2
3988,elasticjob-elastic-job-lite,io.elasticjob.lite.internal.util.sensitiveinfoutilstest.assertfiltercontentwithoutip,0,0,0,0,0,0,0,0,0,4.0,1.0,2.0,0.134,8,3,0,1,1,1,1,1,1,1,1
3989,elasticjob-elastic-job-lite,io.elasticjob.lite.internal.util.sensitiveinfoutilstest.assertfiltercontentwithsensitiveip,0,0,0,0,0,0,0,0,0,5.0,1.0,3.0,0.034,16,3,0,1,1,1,1,1,1,1,1
3990,elasticjob-elastic-job-lite,io.elasticjob.lite.internal.config.litejobconfigurationgsonfactorytest.asserttojsonforsimplejob,0,0,0,0,0,1,0,0,0,6.0,1.0,3.0,0.001,38,12,0,1,1,1,1,1,1,1,1
3991,elasticjob-elastic-job-lite,io.elasticjob.lite.internal.config.litejobconfigurationgsonfactorytest.asserttojsonfordataflowjob,0,0,0,0,0,1,0,0,0,5.0,1.0,3.0,0.013,40,12,0,1,1,1,1,1,1,1,1
3992,elasticjob-elastic-job-lite,io.elasticjob.lite.internal.config.litejobconfigurationgsonfactorytest.asserttojsonforscriptjob,0,0,0,0,0,1,0,0,0,4.0,1.0,3.0,0.003,38,12,0,1,1,1,1,1,1,1,1
3993,elasticjob-elastic-job-lite,io.elasticjob.lite.internal.config.litejobconfigurationgsonfactorytest.assertfromjsonforsimplejob,0,1,0,0,0,1,0,0,0,23.0,19.0,21.0,0.017,53,13,0,1,1,1,1,1,1,1,14
3994,elasticjob-elastic-job-lite,io.elasticjob.lite.internal.config.litejobconfigurationgsonfactorytest.assertfromjsonfordataflowjob,0,1,0,0,0,1,0,0,0,25.0,20.0,22.0,0.015,55,13,0,1,1,1,1,1,1,1,14
3995,elasticjob-elastic-job-lite,io.elasticjob.lite.internal.config.litejobconfigurationgsonfactorytest.assertfromjsonforscriptjob,0,1,0,0,0,0,0,0,0,25.0,20.0,6.0,0.641,46,13,0,1,1,1,1,1,1,1,6
3996,elasticjob-elastic-job-lite,io.elasticjob.lite.internal.config.configurationnodetest.assertisconfigpath,0,0,0,0,0,0,0,0,0,3.0,1.0,1.0,0.005,4,3,0,1,1,1,1,1,1,1,0
3998,elasticjob-elastic-job-lite,io.elasticjob.lite.internal.config.reschedulelistenermanagertest.assertstart,0,0,0,0,0,1,0,0,0,4.0,0.0,2.0,0.032,12,8,0,1,1,1,1,1,1,1,2
3999,elasticjob-elastic-job-lite,io.elasticjob.lite.internal.config.reschedulelistenermanagertest.assertcronsettingchangedjoblistenerwhenisnotcronpath,0,0,0,0,0,1,0,0,0,4.0,0.0,3.0,0.009,15,9,0,1,1,1,1,1,1,1,3
4000,elasticjob-elastic-job-lite,io.elasticjob.lite.internal.config.reschedulelistenermanagertest.assertcronsettingchangedjoblistenerwheniscronpathbutnotupdate,0,0,0,0,0,1,0,0,0,4.0,0.0,5.0,7.249,20,10,0,1,1,1,1,1,1,1,3
4001,elasticjob-elastic-job-lite,io.elasticjob.lite.internal.config.reschedulelistenermanagertest.assertcronsettingchangedjoblistenerwheniscronpathandupdatebutcannotfindjob,0,0,0,0,0,1,0,0,0,4.0,0.0,3.0,0.005,16,10,0,1,1,1,1,1,1,1,3
4002,elasticjob-elastic-job-lite,io.elasticjob.lite.internal.config.reschedulelistenermanagertest.assertcronsettingchangedjoblistenerwheniscronpathandupdateandfindjob,0,0,0,0,0,1,0,0,0,7.0,0.0,8.0,0.421,59,23,0,1,1,1,1,1,1,1,2
4004,elasticjob-elastic-job-lite,io.elasticjob.lite.internal.config.configurationservicetest.assertloaddirectly,0,1,0,0,0,1,0,0,0,7.0,3.0,9.0,4.893,48,18,0,1,1,1,1,1,1,1,5
4005,elasticjob-elastic-job-lite,io.elasticjob.lite.internal.config.configurationservicetest.assertloadfromcache,0,1,0,0,0,1,0,0,0,7.0,3.0,9.0,0.004,45,18,0,1,1,1,1,1,1,1,5
4006,elasticjob-elastic-job-lite,io.elasticjob.lite.internal.config.configurationservicetest.assertloadfromcachebutnull,0,1,0,0,0,1,0,0,0,8.0,3.0,10.0,0.02,47,18,0,1,1,1,1,1,1,1,7
4007,elasticjob-elastic-job-lite,io.elasticjob.lite.internal.config.configurationservicetest.assertpersistjobconfigurationforjobconflict,0,0,0,0,0,1,0,0,0,10.0,0.0,7.0,0.028,46,20,0,1,1,1,1,1,1,1,4
4008,elasticjob-elastic-job-lite,io.elasticjob.lite.internal.config.configurationservicetest.assertpersistnewjobconfiguration,0,0,0,0,0,1,0,0,0,5.0,0.0,6.0,0.086,44,17,0,1,1,1,1,1,1,1,1
4009,elasticjob-elastic-job-lite,io.elasticjob.lite.internal.config.configurationservicetest.assertpersistexistedjobconfiguration,0,0,0,0,0,1,0,0,0,7.0,0.0,9.0,0.02,49,19,0,1,1,1,1,1,1,1,5
4010,elasticjob-elastic-job-lite,io.elasticjob.lite.internal.config.configurationservicetest.assertismaxtimediffsecondstolerablewithdefaultvalue,0,0,0,0,0,1,0,0,0,4.0,0.0,6.0,0.002,42,18,0,1,1,1,1,1,1,1,2
4011,elasticjob-elastic-job-lite,io.elasticjob.lite.internal.config.configurationservicetest.assertismaxtimediffsecondstolerable,0,0,0,0,0,1,0,0,0,6.0,0.0,8.0,0.026,42,18,0,1,1,1,1,1,1,1,5
4012,elasticjob-elastic-job-lite,io.elasticjob.lite.internal.config.configurationservicetest.assertisnotmaxtimediffsecondstolerable,0,0,0,0,0,1,0,0,0,9.0,0.0,6.0,0.02,45,19,0,1,1,1,1,1,1,1,4
4014,elasticjob-elastic-job-lite,io.elasticjob.lite.internal.reconcile.reconcileservicetest.assertreconcile,0,0,0,0,0,1,0,0,0,12.0,0.0,12.0,5.575,53,23,0,1,1,1,1,1,1,1,12
4016,elasticjob-elastic-job-lite,io.elasticjob.lite.internal.guarantee.guaranteeservicetest.assertregisterstart,0,0,0,0,0,1,0,0,0,5.0,0.0,4.0,0.007,16,7,0,1,1,1,1,1,1,1,2
4017,elasticjob-elastic-job-lite,io.elasticjob.lite.internal.guarantee.guaranteeservicetest.assertisnotallstartedwhenrootnodeisnotexisted,0,0,0,0,0,1,0,0,0,4.0,1.0,3.0,0.001,12,6,0,1,1,1,1,1,1,1,2
4018,elasticjob-elastic-job-lite,io.elasticjob.lite.internal.guarantee.guaranteeservicetest.assertisnotallstarted,0,0,0,0,0,1,0,0,0,7.0,1.0,5.0,0.006,23,12,0,1,1,1,1,1,1,1,6
4019,elasticjob-elastic-job-lite,io.elasticjob.lite.internal.guarantee.guaranteeservicetest.assertisallstarted,0,0,0,0,0,1,0,0,0,7.0,1.0,6.0,0.055,26,14,0,1,1,1,1,1,1,1,6
4020,elasticjob-elastic-job-lite,io.elasticjob.lite.internal.guarantee.guaranteeservicetest.assertclearallstartedinfo,0,0,0,0,0,1,0,0,0,4.0,0.0,2.0,0.005,12,6,0,1,1,1,1,1,1,1,1
4021,elasticjob-elastic-job-lite,io.elasticjob.lite.internal.guarantee.guaranteeservicetest.assertregistercomplete,0,0,0,0,0,1,0,0,0,5.0,0.0,3.0,4.65,16,7,0,1,1,1,1,1,1,1,2
4022,elasticjob-elastic-job-lite,io.elasticjob.lite.internal.guarantee.guaranteeservicetest.assertisnotallcompletedwhenrootnodeisnotexisted,0,0,0,0,0,1,0,0,0,4.0,1.0,2.0,0.0,12,6,0,1,1,1,1,1,1,1,2
4023,elasticjob-elastic-job-lite,io.elasticjob.lite.internal.guarantee.guaranteeservicetest.assertisnotallcompleted,0,0,0,0,0,1,0,0,0,7.0,1.0,4.0,0.001,23,12,0,1,1,1,1,1,1,1,6
4024,elasticjob-elastic-job-lite,io.elasticjob.lite.internal.guarantee.guaranteeservicetest.assertisallcompleted,0,0,0,0,0,1,0,0,0,7.0,1.0,4.0,0.011,23,12,0,1,1,1,1,1,1,1,6
4025,elasticjob-elastic-job-lite,io.elasticjob.lite.internal.guarantee.guaranteeservicetest.assertclearallcompletedinfo,0,0,0,0,0,1,0,0,0,4.0,0.0,2.0,0.002,12,6,0,1,1,1,1,1,1,1,1
4027,elasticjob-elastic-job-lite,io.elasticjob.lite.internal.guarantee.guaranteelistenermanagertest.assertstart,0,0,0,0,0,1,0,0,0,4.0,0.0,6.0,0.039,16,9,0,1,1,1,1,1,1,1,5
4028,elasticjob-elastic-job-lite,io.elasticjob.lite.internal.guarantee.guaranteelistenermanagertest.assertstartednoderemovedjoblistenerwhenisnotremoved,0,0,0,0,0,1,0,0,0,4.0,0.0,5.0,0.002,15,8,0,1,1,1,1,1,1,1,4
4029,elasticjob-elastic-job-lite,io.elasticjob.lite.internal.guarantee.guaranteelistenermanagertest.assertstartednoderemovedjoblistenerwhenisnotstartednode,0,0,0,0,0,1,0,0,0,4.0,0.0,4.0,5.819,14,8,0,1,1,1,1,1,1,1,2
4030,elasticjob-elastic-job-lite,io.elasticjob.lite.internal.guarantee.guaranteelistenermanagertest.assertstartednoderemovedjoblistenerwhenisremovedandstartednode,0,0,0,0,0,1,0,0,0,4.0,0.0,4.0,0.009,18,8,0,1,1,1,1,1,1,1,1
4031,elasticjob-elastic-job-lite,io.elasticjob.lite.internal.guarantee.guaranteelistenermanagertest.assertcompletednoderemovedjoblistenerwhenisnotremoved,0,0,0,0,0,1,0,0,0,4.0,0.0,6.0,0.009,15,8,0,1,1,1,1,1,1,1,4
4032,elasticjob-elastic-job-lite,io.elasticjob.lite.internal.guarantee.guaranteelistenermanagertest.assertcompletednoderemovedjoblistenerwhenisnotcompletednode,0,0,0,0,0,1,0,0,0,4.0,0.0,5.0,0.002,14,8,0,1,1,1,1,1,1,1,2
4033,elasticjob-elastic-job-lite,io.elasticjob.lite.internal.guarantee.guaranteelistenermanagertest.assertcompletednoderemovedjoblistenerwhenisremovedandcompletednode,0,0,0,0,0,1,0,0,0,4.0,0.0,5.0,0.004,18,8,0,1,1,1,1,1,1,1,1
4034,elasticjob-elastic-job-lite,io.elasticjob.lite.internal.guarantee.guaranteenodetest.assertgetstartednode,0,0,0,0,0,0,0,0,0,3.0,1.0,2.0,0.085,4,3,0,1,1,1,1,1,1,1,3
4035,elasticjob-elastic-job-lite,io.elasticjob.lite.internal.guarantee.guaranteenodetest.assertgetcompletednode,0,0,0,0,0,0,0,0,0,3.0,1.0,1.0,0.0,4,3,0,1,1,1,1,1,1,1,1
4036,elasticjob-elastic-job-lite,io.elasticjob.lite.internal.guarantee.guaranteenodetest.assertisstartedrootnode,0,0,0,0,0,0,0,0,0,3.0,1.0,1.0,0.004,4,3,0,1,1,1,1,1,1,1,0
4037,elasticjob-elastic-job-lite,io.elasticjob.lite.internal.guarantee.guaranteenodetest.assertisnotstartedrootnode,0,0,0,0,0,0,0,0,0,3.0,1.0,1.0,0.023,4,3,0,1,1,1,1,1,1,1,0
4038,elasticjob-elastic-job-lite,io.elasticjob.lite.internal.guarantee.guaranteenodetest.assertiscompletedrootnode,0,0,0,0,0,0,0,0,0,3.0,1.0,1.0,0.003,4,3,0,1,1,1,1,1,1,1,0
4039,elasticjob-elastic-job-lite,io.elasticjob.lite.internal.guarantee.guaranteenodetest.assertisnotcompletedrootnode,0,0,0,0,0,0,0,0,0,3.0,1.0,1.0,0.004,4,3,0,1,1,1,1,1,1,1,0
4041,elasticjob-elastic-job-lite,io.elasticjob.lite.internal.failover.failoverlistenermanagertest.assertstart,0,0,0,0,0,1,0,0,0,4.0,0.0,14.0,0.009,46,19,0,1,1,1,1,1,1,1,3
4042,elasticjob-elastic-job-lite,io.elasticjob.lite.internal.failover.failoverlistenermanagertest.assertjobcrashedjoblistenerwhenfailoverdisabled,0,0,0,0,0,1,0,0,0,4.0,0.0,9.0,0.002,47,18,0,1,1,1,1,1,1,1,2
4043,elasticjob-elastic-job-lite,io.elasticjob.lite.internal.failover.failoverlistenermanagertest.assertjobcrashedjoblistenerwhenisnotnoderemoved,0,0,0,0,0,1,0,0,0,6.0,0.0,11.0,0.003,57,24,0,1,1,1,1,1,1,1,4
4044,elasticjob-elastic-job-lite,io.elasticjob.lite.internal.failover.failoverlistenermanagertest.assertjobcrashedjoblistenerwhenisnotinstancespath,0,0,0,0,0,1,0,0,0,6.0,0.0,10.0,0.008,56,24,0,1,1,1,1,1,1,1,4
4045,elasticjob-elastic-job-lite,io.elasticjob.lite.internal.failover.failoverlistenermanagertest.assertjobcrashedjoblistenerwhenissameinstance,0,0,0,0,0,1,0,0,0,8.0,0.0,12.0,0.012,66,26,0,1,1,1,1,1,1,1,4
4046,elasticjob-elastic-job-lite,io.elasticjob.lite.internal.failover.failoverlistenermanagertest.assertjobcrashedjoblistenerwhenisotherinstancecrashed,0,0,0,0,0,1,0,0,0,11.0,0.0,16.0,0.206,77,28,0,1,1,1,1,1,1,1,8
4047,elasticjob-elastic-job-lite,io.elasticjob.lite.internal.failover.failoverlistenermanagertest.assertjobcrashedjoblistenerwhenisotherfailoverinstancecrashed,0,0,0,0,0,1,0,0,0,11.0,0.0,15.0,0.005,74,26,0,1,1,1,1,1,1,1,8
4048,elasticjob-elastic-job-lite,io.elasticjob.lite.internal.failover.failoverlistenermanagertest.assertfailoversettingschangedjoblistenerwhenisnotfailoverpath,0,0,0,0,0,1,0,0,0,4.0,0.0,12.0,0.011,51,19,0,1,1,1,1,1,1,1,2
4049,elasticjob-elastic-job-lite,io.elasticjob.lite.internal.failover.failoverlistenermanagertest.assertfailoversettingschangedjoblistenerwhenisfailoverpathbutnotupdate,0,0,0,0,0,1,0,0,0,4.0,0.0,9.0,4.797,39,18,0,1,1,1,1,1,1,1,2
4050,elasticjob-elastic-job-lite,io.elasticjob.lite.internal.failover.failoverlistenermanagertest.assertfailoversettingschangedjoblistenerwhenisfailoverpathandupdatebutenablefailover,0,0,0,0,0,1,0,0,0,4.0,0.0,18.0,0.4,85,31,0,1,1,1,1,1,1,1,12
4051,elasticjob-elastic-job-lite,io.elasticjob.lite.internal.failover.failoverlistenermanagertest.assertfailoversettingschangedjoblistenerwhenisfailoverpathandupdatebutdisablefailover,0,0,0,0,0,1,0,0,0,4.0,0.0,18.0,0.003,83,31,0,1,1,1,1,1,1,1,11
4053,elasticjob-elastic-job-lite,io.elasticjob.lite.internal.failover.failoverservicetest.assertsetcrashedfailoverflagwhenitemisnotassigned,0,0,0,0,0,1,0,0,0,6.0,0.0,18.0,0.003,41,16,0,1,1,1,1,1,1,1,5
4054,elasticjob-elastic-job-lite,io.elasticjob.lite.internal.failover.failoverservicetest.assertsetcrashedfailoverflagwhenitemisassigned,0,0,0,0,0,1,0,0,0,6.0,0.0,18.0,0.025,41,16,0,1,1,1,1,1,1,1,4
4055,elasticjob-elastic-job-lite,io.elasticjob.lite.internal.failover.failoverservicetest.assertfailoverifunnecessarywhenitemsrootnodenotexisted,0,0,0,0,0,1,0,0,0,6.0,0.0,18.0,0.012,41,15,0,1,1,1,1,1,1,1,7
4056,elasticjob-elastic-job-lite,io.elasticjob.lite.internal.failover.failoverservicetest.assertfailoverifunnecessarywhenitemsrootnodeisempty,0,0,0,0,0,1,0,0,0,8.0,0.0,20.0,0.007,43,15,0,1,1,1,1,1,1,1,10
4057,elasticjob-elastic-job-lite,io.elasticjob.lite.internal.failover.failoverservicetest.assertfailoverifunnecessarywhenserverisnotready,0,0,0,0,0,1,0,0,0,9.0,0.0,19.0,0.019,44,15,0,1,1,1,1,1,1,1,10
4058,elasticjob-elastic-job-lite,io.elasticjob.lite.internal.failover.failoverservicetest.assertfailoverifnecessary,0,0,0,0,0,1,0,0,0,10.0,0.0,20.0,0.013,46,16,0,1,1,1,1,1,1,1,9
4059,elasticjob-elastic-job-lite,io.elasticjob.lite.internal.failover.failoverservicetest.assertfailoverleaderexecutioncallbackifnotnecessary,0,0,0,0,0,1,0,0,0,9.0,0.0,19.0,0.032,46,16,0,1,1,1,1,1,1,1,5
4060,elasticjob-elastic-job-lite,io.elasticjob.lite.internal.failover.failoverservicetest.assertfailoverleaderexecutioncallbackifnecessary,0,0,0,0,0,1,0,0,0,14.0,0.0,24.0,0.032,58,17,0,1,1,1,1,1,1,1,10
4061,elasticjob-elastic-job-lite,io.elasticjob.lite.internal.failover.failoverservicetest.assertupdatefailovercomplete,0,0,0,0,0,1,0,0,0,5.0,0.0,7.0,6.384,36,16,0,1,1,1,1,1,1,1,2
4062,elasticjob-elastic-job-lite,io.elasticjob.lite.internal.failover.failoverservicetest.assertgetfailoveritems,0,0,0,0,0,1,0,0,0,16.0,1.0,29.0,0.021,66,16,0,1,1,1,1,1,1,1,18
4063,elasticjob-elastic-job-lite,io.elasticjob.lite.internal.failover.failoverservicetest.assertgetlocalfailoveritemsifshutdown,0,0,0,0,0,1,0,0,0,4.0,1.0,15.0,0.007,39,15,0,1,1,1,1,1,1,1,3
4064,elasticjob-elastic-job-lite,io.elasticjob.lite.internal.failover.failoverservicetest.assertgetlocalfailoveritems,0,0,0,0,0,1,0,0,0,16.0,1.0,26.0,0.016,51,16,0,1,1,1,1,1,1,1,18
4065,elasticjob-elastic-job-lite,io.elasticjob.lite.internal.failover.failoverservicetest.assertgetlocaltakeoffitems,0,0,0,0,0,1,0,0,0,11.0,1.0,23.0,0.037,52,16,0,1,1,1,1,1,1,1,13
4066,elasticjob-elastic-job-lite,io.elasticjob.lite.internal.failover.failoverservicetest.assertremovefailoverinfo,0,0,0,0,0,1,0,0,0,8.0,0.0,20.0,0.04,46,16,0,1,1,1,1,1,1,1,6
4067,elasticjob-elastic-job-lite,io.elasticjob.lite.internal.failover.failovernodetest.assertgetitemsnode,0,0,0,0,0,0,0,0,0,3.0,1.0,1.0,0.031,4,3,0,1,1,1,1,1,1,1,1
4068,elasticjob-elastic-job-lite,io.elasticjob.lite.internal.failover.failovernodetest.assertgetexecutionfailovernode,0,0,0,0,0,0,0,0,0,3.0,1.0,1.0,0.001,4,3,0,1,1,1,1,1,1,1,1
4069,elasticjob-elastic-job-lite,io.elasticjob.lite.internal.failover.failovernodetest.assertgetitemwhennotexecutionfailoverpath,0,0,0,0,0,0,0,0,0,3.0,1.0,1.0,0.013,4,3,0,1,1,1,1,1,1,1,0
4070,elasticjob-elastic-job-lite,io.elasticjob.lite.internal.failover.failovernodetest.assertgetitembyexecutionfailoverpath,0,0,0,0,0,0,0,0,0,3.0,1.0,1.0,0.004,4,3,0,1,1,1,1,1,1,1,1
4072,elasticjob-elastic-job-lite,io.elasticjob.lite.internal.server.servernodetest.assertisserverpath,0,0,0,0,0,0,0,0,0,3.0,1.0,2.0,0.001,4,3,0,1,1,1,1,1,1,1,0
4073,elasticjob-elastic-job-lite,io.elasticjob.lite.internal.server.servernodetest.assertisnotserverpath,0,0,0,0,0,0,0,0,0,3.0,1.0,2.0,0.011,11,5,0,1,1,1,1,1,1,1,0
4074,elasticjob-elastic-job-lite,io.elasticjob.lite.internal.server.servernodetest.assertislocalserverpath,0,0,0,0,0,0,0,0,0,3.0,1.0,1.0,0.001,6,5,0,1,1,1,1,1,1,1,0
4075,elasticjob-elastic-job-lite,io.elasticjob.lite.internal.server.servernodetest.assertisnotlocalserverpath,0,0,0,0,0,0,0,0,0,3.0,1.0,1.0,0.001,6,5,0,1,1,1,1,1,1,1,0
4076,elasticjob-elastic-job-lite,io.elasticjob.lite.internal.server.servernodetest.assertgetservernode,0,0,0,0,0,0,0,0,0,3.0,1.0,1.0,0.041,4,3,0,1,1,1,1,1,1,1,1
4078,elasticjob-elastic-job-lite,io.elasticjob.lite.internal.server.serverservicetest.assertpersistonlineforinstanceshutdown,0,0,0,0,0,1,0,0,0,5.0,0.0,4.0,0.052,13,7,0,1,1,1,1,1,1,1,2
4079,elasticjob-elastic-job-lite,io.elasticjob.lite.internal.server.serverservicetest.assertpersistonlinefordisabledserver,0,0,0,0,0,1,0,0,0,6.0,0.0,5.0,0.005,14,7,0,1,1,1,1,1,1,1,1
4080,elasticjob-elastic-job-lite,io.elasticjob.lite.internal.server.serverservicetest.assertpersistonlineforenabledserver,0,0,0,0,0,1,0,0,0,6.0,0.0,5.0,0.001,14,7,0,1,1,1,1,1,1,1,1
4081,elasticjob-elastic-job-lite,io.elasticjob.lite.internal.server.serverservicetest.asserthasavailableservers,0,0,0,0,0,1,0,0,0,6.0,1.0,5.0,0.0,12,7,0,1,1,1,1,1,1,1,6
4082,elasticjob-elastic-job-lite,io.elasticjob.lite.internal.server.serverservicetest.asserthasnotavailableservers,0,0,0,0,0,1,0,0,0,6.0,1.0,5.0,6.384,18,8,0,1,1,1,1,1,1,1,6
4083,elasticjob-elastic-job-lite,io.elasticjob.lite.internal.server.serverservicetest.assertisnotavailableserverwhendisabled,0,0,0,0,0,1,0,0,0,4.0,1.0,3.0,0.002,10,7,0,1,1,1,1,1,1,1,2
4084,elasticjob-elastic-job-lite,io.elasticjob.lite.internal.server.serverservicetest.assertisnotavailableserverwithoutonlineinstances,0,0,0,0,0,1,0,0,0,4.0,1.0,3.0,0.002,10,7,0,1,1,1,1,1,1,1,2
4085,elasticjob-elastic-job-lite,io.elasticjob.lite.internal.server.serverservicetest.assertisavailableserver,0,0,0,0,0,1,0,0,0,4.0,1.0,3.0,0.003,10,7,0,1,1,1,1,1,1,1,2
4086,elasticjob-elastic-job-lite,io.elasticjob.lite.internal.server.serverservicetest.assertisnotenableserver,0,0,0,0,0,1,0,0,0,4.0,1.0,3.0,0.002,10,7,0,1,1,1,1,1,1,1,2
4087,elasticjob-elastic-job-lite,io.elasticjob.lite.internal.server.serverservicetest.assertisenableserver,0,0,0,0,0,0,0,0,0,3.0,1.0,2.0,0.0,9,7,0,1,1,1,1,1,1,1,0
4088,elasticjob-elastic-job-lite,io.elasticjob.lite.internal.election.leadernodetest.assertisleaderinstancepath,0,0,0,0,0,0,0,0,0,3.0,1.0,1.0,0.014,4,3,0,1,1,1,1,1,1,1,0
4089,elasticjob-elastic-job-lite,io.elasticjob.lite.internal.election.leadernodetest.assertisnotleaderinstancepath,0,0,0,0,0,0,0,0,0,3.0,1.0,1.0,0.004,4,3,0,1,1,1,1,1,1,1,0
4091,elasticjob-elastic-job-lite,io.elasticjob.lite.internal.election.leaderservicetest.assertelectleader,0,0,0,0,0,1,0,0,0,4.0,0.0,3.0,0.003,17,9,0,1,1,1,1,1,1,1,3
4092,elasticjob-elastic-job-lite,io.elasticjob.lite.internal.election.leaderservicetest.assertisleaderuntilblockwithleader,0,0,0,0,0,1,0,0,0,8.0,1.0,6.0,0.005,18,8,0,1,1,1,1,1,1,1,8
4093,elasticjob-elastic-job-lite,io.elasticjob.lite.internal.election.leaderservicetest.assertisleaderuntilblockwithoutleaderandavailableservers,0,0,0,0,0,1,0,0,0,5.0,1.0,3.0,0.016,15,8,0,1,1,1,1,1,1,1,6
4094,elasticjob-elastic-job-lite,io.elasticjob.lite.internal.election.leaderservicetest.assertisleaderuntilblockwithoutleaderwithavailableservers,0,0,0,0,0,1,0,0,0,5.0,1.0,3.0,0.006,15,8,0,1,1,1,1,1,1,1,6
4095,elasticjob-elastic-job-lite,io.elasticjob.lite.internal.election.leaderservicetest.assertisleaderuntilblockwhenhasleader,0,0,0,0,0,1,0,0,0,10.0,1.0,8.0,0.113,23,10,0,1,1,1,1,1,1,1,11
4096,elasticjob-elastic-job-lite,io.elasticjob.lite.internal.election.leaderservicetest.assertisleader,0,0,0,0,0,1,0,0,0,6.0,1.0,5.0,7.591,21,8,0,1,1,1,1,1,1,1,2
4097,elasticjob-elastic-job-lite,io.elasticjob.lite.internal.election.leaderservicetest.asserthasleader,0,0,0,0,0,1,0,0,0,4.0,1.0,2.0,0.013,14,8,0,1,1,1,1,1,1,1,2
4098,elasticjob-elastic-job-lite,io.elasticjob.lite.internal.election.leaderservicetest.assertremoveleader,0,0,0,0,0,1,0,0,0,4.0,0.0,2.0,0.001,14,8,0,1,1,1,1,1,1,1,1
4099,elasticjob-elastic-job-lite,io.elasticjob.lite.internal.election.leaderservicetest.assertelectleaderexecutioncallbackwithleader,0,0,0,0,0,1,0,0,0,5.0,0.0,3.0,0.004,16,9,0,1,1,1,1,1,1,1,4
4100,elasticjob-elastic-job-lite,io.elasticjob.lite.internal.election.leaderservicetest.assertelectleaderexecutioncallbackwithoutleader,0,0,0,0,0,1,0,0,0,4.0,0.0,2.0,0.051,15,9,0,1,1,1,1,1,1,1,1
4102,elasticjob-elastic-job-lite,io.elasticjob.lite.internal.election.electionlistenermanagertest.assertstart,0,0,0,0,0,1,0,0,0,4.0,0.0,6.0,0.027,24,14,0,1,1,1,1,1,1,1,4
4103,elasticjob-elastic-job-lite,io.elasticjob.lite.internal.election.electionlistenermanagertest.assertisnotleaderinstancepathandserverpath,0,0,0,0,0,1,0,0,0,4.0,0.0,8.0,0.007,31,13,0,1,1,1,1,1,1,1,3
4104,elasticjob-elastic-job-lite,io.elasticjob.lite.internal.election.electionlistenermanagertest.assertleaderelectionwhenaddleaderinstancepath,0,0,0,0,0,1,0,0,0,4.0,0.0,8.0,0.007,28,13,0,1,1,1,1,1,1,1,3
4105,elasticjob-elastic-job-lite,io.elasticjob.lite.internal.election.electionlistenermanagertest.assertleaderelectionwhenremoveleaderinstancepathwithoutavailableservers,0,0,0,0,0,1,0,0,0,4.0,0.0,8.0,0.01,28,13,0,1,1,1,1,1,1,1,3
4106,elasticjob-elastic-job-lite,io.elasticjob.lite.internal.election.electionlistenermanagertest.assertleaderelectionwhenremoveleaderinstancepathwithavailableserverbutjobinstanceisshutdown,0,0,0,0,0,1,0,0,0,5.0,0.0,9.0,0.006,29,13,0,1,1,1,1,1,1,1,5
4107,elasticjob-elastic-job-lite,io.elasticjob.lite.internal.election.electionlistenermanagertest.assertleaderelectionwhenremoveleaderinstancepathwithavailableserver,0,0,0,0,0,1,0,0,0,7.0,0.0,11.0,0.025,28,13,0,1,1,1,1,1,1,1,4
4108,elasticjob-elastic-job-lite,io.elasticjob.lite.internal.election.electionlistenermanagertest.assertleaderelectionwhenserverdisablewithoutleader,0,0,0,0,0,1,0,0,0,4.0,0.0,8.0,6.705,32,14,0,1,1,1,1,1,1,1,3
4109,elasticjob-elastic-job-lite,io.elasticjob.lite.internal.election.electionlistenermanagertest.assertleaderelectionwhenserverenablewithleader,0,0,0,0,0,1,0,0,0,5.0,0.0,9.0,0.03,29,13,0,1,1,1,1,1,1,1,5
4110,elasticjob-elastic-job-lite,io.elasticjob.lite.internal.election.electionlistenermanagertest.assertleaderelectionwhenserverenablewithoutleader,0,0,0,0,0,1,0,0,0,6.0,0.0,10.0,0.01,28,13,0,1,1,1,1,1,1,1,2
4111,elasticjob-elastic-job-lite,io.elasticjob.lite.internal.election.electionlistenermanagertest.assertleaderabdicationwhenfollowerdisable,0,0,0,0,0,1,0,0,0,4.0,0.0,8.0,0.005,28,13,0,1,1,1,1,1,1,1,3
4112,elasticjob-elastic-job-lite,io.elasticjob.lite.internal.election.electionlistenermanagertest.assertleaderabdicationwhenleaderdisable,0,0,0,0,0,1,0,0,0,5.0,0.0,9.0,0.049,27,13,0,1,1,1,1,1,1,1,4
4129,elasticjob-elastic-job-lite,io.elasticjob.lite.lifecycle.restful.restfulexceptiontest.assertrestfulexception,0,0,0,0,0,0,0,0,0,3.0,1.0,1.0,0.042,4,2,0,1,1,1,1,1,1,1,1
4133,elasticjob-elastic-job-lite,io.elasticjob.lite.lifecycle.restful.restfulservertest.assertcallsuccess,0,1,0,0,0,0,0,0,0,7.0,2.0,2.0,9.959,21,7,0,1,1,1,1,1,1,1,0
4134,elasticjob-elastic-job-lite,io.elasticjob.lite.lifecycle.restful.restfulservertest.assertcallfailure,0,1,0,0,0,0,0,0,0,6.0,2.0,1.0,0.211,18,6,0,1,1,1,1,1,1,1,0
4136,elasticjob-elastic-job-lite,io.elasticjob.lite.lifecycle.api.jobapifactorytest.assertcreatejobsettingsapi,0,0,0,0,0,1,0,0,0,3.0,1.0,3.0,0.009,9,5,0,1,1,1,1,1,1,1,4
4137,elasticjob-elastic-job-lite,io.elasticjob.lite.lifecycle.api.jobapifactorytest.assertcreatejoboperateapi,0,0,0,0,0,1,0,0,0,3.0,1.0,3.0,0.011,9,5,0,1,1,1,1,1,1,1,4
4138,elasticjob-elastic-job-lite,io.elasticjob.lite.lifecycle.api.jobapifactorytest.assertcreateserveroperateapi,0,0,0,0,0,1,0,0,0,3.0,1.0,3.0,0.002,13,5,0,1,1,1,1,1,1,1,4
4139,elasticjob-elastic-job-lite,io.elasticjob.lite.lifecycle.api.jobapifactorytest.assertcreatejobstatisticsapi,0,0,0,0,0,1,0,0,0,3.0,1.0,3.0,0.009,9,5,0,1,1,1,1,1,1,1,4
4140,elasticjob-elastic-job-lite,io.elasticjob.lite.lifecycle.api.jobapifactorytest.assertcreateserverstatisticsapi,0,0,0,0,0,1,0,0,0,3.0,1.0,1.0,1.138,7,6,0,1,1,1,1,1,1,1,2
4141,elasticjob-elastic-job-lite,io.elasticjob.lite.lifecycle.api.jobapifactorytest.assertcreateshardingstatisticsapi,0,0,0,0,0,1,0,0,0,3.0,1.0,4.0,0.006,9,5,0,1,1,1,1,1,1,1,4
4142,elasticjob-elastic-job-lite,io.elasticjob.lite.lifecycle.internal.reg.registrycenterfactorytest.assertcreatecoordinatorregistrycenterwithoutdigest,0,1,0,0,1,0,0,0,0,5.0,2.0,7.0,0.043,12,3,0,1,1,1,1,1,1,1,0
4143,elasticjob-elastic-job-lite,io.elasticjob.lite.lifecycle.internal.reg.registrycenterfactorytest.assertcreatecoordinatorregistrycenterwithdigest,0,1,0,0,0,0,0,0,0,5.0,2.0,3.0,1.087,6,4,0,1,1,1,1,1,1,1,0
4144,elasticjob-elastic-job-lite,io.elasticjob.lite.lifecycle.internal.reg.registrycenterfactorytest.assertcreatecoordinatorregistrycenterfromcache,0,1,0,0,1,0,0,0,0,6.0,2.0,7.0,0.038,13,3,0,1,1,1,1,1,1,1,0
4147,elasticjob-elastic-job-lite,io.elasticjob.lite.lifecycle.internal.statistics.jobstatisticsapiimpltest.assertgetjobstotalcount,0,0,0,0,0,1,0,0,0,4.0,1.0,2.0,0.011,4,2,0,1,1,1,1,1,1,1,3
4148,elasticjob-elastic-job-lite,io.elasticjob.lite.lifecycle.internal.statistics.jobstatisticsapiimpltest.assertgetokjobbriefinfo,0,1,0,0,0,1,0,0,0,18.0,6.0,16.0,0.018,20,4,0,1,1,1,1,1,1,1,25
4149,elasticjob-elastic-job-lite,io.elasticjob.lite.lifecycle.internal.statistics.jobstatisticsapiimpltest.assertgetokjobbriefinfowithpartialdisabledserver,0,0,0,0,0,1,0,0,0,12.0,1.0,10.0,0.014,14,4,0,1,1,1,1,1,1,1,18
4150,elasticjob-elastic-job-lite,io.elasticjob.lite.lifecycle.internal.statistics.jobstatisticsapiimpltest.assertgetdisabledjobbriefinfo,0,0,0,0,0,1,0,0,0,13.0,1.0,11.0,0.007,15,4,0,1,1,1,1,1,1,1,20
4151,elasticjob-elastic-job-lite,io.elasticjob.lite.lifecycle.internal.statistics.jobstatisticsapiimpltest.assertgetshardingerrorjobbriefinfo,0,0,0,0,0,1,0,0,0,12.0,1.0,10.0,5.107,23,5,0,1,1,1,1,1,1,1,18
4152,elasticjob-elastic-job-lite,io.elasticjob.lite.lifecycle.internal.statistics.jobstatisticsapiimpltest.assertgetcrashedjobbriefinfo,0,0,0,0,0,1,0,0,0,7.0,1.0,5.0,0.015,9,4,0,1,1,1,1,1,1,1,8
4153,elasticjob-elastic-job-lite,io.elasticjob.lite.lifecycle.internal.statistics.jobstatisticsapiimpltest.assertgetalljobsbriefinfowithoutnamespace,0,0,0,0,0,1,0,0,0,4.0,1.0,2.0,0.003,5,3,0,1,1,1,1,1,1,1,3
4154,elasticjob-elastic-job-lite,io.elasticjob.lite.lifecycle.internal.statistics.jobstatisticsapiimpltest.assertgetalljobsbriefinfo,0,1,0,0,0,1,0,0,0,25.0,6.0,15.0,0.028,27,4,0,1,1,1,1,1,1,1,32
4155,elasticjob-elastic-job-lite,io.elasticjob.lite.lifecycle.internal.statistics.jobstatisticsapiimpltest.assertgetjobsbriefinfobyip,0,1,1,0,0,1,0,0,0,21.0,5.0,10.0,0.013,21,3,0,1,1,1,1,1,1,1,21
4157,elasticjob-elastic-job-lite,io.elasticjob.lite.lifecycle.internal.statistics.serverstatisticsapiimpltest.assertgetjobstotalcount,0,0,0,0,0,1,0,0,0,6.0,1.0,4.0,5.014,6,2,0,1,1,1,1,1,1,1,7
4158,elasticjob-elastic-job-lite,io.elasticjob.lite.lifecycle.internal.statistics.serverstatisticsapiimpltest.assertgetallserversbriefinfo,0,1,0,0,0,1,0,0,0,32.0,8.0,11.0,0.017,24,3,0,1,1,1,1,1,1,1,25
4160,elasticjob-elastic-job-lite,io.elasticjob.lite.lifecycle.internal.statistics.shardingstatisticsapiimpltest.assertgetshardinginfo,0,1,0,0,0,1,0,0,0,46.0,14.0,16.0,4.953,43,4,0,1,1,1,1,1,1,1,41
4162,elasticjob-elastic-job-lite,io.elasticjob.lite.lifecycle.internal.settings.jobsettingsapiimpltest.assertgetdataflowjobsettings,0,0,0,0,0,1,0,0,0,6.0,0.0,19.0,0.005,24,4,0,1,1,1,1,1,1,1,14
4163,elasticjob-elastic-job-lite,io.elasticjob.lite.lifecycle.internal.settings.jobsettingsapiimpltest.assertgetscriptjobsettings,0,0,0,0,0,1,0,0,0,6.0,0.0,19.0,5.603,28,4,0,1,1,1,1,1,1,1,14
4165,elasticjob-elastic-job-lite,io.elasticjob.lite.lifecycle.internal.settings.jobsettingsapiimpltest.assertupdatejobsettings,0,0,0,0,0,1,0,0,0,22.0,0.0,16.0,0.068,22,4,0,1,1,1,1,1,1,1,3
4166,elasticjob-elastic-job-lite,io.elasticjob.lite.lifecycle.internal.settings.jobsettingsapiimpltest.assertupdatejobsettingsifjobnameisempty,0,0,0,0,0,0,0,0,0,5.0,0.0,2.0,0.007,4,3,0,1,1,1,1,1,1,1,0
4167,elasticjob-elastic-job-lite,io.elasticjob.lite.lifecycle.internal.settings.jobsettingsapiimpltest.assertupdatejobsettingsifcronisempty,0,0,0,0,0,0,0,0,0,6.0,0.0,3.0,0.001,5,3,0,1,1,1,1,1,1,1,0
4168,elasticjob-elastic-job-lite,io.elasticjob.lite.lifecycle.internal.settings.jobsettingsapiimpltest.assertupdatejobsettingsifshardingtotalcountlessthanone,0,0,0,0,0,0,0,0,0,7.0,0.0,4.0,0.001,6,3,0,1,1,1,1,1,1,1,0
4169,elasticjob-elastic-job-lite,io.elasticjob.lite.lifecycle.internal.settings.jobsettingsapiimpltest.assertremovejobsettings,0,0,0,0,0,1,0,0,0,5.0,0.0,3.0,0.002,6,3,0,1,1,1,1,1,1,1,3
4171,elasticjob-elastic-job-lite,io.elasticjob.lite.lifecycle.internal.operate.joboperateapiimpltest.asserttriggerwithjobname,0,0,0,0,0,1,0,0,0,8.0,0.0,7.0,0.006,13,2,0,1,1,1,1,1,1,1,11
4172,elasticjob-elastic-job-lite,io.elasticjob.lite.lifecycle.internal.operate.joboperateapiimpltest.assertdisablewithjobnameandserverip,0,0,0,0,0,1,0,0,0,4.0,0.0,4.0,0.002,7,2,0,1,1,1,1,1,1,1,3
4173,elasticjob-elastic-job-lite,io.elasticjob.lite.lifecycle.internal.operate.joboperateapiimpltest.assertdisablewithjobname,0,0,0,0,0,1,0,0,0,7.0,0.0,7.0,0.008,16,2,0,1,1,1,1,1,1,1,16
4174,elasticjob-elastic-job-lite,io.elasticjob.lite.lifecycle.internal.operate.joboperateapiimpltest.assertdisablewithserverip,0,0,0,0,0,1,0,0,0,9.0,0.0,9.0,0.005,13,2,0,1,1,1,1,1,1,1,11
4175,elasticjob-elastic-job-lite,io.elasticjob.lite.lifecycle.internal.operate.joboperateapiimpltest.assertenablewithjobnameandserverip,0,0,0,0,0,1,0,0,0,4.0,0.0,3.0,0.002,6,2,0,1,1,1,1,1,1,1,3
4176,elasticjob-elastic-job-lite,io.elasticjob.lite.lifecycle.internal.operate.joboperateapiimpltest.assertenablewithjobname,0,0,0,0,0,1,0,0,0,7.0,0.0,7.0,0.002,15,2,0,1,1,1,1,1,1,1,16
4177,elasticjob-elastic-job-lite,io.elasticjob.lite.lifecycle.internal.operate.joboperateapiimpltest.assertenablewithserverip,0,0,0,0,0,1,0,0,0,9.0,0.0,8.0,0.018,11,2,0,1,1,1,1,1,1,1,11
4178,elasticjob-elastic-job-lite,io.elasticjob.lite.lifecycle.internal.operate.joboperateapiimpltest.assertshutdownwithjobnameandserverip,0,0,0,0,0,1,0,0,0,6.0,0.0,5.0,0.003,14,2,0,1,1,1,1,1,1,1,7
4179,elasticjob-elastic-job-lite,io.elasticjob.lite.lifecycle.internal.operate.joboperateapiimpltest.assertshutdownwithjobname,0,0,0,0,0,1,0,0,0,7.0,0.0,6.0,0.005,15,2,0,1,1,1,1,1,1,1,8
4180,elasticjob-elastic-job-lite,io.elasticjob.lite.lifecycle.internal.operate.joboperateapiimpltest.assertshutdownwithserverip,0,0,0,0,0,1,0,0,0,9.0,0.0,8.0,0.005,21,2,0,1,1,1,1,1,1,1,11
4181,elasticjob-elastic-job-lite,io.elasticjob.lite.lifecycle.internal.operate.joboperateapiimpltest.assertremovewithjobnameandserverip,0,0,0,0,0,1,0,0,0,6.0,1.0,4.0,0.046,9,2,0,1,1,1,1,1,1,1,5
4182,elasticjob-elastic-job-lite,io.elasticjob.lite.lifecycle.internal.operate.joboperateapiimpltest.assertremovewithjobname,0,1,0,0,0,1,0,0,0,11.0,3.0,9.0,0.012,20,2,0,1,1,1,1,1,1,1,9
4183,elasticjob-elastic-job-lite,io.elasticjob.lite.lifecycle.internal.operate.joboperateapiimpltest.assertremovewithserverip,0,1,0,0,0,1,0,0,0,8.0,2.0,6.0,4.806,15,2,0,1,1,1,1,1,1,1,8
4185,elasticjob-elastic-job-lite,io.elasticjob.lite.lifecycle.internal.operate.shardingoperateapiimpltest.assertdisablesharding,0,0,0,0,0,1,0,0,0,6.0,0.0,7.0,5.123,10,2,0,1,1,1,1,1,1,1,5
4186,elasticjob-elastic-job-lite,io.elasticjob.lite.lifecycle.internal.operate.shardingoperateapiimpltest.assertenablesharding,0,0,0,0,0,1,0,0,0,6.0,0.0,5.0,0.006,8,2,0,1,1,1,1,1,1,1,5
4187,elasticjob-elastic-job-lite,io.elasticjob.lite.console.util.homefolderutilstest.assertgetfilepathinhomefolder,0,0,0,0,0,0,0,0,0,3.0,1.0,0.0,0.035,3,2,0,1,1,1,1,1,1,1,0
4190,elasticjob-elastic-job-lite,io.elasticjob.lite.reg.zookeeper.zookeeperregistrycenterquerywithoutcachetest.assertgetfromserver,0,1,0,0,0,1,0,0,1,4.0,2.0,2.0,0.006,4,2,0,1,1,1,1,1,1,1,2
4191,elasticjob-elastic-job-lite,io.elasticjob.lite.reg.zookeeper.zookeeperregistrycenterquerywithoutcachetest.assertgetchildrenkeys,0,1,0,0,0,1,0,0,1,6.0,4.0,4.0,0.047,12,4,0,1,1,1,1,1,1,1,4
4192,elasticjob-elastic-job-lite,io.elasticjob.lite.reg.zookeeper.zookeeperregistrycenterquerywithoutcachetest.assertgetnumchildren,0,1,0,0,0,1,0,0,1,6.0,4.0,4.0,0.021,10,2,0,1,1,1,1,1,1,1,4
4193,elasticjob-elastic-job-lite,io.elasticjob.lite.reg.zookeeper.zookeeperregistrycenterquerywithoutcachetest.assertisexisted,0,1,0,0,0,1,0,0,1,5.0,3.0,3.0,0.02,5,2,0,1,1,1,1,1,1,1,0
4194,elasticjob-elastic-job-lite,io.elasticjob.lite.reg.zookeeper.zookeeperregistrycenterquerywithoutcachetest.assertgetregistrycentertime,1,1,0,0,0,1,0,0,1,7.0,2.0,5.0,0.108,12,2,0,1,1,1,1,1,1,1,0
4195,elasticjob-elastic-job-lite,io.elasticjob.lite.reg.zookeeper.zookeeperregistrycenterquerywithoutcachetest.assertgetwithoutnode,0,0,0,0,0,0,0,0,1,3.0,1.0,3.0,0.032,14,7,0,1,1,1,1,1,1,1,0
