id,projectName,test_name,isFlaky,tokenList,java_keywords,javaKeysCounter,abstract_keyword,assert_keyword,boolean_keyword,break_keyword,byte_keyword,case_keyword,catch_keyword,char_keyword,class_keyword,continue_keyword,default_keyword,do_keyword,double_keyword,else_keyword,enum_keyword,exports_keyword,extends_keyword,final_keyword,finally_keyword,float_keyword,for_keyword,if_keyword,implements_keyword,import_keyword,instanceof_keyword,int_keyword,interface_keyword,long_keyword,modules_keyword,native_keyword,new_keyword,package_keyword,private_keyword,protected_keyword,public_keyword,requires_keyword,return_keyword,short_keyword,static_keyword,strictfp_keyword,super_keyword,switch_keyword,synchronized_keyword,this_keyword,throw_keyword,throws_keyword,transient_keyword,try_keyword,void_keyword,volatile_keyword,while_keyword,true_keyword,null_keyword,false_keyword,const_keyword,goto_keyword,assertion-roulette,conditional-test-logic,eager-test,fire-and-forget,indirect-testing,mystery-guest,resource-optimism,test-run-war,testLength,numAsserts,numCoveredLines,ExecutionTime,projectSourceLinesCovered,projectSourceClassesCovered,hIndexModificationsPerCoveredLine_window5,hIndexModificationsPerCoveredLine_window10,hIndexModificationsPerCoveredLine_window25,hIndexModificationsPerCoveredLine_window50,hIndexModificationsPerCoveredLine_window75,hIndexModificationsPerCoveredLine_window100,hIndexModificationsPerCoveredLine_window500,hIndexModificationsPerCoveredLine_window10000,num_third_party_libs
13379,tootallnate-java-websocket,org.java_websocket.drafts.draft_6455test.testconstructor,0,"['iprotocol', 'extension', 'equals', 'getknownprotocols', 'emptylist', 'empty', 'collections', 'extensions', 'get', 'fail', 'constructor', 'list', 'illegalargumentexception', 'draft', 'exception', 'getknownextensions', 'illegal', 'argument', 'protocols', 'expected', 'protocol', 'known', 'iextension', 'testconstructor', 'size', 'test', 'assertequals', 'assert']","['try', 'new', 'null', 'null', 'catch', 'try', 'new', 'null', 'catch', 'try', 'new', 'null', 'catch', 'new', 'public', 'void', 'throws']",17,0,0,0,0,0,0,3,0,0,0,0,0,0,0,0,0,0,0,0,0,0,0,0,0,0,0,0,0,0,0,4,0,0,0,1,0,0,0,0,0,0,0,0,0,0,1,0,3,1,0,0,0,4,0,0,0,1,0,1,0,1,0,0,0,23,5,3,0.001,12,6,0,0,0,0,0,0,2,2,0
13380,tootallnate-java-websocket,org.java_websocket.drafts.draft_6455test.testgetextension,0,"['null', 'get', 'exception', 'extension', 'assertnotnull', 'default', 'defaultextension', 'test', 'testgetextension', 'getextension', 'not', 'assert', 'draft']","['new', 'assert', 'instanceof', 'public', 'void', 'throws']",6,0,1,0,0,0,0,0,0,0,0,0,0,0,0,0,0,0,0,0,0,0,0,0,0,1,0,0,0,0,0,1,0,0,0,1,0,0,0,0,0,0,0,0,0,0,1,0,0,1,0,0,0,0,0,0,0,0,0,0,0,1,0,0,0,5,1,3,0.0,10,7,0,0,0,0,0,0,2,2,0
13381,tootallnate-java-websocket,org.java_websocket.drafts.draft_6455test.testgetknownextensions,0,"['get', 'size', 'exception', 'equals', 'extension', 'default', 'getknownextensions', 'defaultextension', 'test', 'testextension', 'testgetknownextensions', 'assertequals', 'assert', 'known', 'extensions', 'draft']","['new', 'new', 'new', 'new', 'new', 'public', 'void', 'throws']",8,0,0,0,0,0,0,0,0,0,0,0,0,0,0,0,0,0,0,0,0,0,0,0,0,0,0,0,0,0,0,5,0,0,0,1,0,0,0,0,0,0,0,0,0,0,1,0,0,1,0,0,0,0,0,0,0,1,0,0,0,1,0,0,0,8,3,7,0.001,14,8,0,0,0,0,0,0,2,2,0
13382,tootallnate-java-websocket,org.java_websocket.drafts.draft_6455test.testgetprotocol,0,"['singleton', 'iprotocol', 'extension', 'emptylist', 'empty', 'collections', 'assertnull', 'singletonlist', 'null', 'get', 'testgetprotocol', 'list', 'chat', 'draft', 'as', 'exception', 'handshake', 'handshakedata', 'handshakedataprotocolextension', 'protocol', 'server', 'iextension', 'getprotocol', 'assertnotnull', 'test', 'accept', 'accepthandshakeasserver', 'not', 'assert']","['new', 'new', 'new', 'public', 'void', 'throws']",6,0,0,0,0,0,0,0,0,0,0,0,0,0,0,0,0,0,0,0,0,0,0,0,0,0,0,0,0,0,0,3,0,0,0,1,0,0,0,0,0,0,0,0,0,0,1,0,0,1,0,0,0,0,0,0,0,1,0,1,0,1,0,0,0,10,4,12,0.001,20,7,0,0,0,0,0,0,2,2,0
13383,tootallnate-java-websocket,org.java_websocket.drafts.draft_6455test.testgetknownprotocols,0,"['singleton', 'iprotocol', 'arraylist', 'equals', 'extension', 'getknownprotocols', 'emptylist', 'empty', 'collections', 'add', 'singletonlist', 'get', 'array', 'list', 'chat', 'draft', 'exception', 'protocols', 'protocol', 'known', 'iextension', 'size', 'test', 'assertequals', 'testgetknownprotocols', 'assert']","['new', 'new', 'new', 'new', 'new', 'new', 'new', 'new', 'public', 'void', 'throws']",11,0,0,0,0,0,0,0,0,0,0,0,0,0,0,0,0,0,0,0,0,0,0,0,0,0,0,0,0,0,0,8,0,0,0,1,0,0,0,0,0,0,0,0,0,0,1,0,0,1,0,0,0,0,0,0,0,1,0,0,0,1,0,0,0,13,4,11,0.0,18,7,0,0,0,0,0,0,2,2,0
13384,tootallnate-java-websocket,org.java_websocket.drafts.draft_6455test.testcopyinstance,0,"['singleton', 'iprotocol', 'extension', 'equals', 'testcopyinstance', 'testextension', 'getknownprotocols', 'collections', 'singletonlist', 'extensions', 'get', 'instance', 'list', 'chat', 'draft', 'as', 'exception', 'assertnotequals', 'copyinstance', 'handshake', 'getknownextensions', 'handshakedata', 'handshakedataprotocolextension', 'protocols', 'protocol', 'known', 'draftcopy', 'iextension', 'server', 'getprotocol', 'test', 'accept', 'accepthandshakeasserver', 'getextension', 'assertequals', 'not', 'assert', 'copy']","['new', 'new', 'new', 'public', 'void', 'throws']",6,0,0,0,0,0,0,0,0,0,0,0,0,0,0,0,0,0,0,0,0,0,0,0,0,0,0,0,0,0,0,3,0,0,0,1,0,0,0,0,0,0,0,0,0,0,1,0,0,1,0,0,0,0,0,0,0,1,0,1,0,1,0,0,0,10,2,9,0.001,21,8,1,0,0,0,0,0,2,2,0
13385,tootallnate-java-websocket,org.java_websocket.drafts.draft_6455test.testreset,0,"['singleton', 'iprotocol', 'extension', 'equals', 'default', 'testextension', 'getknownprotocols', 'collections', 'testreset', 'assertnull', 'singletonlist', 'extensions', 'get', 'null', 'extensionlist', 'array', 'assert', 'defaultextension', 'list', 'draft', 'as', 'exception', 'handshake', 'getknownextensions', 'handshakedata', 'handshakedataprotocolextension', 'protocollist', 'protocols', 'protocol', 'known', 'iextension', 'server', 'reset', 'getprotocol', 'test', 'accept', 'accepthandshakeasserver', 'getextension', 'assertequals', 'arraylist']","['new', 'new', 'new', 'new', 'new', 'public', 'void', 'throws']",8,0,0,0,0,0,0,0,0,0,0,0,0,0,0,0,0,0,0,0,0,0,0,0,0,0,0,0,0,0,0,5,0,0,0,1,0,0,0,0,0,0,0,0,0,0,1,0,0,1,0,0,0,0,0,0,0,1,0,1,0,0,0,0,0,12,4,1,0.088,18,9,2,3,3,3,3,3,3,3,0
13386,tootallnate-java-websocket,org.java_websocket.drafts.draft_6455test.testgetclosehandshaketype,0,"['get', 'testgetclosehandshaketype', 'closehandshaketype', 'getclosehandshaketype', 'exception', 'equals', 'handshake', 'test', 'type', 'twoway', 'assertequals', 'close', 'assert', 'draft']","['new', 'public', 'void', 'throws']",4,0,0,0,0,0,0,0,0,0,0,0,0,0,0,0,0,0,0,0,0,0,0,0,0,0,0,0,0,0,0,1,0,0,0,1,0,0,0,0,0,0,0,0,0,0,1,0,0,1,0,0,0,0,0,0,0,0,0,0,0,1,0,0,0,4,1,2,0.002,10,8,1,3,3,3,3,3,3,3,0
13387,tootallnate-java-websocket,org.java_websocket.drafts.draft_6455test.testtostring,0,"['singleton', 'to', 'iprotocol', 'extension', 'equals', 'default', 'testextension', 'emptylist', 'empty', 'collections', 'singletonlist', 'defaultextension', 'testtostring', 'list', 'string', 'chat', 'draft', 'as', 'exception', 'handshake', 'tostring', 'handshakedata', 'handshakedataprotocolextension', 'protocol', 'server', 'iextension', 'test', 'accept', 'accepthandshakeasserver', 'assertequals', 'assert']","['new', 'new', 'new', 'new', 'new', 'new', 'public', 'void', 'throws']",9,0,0,0,0,0,0,0,0,0,0,0,0,0,0,0,0,0,0,0,0,0,0,0,0,0,0,0,0,0,0,6,0,0,0,1,0,0,0,0,0,0,0,0,0,0,1,0,0,1,0,0,0,0,0,0,0,1,0,1,0,1,0,0,0,14,6,12,0.001,25,8,0,0,0,0,0,0,2,2,0
13388,tootallnate-java-websocket,org.java_websocket.drafts.draft_6455test.testequals,0,"['singleton', 'iprotocol', 'equals', 'extension', 'testequals', 'emptylist', 'empty', 'collections', 'singletonlist', 'instance', 'list', 'chat', 'draft', 'as', 'exception', 'assertnotequals', 'copyinstance', 'handshake', 'handshakedata', 'handshakedataprotocolextension', 'handshakedataextension', 'protocol', 'iextension', 'server', 'test', 'accept', 'accepthandshakeasserver', 'handshakedataprotocol', 'assertequals', 'not', 'assert', 'copy']","['new', 'new', 'new', 'public', 'void', 'throws']",6,0,0,0,0,0,0,0,0,0,0,0,0,0,0,0,0,0,0,0,0,0,0,0,0,0,0,0,0,0,0,3,0,0,0,1,0,0,0,0,0,0,0,0,0,0,1,0,0,1,0,0,0,0,0,0,0,1,0,0,0,1,0,0,0,39,9,33,0.001,44,7,1,0,0,0,0,0,2,2,0
13389,tootallnate-java-websocket,org.java_websocket.drafts.draft_6455test.testhashcode,0,"['singleton', 'iprotocol', 'extension', 'equals', 'emptylist', 'empty', 'collections', 'singletonlist', 'instance', 'list', 'hashcode', 'chat', 'draft', 'as', 'exception', 'assertnotequals', 'copyinstance', 'handshake', 'not', 'handshakedata', 'handshakedataprotocolextension', 'handshakedataextension', 'protocol', 'iextension', 'server', 'test', 'code', 'accept', 'testhashcode', 'accepthandshakeasserver', 'handshakedataprotocol', 'assertequals', 'hash', 'assert', 'copy']","['new', 'new', 'new', 'public', 'void', 'throws']",6,0,0,0,0,0,0,0,0,0,0,0,0,0,0,0,0,0,0,0,0,0,0,0,0,0,0,0,0,0,0,3,0,0,0,1,0,0,0,0,0,0,0,0,0,0,1,0,0,1,0,0,0,0,0,0,0,1,0,0,0,1,0,0,0,41,11,33,0.014,44,7,0,0,2,2,2,2,4,4,0
13390,tootallnate-java-websocket,org.java_websocket.drafts.draft_6455test.accepthandshakeasserver,0,"['singleton', 'iprotocol', 'arraylist', 'equals', 'extension', 'testextension', 'emptylist', 'empty', 'collections', 'state', 'add', 'singletonlist', 'array', 'matched', 'list', 'chat', 'draft', 'as', 'exception', 'handshake', 'handshakestate', 'handshakedata', 'handshakedataprotocolextension', 'protocols', 'handshakedataextension', 'protocol', 'server', 'iextension', 'test', 'accept', 'accepthandshakeasserver', 'handshakedataprotocol', 'assertequals', 'not', 'assert']","['new', 'new', 'new', 'new', 'new', 'new', 'new', 'new', 'new', 'public', 'void', 'throws']",12,0,0,0,0,0,0,0,0,0,0,0,0,0,0,0,0,0,0,0,0,0,0,0,0,0,0,0,0,0,0,9,0,0,0,1,0,0,0,0,0,0,0,0,0,0,1,0,0,1,0,0,0,0,0,0,0,1,0,0,0,1,0,0,0,25,16,35,0.001,49,8,1,3,3,3,3,3,5,5,3
13391,tootallnate-java-websocket,org.java_websocket.drafts.draft_6455test.accepthandshakeasclient,0,"['arraylist', 'put', 'connection', 'socket-', 'sec-websocket-accept', 'equals', 'nhb', 'oo', 'extension', 'sec-websocket-key', 'upgrade', 'emptylist', 'empty', 'websocket', 'accepthandshakeasclient', 'key', 'state', 'txa', 'rb', 'collections', 'add', '3chat', 'singletonlist', 'sec-websocket-protocol', 'array', 'matched', 'web', 'ghl', 'request', 'bs', 'list', 'bub25j', 'chat', 'draft', 'as', 'sec-websocket-version', 'bi', 'exception', 'gzzh', 'handshake', 'not', 'handshakestate', 'dghlihnhbxbszsbub25jzq', 's3pplmbitxaq9kygzzhzrbk', 'singleton', 'handshakeimpl1server', 'protocols', 'handshakeimpl1client', 'protocol', 'iprotocol', 'server', 'client', 's3p', 'iextension', 'clear', 'xoo', 'impl1', 'accept', 'test', 'version', 'q9k', 'assertequals', 'sec-', 'assert', 'response']","['new', 'new', 'new', 'new', 'new', 'new', 'new', 'new', 'new', 'new', 'new', 'new', 'new', 'public', 'void', 'throws']",16,0,0,0,0,0,0,0,0,0,0,0,0,0,0,0,0,0,0,0,0,0,0,0,0,0,0,0,0,0,0,13,0,0,0,1,0,0,0,0,0,0,0,0,0,0,1,0,0,1,0,0,0,0,0,0,0,1,0,0,0,1,0,0,0,31,10,32,0.002,51,9,1,3,3,3,3,3,5,5,0
13392,tootallnate-java-websocket,org.java_websocket.drafts.draft_6455test.postprocesshandshakerequestasclient,0,"['connection', 'socket-', 'arraylist', 'equals', 'iprotocol', 'extension', 'sec-websocket-key', 'upgrade', 'emptylist', 'empty', 'websocket', 'asserttrue', 'key', 'collections', 'add', 'extensions', 'get', 'sec-websocket-protocol', 'array', 'web', 'request', 'list', 'chat', 'draft', 'sec-websocket-extensions', 'getfieldvalue', 'as', 'sec-websocket-version', 'exception', 'handshake', 'field', 'post', 'hasfieldvalue', 'protocols', 'handshakeimpl1client', 'protocol', 'has', 'client', 'iextension', 'clear', 'test', 'impl1', 'value', 'version', 'assertequals', 'sec-', 'process', 'postprocesshandshakerequestasclient', 'assert', 'true']","['new', 'new', 'new', 'new', 'new', 'new', 'new', 'new', 'new', 'new', 'new', 'new', 'public', 'void', 'throws']",15,0,0,0,0,0,0,0,0,0,0,0,0,0,0,0,0,0,0,0,0,0,0,0,0,0,0,0,0,0,0,12,0,0,0,1,0,0,0,0,0,0,0,0,0,0,1,0,0,1,0,0,0,0,0,0,0,1,0,0,0,1,0,0,0,31,12,49,0.031,57,8,0,0,0,0,0,0,4,4,5
13393,tootallnate-java-websocket,org.java_websocket.drafts.draft_6455test.postprocesshandshakeresponseasserver,0,"['put', 'equals', 'empty', 'collections', 'singletonlist', 'get', 'sec-websocket-protocol', 'ghl', 'request', 'gethttpstatusmessage', 'chat', 'sec-websocket-extensions', 'dghlihnhbxbszsbub25jzq', 'field', 'handshakedataprotocolextension', 'has', 'server', 'accepthandshakeasserver', 'arraylist', 'assert', 'iprotocol', 'upgrade', 'emptylist', 'websocket', 'array', 'web', 'bs', 'list', 'draft', 'getfieldvalue', 'as', 'handshakedata', 'hasfieldvalue', 'too', 'iextension', 'java-', 'http', 'accept', 'handshakedataprotocol', 'sec-', 'sec-websocket-key', 'process', 'response', 'tootallnate', 'java-websocket', 'asserttrue', 'add', 'bub25j', 'post', 'handshakeimpl1server', 'protocols', 'handshakedataextension', 'protocol', 'nate', 'client', 'postprocesshandshakeresponseasserver', 'impl1', 'value', 'extensions', 'tall', 'connection', 'singleton', 'socket-', 'sec-websocket-accept', 'nhb', 'extension', 'key', 'socket', 'message', 'exception', 'handshake', 'handshakeimpl1client', 'reset', 'test', 'date', 'assertequals', 'status', 'true']","['new', 'new', 'new', 'new', 'new', 'new', 'new', 'new', 'new', 'new', 'new', 'new', 'new', 'new', 'new', 'new', 'new', 'new', 'public', 'void', 'throws']",21,0,0,0,0,0,0,0,0,0,0,0,0,0,0,0,0,0,0,0,0,0,0,0,0,0,0,0,0,0,0,18,0,0,0,1,0,0,0,0,0,0,0,0,0,0,1,0,0,1,0,0,0,0,0,0,0,1,0,1,0,1,0,0,0,73,27,71,0.12,92,9,0,0,0,0,0,0,4,4,0
13394,tootallnate-java-websocket,org.java_websocket.drafts.draft_6455test.createframesbinary,0,"['transferemasked', 'createframes', 'wrap', 'equals', 'frames', 'createframesbinary', 'bytebuffer', 'getbytes', 'buffer', 'get', 'bytes', 'curframe', 'list', 'settransferemasked', 'created', 'draft', 'exception', 'byte', 'set', 'create', 'payload', 'size', 'framedata', 'createdframe', 'test', 'binary', 'setpayload', 'frame', 'binaryframe', 'assertequals', 'assert']","['new', 'new', 'false', 'false', 'new', 'true', 'true', 'public', 'void', 'throws']",10,0,0,0,0,0,0,0,0,0,0,0,0,0,0,0,0,0,0,0,0,0,0,0,0,0,0,0,0,0,0,3,0,0,0,1,0,0,0,0,0,0,0,0,0,0,1,0,0,1,0,0,2,0,2,0,0,1,0,0,0,1,0,0,0,17,4,15,0.007,30,12,1,0,0,0,0,0,3,3,0
13395,tootallnate-java-websocket,org.java_websocket.drafts.draft_6455test.createframestext,0,"['transferemasked', 'createframes', 'wrap', 'equals', 'frames', 'bytebuffer', 'textframe', 'buffer', 'bytes', 'get', 'curframe', 'charsetfunctions', 'list', 'settransferemasked', 'created', 'draft', 'exception', 'createframestext', 'set', 'byte', 'utf8', 'create', 'payload', 'utf8bytes', 'text', 'size', 'framedata', 'createdframe', 'test', 'setpayload', 'frame', 'assertequals', 'assert']","['new', 'new', 'false', 'false', 'new', 'true', 'true', 'public', 'void', 'throws']",10,0,0,0,0,0,0,0,0,0,0,0,0,0,0,0,0,0,0,0,0,0,0,0,0,0,0,0,0,0,0,3,0,0,0,1,0,0,0,0,0,0,0,0,0,0,1,0,0,1,0,0,2,0,2,0,0,1,0,0,0,1,0,0,0,15,4,13,0.004,29,12,0,0,0,0,0,0,3,3,0
13396,tootallnate-java-websocket,org.java_websocket.util.bytebufferutilstest.testemptybytebuffercapacity,0,"['get', 'getemptybytebuffer', 'equals', 'capacity', 'byte', 'test', 'testemptybytebuffercapacity', 'empty', 'bytebuffer', 'bytebufferutils', 'assertequals', 'utils', 'must', 'assert', 'buffer']","['public', 'void']",2,0,0,0,0,0,0,0,0,0,0,0,0,0,0,0,0,0,0,0,0,0,0,0,0,0,0,0,0,0,0,0,0,0,0,1,0,0,0,0,0,0,0,0,0,0,0,0,0,1,0,0,0,0,0,0,0,0,0,0,0,1,0,0,0,4,1,2,0.007,4,2,0,0,0,0,0,0,3,3,0
13397,tootallnate-java-websocket,org.java_websocket.util.bytebufferutilstest.testemptybytebuffernewobject,0,"['get', 'object', 'testemptybytebuffernewobject', 'getemptybytebuffer', 'byte', 'test', 'empty', 'new', 'bytebuffer', 'asserttrue', 'bytebufferutils', 'true', 'utils', 'assert', 'buffer', 'allocated']","['new', 'public', 'void']",3,0,0,0,0,0,0,0,0,0,0,0,0,0,0,0,0,0,0,0,0,0,0,0,0,0,0,0,0,0,0,1,0,0,0,1,0,0,0,0,0,0,0,0,0,0,0,0,0,1,0,0,0,0,0,0,0,0,0,0,0,1,0,0,0,5,1,3,0.0,5,2,0,0,0,0,0,0,3,3,0
13398,tootallnate-java-websocket,org.java_websocket.util.bytebufferutilstest.testtransferbytebuffersmalltoempty,0,"['getemptybytebuffer', 'wrap', 'to', 'equals', 'capacity', 'empty', 'bytebuffer', 'change', 'bytebufferutils', 'assertarrayequals', 'utils', 'buffer', 'get', 'array', 'transferbytebuffer', 'smallarray', 'byte', 'still', 'small', 'testtransferbytebuffersmalltoempty', 'test', 'assertequals', 'assert', 'transfer']","['public', 'void']",2,0,0,0,0,0,0,0,0,0,0,0,0,0,0,0,0,0,0,0,0,0,0,0,0,0,0,0,0,0,0,0,0,0,0,1,0,0,0,0,0,0,0,0,0,0,0,0,0,1,0,0,0,0,0,0,0,1,0,1,0,1,0,0,1,7,2,5,0.001,7,2,0,0,0,0,0,0,3,3,0
13399,tootallnate-java-websocket,org.java_websocket.util.bytebufferutilstest.testtransferbytebuffersmalltobig,0,"['to', 'wrap', 'equals', 'bytebuffer', 'testtransferbytebuffersmalltobig', 'change', 'bytebufferutils', 'assertarrayequals', 'utils', 'buffer', 'get', 'array', 'big', 'source', 'transferbytebuffer', 'bigarray', 'smallarray', 'byte', 'small', 'test', 'assertequals', 'assert', 'transfer']","['public', 'void']",2,0,0,0,0,0,0,0,0,0,0,0,0,0,0,0,0,0,0,0,0,0,0,0,0,0,0,0,0,0,0,0,0,0,0,1,0,0,0,0,0,0,0,0,0,0,0,0,0,1,0,0,0,0,0,0,0,1,0,0,0,1,0,0,1,15,10,15,0.001,17,2,0,0,0,0,0,0,3,3,0
13400,tootallnate-java-websocket,org.java_websocket.util.bytebufferutilstest.testtransferbytebufferbigtosmall,0,"['to', 'wrap', 'testtransferbytebufferbigtosmall', 'equals', 'bytebuffer', 'change', 'bytebufferutils', 'assertarrayequals', 'utils', 'buffer', 'get', 'array', 'big', 'source', 'transferbytebuffer', 'bigarray', 'smallarray', 'byte', 'small', 'test', 'assertequals', 'assert', 'transfer']","['public', 'void']",2,0,0,0,0,0,0,0,0,0,0,0,0,0,0,0,0,0,0,0,0,0,0,0,0,0,0,0,0,0,0,0,0,0,0,1,0,0,0,0,0,0,0,0,0,0,0,0,0,1,0,0,0,0,0,0,0,1,0,0,0,0,0,0,1,11,6,3,0.011,9,2,0,0,0,0,0,0,2,2,0
13401,tootallnate-java-websocket,org.java_websocket.util.bytebufferutilstest.testtransferbytebufferchecknulldest,0,"['wrap', 'bytebuffer', 'bytebufferutils', 'utils', 'buffer', 'null', 'fail', 'array', 'check', 'source', 'illegalargumentexception', 'transferbytebuffer', 'smallarray', 'exception', 'byte', 'illegal', 'testtransferbytebufferchecknulldest', 'argument', 'small', 'dest', 'thrown', 'test', 'transfer']","['try', 'null', 'catch', 'public', 'void']",5,0,0,0,0,0,0,1,0,0,0,0,0,0,0,0,0,0,0,0,0,0,0,0,0,0,0,0,0,0,0,0,0,0,0,1,0,0,0,0,0,0,0,0,0,0,0,0,1,1,0,0,0,1,0,0,0,0,0,0,0,0,0,0,1,9,1,2,0.0,5,2,0,0,0,0,0,0,2,2,0
13402,tootallnate-java-websocket,org.java_websocket.util.bytebufferutilstest.testtransferbytebufferchecknullsource,0,"['wrap', 'bytebuffer', 'bytebufferutils', 'utils', 'buffer', 'null', 'fail', 'array', 'check', 'source', 'illegalargumentexception', 'transfer', 'transferbytebuffer', 'testtransferbytebufferchecknullsource', 'smallarray', 'exception', 'byte', 'illegal', 'argument', 'small', 'thrown', 'test', 'dest']","['try', 'null', 'catch', 'public', 'void']",5,0,0,0,0,0,0,1,0,0,0,0,0,0,0,0,0,0,0,0,0,0,0,0,0,0,0,0,0,0,0,0,0,0,0,1,0,0,0,0,0,0,0,0,0,0,0,0,1,1,0,0,0,1,0,0,0,0,0,0,0,0,0,0,1,9,1,2,0.0,5,2,0,0,0,0,0,0,2,2,0
13403,tootallnate-java-websocket,org.java_websocket.util.bytebufferutilstest.testtransferbytebufferchecknullboth,0,"['null', 'fail', 'illegalargumentexception', 'testtransferbytebufferchecknullboth', 'exception', 'both', 'byte', 'thrown', 'test', 'check', 'illegal', 'argument', 'bytebufferutils', 'utils', 'buffer', 'transferbytebuffer', 'transfer']","['try', 'null', 'null', 'catch', 'public', 'void']",6,0,0,0,0,0,0,1,0,0,0,0,0,0,0,0,0,0,0,0,0,0,0,0,0,0,0,0,0,0,0,0,0,0,0,1,0,0,0,0,0,0,0,0,0,0,0,0,1,1,0,0,0,2,0,0,0,0,0,0,0,0,0,0,0,8,1,1,0.001,4,2,0,0,0,0,0,0,2,2,0
13404,tootallnate-java-websocket,org.java_websocket.extensions.defaultextensiontest.testdecodeframe,0,"['wrap', 'decode', 'extension', 'equals', 'default', 'bytebuffer', 'getbytes', 'buffer', 'data', 'get', 'bytes', 'defaultextension', 'getpayloaddata', 'decodeframe', 'exception', 'set', 'byte', 'payload', 'testdecodeframe', 'test', 'binary', 'setpayload', 'frame', 'binaryframe', 'assertequals', 'assert']","['new', 'new', 'public', 'void', 'throws']",5,0,0,0,0,0,0,0,0,0,0,0,0,0,0,0,0,0,0,0,0,0,0,0,0,0,0,0,0,0,0,2,0,0,0,1,0,0,0,0,0,0,0,0,0,0,1,0,0,1,0,0,0,0,0,0,0,0,0,0,0,1,0,0,0,7,1,5,0.001,11,6,0,0,0,0,0,0,3,3,0
13405,tootallnate-java-websocket,org.java_websocket.extensions.defaultextensiontest.testencodeframe,0,"['wrap', 'extension', 'equals', 'default', 'bytebuffer', 'getbytes', 'buffer', 'data', 'get', 'bytes', 'defaultextension', 'getpayloaddata', 'exception', 'encodeframe', 'set', 'byte', 'payload', 'test', 'binary', 'setpayload', 'frame', 'encode', 'binaryframe', 'assertequals', 'assert', 'testencodeframe']","['new', 'new', 'public', 'void', 'throws']",5,0,0,0,0,0,0,0,0,0,0,0,0,0,0,0,0,0,0,0,0,0,0,0,0,0,0,0,0,0,0,2,0,0,0,1,0,0,0,0,0,0,0,0,0,0,1,0,0,1,0,0,0,0,0,0,0,0,0,0,0,1,0,0,0,7,1,6,0.0,11,6,0,0,0,0,0,0,3,3,0
13406,tootallnate-java-websocket,org.java_websocket.extensions.defaultextensiontest.testacceptprovidedextensionasserver,0,"['server', 'acceptprovidedextensionasserver', 'as', 'permessage-deflate', 'extension', 'exception', 'default', 'defaultextension', 'provided', 'test', 'accept', 'asserttrue', 'testacceptprovidedextensionasserver', 'asdc', 'ad', 'assert', 'true']","['new', 'public', 'void', 'throws']",4,0,0,0,0,0,0,0,0,0,0,0,0,0,0,0,0,0,0,0,0,0,0,0,0,0,0,0,0,0,0,1,0,0,0,1,0,0,0,0,0,0,0,0,0,0,1,0,0,1,0,0,0,0,0,0,0,1,0,0,0,1,0,0,0,8,5,7,0.0,8,2,0,0,0,0,0,0,2,2,0
13407,tootallnate-java-websocket,org.java_websocket.extensions.defaultextensiontest.testacceptprovidedextensionasclient,0,"['testacceptprovidedextensionasclient', 'client', 'acceptprovidedextensionasclient', 'as', 'permessage-deflate', 'extension', 'exception', 'default', 'defaultextension', 'provided', 'test', 'accept', 'asserttrue', 'asdc', 'ad', 'assert', 'true']","['new', 'public', 'void', 'throws']",4,0,0,0,0,0,0,0,0,0,0,0,0,0,0,0,0,0,0,0,0,0,0,0,0,0,0,0,0,0,0,1,0,0,0,1,0,0,0,0,0,0,0,0,0,0,1,0,0,1,0,0,0,0,0,0,0,1,0,0,0,1,0,0,0,8,5,6,0.0,8,2,0,0,0,0,0,0,2,2,0
13408,tootallnate-java-websocket,org.java_websocket.extensions.defaultextensiontest.testisframevalid,0,"['text', 'fail', 'exception', 'extension', 'default', 'defaultextension', 'is', 'set', 'setrsv', 'test', 'valid', 'frame', 'textframe', 'testisframevalid', 'isframevalid', 'this']","['new', 'new', 'try', 'catch', 'true', 'try', 'catch', 'false', 'true', 'try', 'catch', 'false', 'true', 'try', 'catch', 'public', 'void', 'throws']",18,0,0,0,0,0,0,4,0,0,0,0,0,0,0,0,0,0,0,0,0,0,0,0,0,0,0,0,0,0,0,2,0,0,0,1,0,0,0,0,0,0,0,0,0,0,1,0,4,1,0,0,3,0,2,0,0,1,0,0,0,1,0,0,0,32,4,11,0.036,22,9,1,0,0,0,0,0,3,3,0
13409,tootallnate-java-websocket,org.java_websocket.extensions.defaultextensiontest.testgetprovidedextensionasclient,0,"['get', 'client', 'testgetprovidedextensionasclient', 'as', 'exception', 'equals', 'extension', 'default', 'defaultextension', 'provided', 'test', 'assertequals', 'assert', 'getprovidedextensionasclient']","['new', 'public', 'void', 'throws']",4,0,0,0,0,0,0,0,0,0,0,0,0,0,0,0,0,0,0,0,0,0,0,0,0,0,0,0,0,0,0,1,0,0,0,1,0,0,0,0,0,0,0,0,0,0,1,0,0,1,0,0,0,0,0,0,0,0,0,0,0,1,0,0,0,4,1,2,0.0,4,2,0,0,0,0,0,0,2,2,0
13410,tootallnate-java-websocket,org.java_websocket.extensions.defaultextensiontest.testgetprovidedextensionasserver,0,"['get', 'server', 'as', 'exception', 'equals', 'extension', 'default', 'defaultextension', 'provided', 'test', 'testgetprovidedextensionasserver', 'assertequals', 'getprovidedextensionasserver', 'assert']","['new', 'public', 'void', 'throws']",4,0,0,0,0,0,0,0,0,0,0,0,0,0,0,0,0,0,0,0,0,0,0,0,0,0,0,0,0,0,0,1,0,0,0,1,0,0,0,0,0,0,0,0,0,0,1,0,0,1,0,0,0,0,0,0,0,0,0,0,0,1,0,0,0,4,1,2,0.0,4,2,0,0,0,0,0,0,2,2,0
13411,tootallnate-java-websocket,org.java_websocket.extensions.defaultextensiontest.testcopyinstance,0,"['iextension', 'exception', 'extension', 'instance', 'default', 'defaultextension', 'copyinstance', 'extensioncopy', 'equals', 'test', 'testcopyinstance', 'assertequals', 'assert', 'copy']","['new', 'public', 'void', 'throws']",4,0,0,0,0,0,0,0,0,0,0,0,0,0,0,0,0,0,0,0,0,0,0,0,0,0,0,0,0,0,0,1,0,0,0,1,0,0,0,0,0,0,0,0,0,0,1,0,0,1,0,0,0,0,0,0,0,0,0,0,0,1,0,0,0,5,1,3,0.0,5,2,1,0,0,0,0,0,2,2,0
13412,tootallnate-java-websocket,org.java_websocket.extensions.defaultextensiontest.testtostring,0,"['to', 'exception', 'equals', 'extension', 'default', 'defaultextension', 'test', 'tostring', 'testtostring', 'assertequals', 'assert', 'string']","['new', 'public', 'void', 'throws']",4,0,0,0,0,0,0,0,0,0,0,0,0,0,0,0,0,0,0,0,0,0,0,0,0,0,0,0,0,0,0,1,0,0,0,1,0,0,0,0,0,0,0,0,0,0,1,0,0,1,0,0,0,0,0,0,0,0,0,0,0,1,0,0,0,4,1,2,0.0,4,2,0,0,0,0,0,0,2,2,0
13413,tootallnate-java-websocket,org.java_websocket.extensions.defaultextensiontest.testhashcode,0,"['hashcode', 'exception', 'equals', 'extension', 'default', 'defaultextension', 'test', 'code', 'testhashcode', 'assertequals', 'hash', 'assert']","['new', 'new', 'public', 'void', 'throws']",5,0,0,0,0,0,0,0,0,0,0,0,0,0,0,0,0,0,0,0,0,0,0,0,0,0,0,0,0,0,0,2,0,0,0,1,0,0,0,0,0,0,0,0,0,0,1,0,0,1,0,0,0,0,0,0,0,0,0,0,0,1,0,0,0,5,1,3,0.0,5,2,0,0,0,0,0,0,2,2,0
13414,tootallnate-java-websocket,org.java_websocket.extensions.defaultextensiontest.testequals,0,"['exception', 'equals', 'extension', 'default', 'defaultextension', 'testequals', 'test', 'assertequals', 'assert']","['new', 'new', 'public', 'void', 'throws']",5,0,0,0,0,0,0,0,0,0,0,0,0,0,0,0,0,0,0,0,0,0,0,0,0,0,0,0,0,0,0,2,0,0,0,1,0,0,0,0,0,0,0,0,0,0,1,0,0,1,0,0,0,0,0,0,0,0,0,0,0,1,0,0,0,5,1,3,0.0,5,2,1,0,0,0,0,0,2,2,0
13415,tootallnate-java-websocket,org.java_websocket.framing.pongframetest.testconstructor,0,"['equals', 'capacity', 'is', 'empty', 'isrsv', 'fin', 'invaliddataexception', 'data', 'get', 'fail', 'rsv', 'getopcode', 'isfin', 'constructor', 'valid', 'pong', 'must', 'opcode', 'getpayloaddata', 'mask', 'equal', 'exception', 'invalid', 'set', 'transferedmask', 'payload', 'isvalid', 'testconstructor', 'transfered', 'masked', 'thrown', 'test', 'frame', 'gettransferemasked', 'assertequals', 'transfere', 'assert', 'pongframe']","['new', 'true', 'false', 'false', 'false', 'false', 'false', 'false', 'false', 'try', 'catch', 'public', 'void']",13,0,0,0,0,0,0,1,0,0,0,0,0,0,0,0,0,0,0,0,0,0,0,0,0,0,0,0,0,0,0,1,0,0,0,1,0,0,0,0,0,0,0,0,0,0,0,0,1,1,0,0,1,0,7,0,0,1,0,0,0,1,0,0,0,15,8,8,0.0,16,5,1,0,0,0,0,0,3,3,0
13416,tootallnate-java-websocket,org.java_websocket.framing.pongframetest.testcopyconstructor,0,"['allocate', 'testcopyconstructor', 'equals', 'copy', 'bytebuffer', 'data', 'buffer', 'ping', 'get', 'constructor', 'pong', 'must', 'getpayloaddata', 'pingframe', 'equal', 'set', 'byte', 'payload', 'test', 'setpayload', 'frame', 'assertequals', 'assert', 'pongframe']","['new', 'new', 'public', 'void']",4,0,0,0,0,0,0,0,0,0,0,0,0,0,0,0,0,0,0,0,0,0,0,0,0,0,0,0,0,0,0,2,0,0,0,1,0,0,0,0,0,0,0,0,0,0,0,0,0,1,0,0,0,0,0,0,0,0,0,0,0,1,0,0,0,6,1,4,0.002,12,6,0,0,0,0,0,0,3,3,0
13417,tootallnate-java-websocket,org.java_websocket.framing.pongframetest.testextends,0,"['equals', 'extends', 'dataframe', 'test', 'pong', 'frame', 'extend', 'assertequals', 'testextends', 'must', 'control', 'assert', 'pongframe', 'controlframe']","['new', 'true', 'instanceof', 'public', 'void']",5,0,0,0,0,0,0,0,0,0,0,0,0,0,0,0,0,0,0,0,0,0,0,0,0,1,0,0,0,0,0,1,0,0,0,1,0,0,0,0,0,0,0,0,0,0,0,0,0,1,0,0,1,0,0,0,0,0,0,0,0,1,0,0,0,4,1,3,0.04,9,6,1,0,0,0,0,0,3,3,0
13418,tootallnate-java-websocket,org.java_websocket.framing.pongframetest.testisvalid,0,"['setfin', 'is', 'setrsv', 'testisvalid', 'invaliddataexception', 'fin', 'data', 'fail', 'valid', 'pong', 'exception', 'invalid', 'set', 'isvalid', 'thrown', 'test', 'frame', 'pongframe']","['new', 'try', 'catch', 'false', 'try', 'catch', 'true', 'true', 'try', 'catch', 'false', 'true', 'try', 'catch', 'false', 'true', 'try', 'catch', 'public', 'void']",20,0,0,0,0,0,0,5,0,0,0,0,0,0,0,0,0,0,0,0,0,0,0,0,0,0,0,0,0,0,0,1,0,0,0,1,0,0,0,0,0,0,0,0,0,0,0,0,5,1,0,0,4,0,3,0,0,1,0,0,0,1,0,0,0,39,5,11,0.002,30,7,0,0,0,0,0,0,3,3,0
13419,tootallnate-java-websocket,org.java_websocket.framing.binaryframetest.testconstructor,0,"['equals', 'capacity', 'is', 'empty', 'isrsv', 'fin', 'invaliddataexception', 'data', 'get', 'fail', 'rsv', 'getopcode', 'isfin', 'constructor', 'valid', 'must', 'opcode', 'getpayloaddata', 'mask', 'equal', 'exception', 'invalid', 'set', 'transferedmask', 'payload', 'isvalid', 'testconstructor', 'transfered', 'masked', 'thrown', 'test', 'binary', 'frame', 'gettransferemasked', 'binaryframe', 'assertequals', 'transfere', 'assert']","['new', 'true', 'false', 'false', 'false', 'false', 'false', 'false', 'false', 'try', 'catch', 'public', 'void']",13,0,0,0,0,0,0,1,0,0,0,0,0,0,0,0,0,0,0,0,0,0,0,0,0,0,0,0,0,0,0,1,0,0,0,1,0,0,0,0,0,0,0,0,0,0,0,0,1,1,0,0,1,0,7,0,0,1,0,0,0,1,0,0,0,15,8,8,0.0,15,5,1,0,0,0,0,0,3,3,0
13420,tootallnate-java-websocket,org.java_websocket.framing.binaryframetest.testextends,0,"['equals', 'extends', 'dataframe', 'test', 'binary', 'frame', 'extend', 'binaryframe', 'assertequals', 'must', 'assert', 'data', 'testextends']","['new', 'true', 'instanceof', 'public', 'void']",5,0,0,0,0,0,0,0,0,0,0,0,0,0,0,0,0,0,0,0,0,0,0,0,0,1,0,0,0,0,0,1,0,0,0,1,0,0,0,0,0,0,0,0,0,0,0,0,0,1,0,0,1,0,0,0,0,0,0,0,0,1,0,0,0,4,1,2,0.035,9,6,1,0,0,0,0,0,3,3,0
13421,tootallnate-java-websocket,org.java_websocket.framing.binaryframetest.testisvalid,0,"['fail', 'exception', 'invalid', 'is', 'thrown', 'test', 'valid', 'binary', 'frame', 'testisvalid', 'invaliddataexception', 'binaryframe', 'data', 'isvalid']","['new', 'try', 'catch', 'public', 'void']",5,0,0,0,0,0,0,1,0,0,0,0,0,0,0,0,0,0,0,0,0,0,0,0,0,0,0,0,0,0,0,1,0,0,0,1,0,0,0,0,0,0,0,0,0,0,0,0,1,1,0,0,0,0,0,0,0,0,0,0,0,0,0,0,0,8,1,1,0.001,9,5,0,0,0,0,0,0,3,3,0
13422,tootallnate-java-websocket,org.java_websocket.framing.framedataimpl1test.testdefaultvalues,0,"['equals', 'capacity', 'is', 'default', 'testdefaultvalues', 'empty', 'isrsv', 'fin', 'data', 'get', 'rsv', 'getopcode', 'isfin', 'values', 'must', 'opcode', 'getpayloaddata', 'mask', 'equal', 'set', 'transferedmask', 'payload', 'transfered', 'masked', 'framedataimpl', 'framedata', 'impl', 'test', 'binary', 'gettransferemasked', 'assertequals', 'transfere', 'assert']","['true', 'false', 'false', 'false', 'false', 'false', 'false', 'false', 'public', 'void']",10,0,0,0,0,0,0,0,0,0,0,0,0,0,0,0,0,0,0,0,0,0,0,0,0,0,0,0,0,0,0,0,0,0,0,1,0,0,0,0,0,0,0,0,0,0,0,0,0,1,0,0,1,0,7,0,0,1,0,1,0,1,0,0,0,10,7,8,0.01,13,5,1,0,0,0,0,0,3,3,0
13423,tootallnate-java-websocket,org.java_websocket.framing.framedataimpl1test.testget,0,"['equals', 'continuousframe', 'testget', 'textframe', 'ping', 'get', 'fail', 'pong', 'closing', 'must', 'opcode', 'illegalargumentexception', 'pingframe', 'exception', 'illegal', 'argument', 'text', 'continuous', 'framedataimpl', 'framedata', 'impl', 'closeframe', 'thrown', 'test', 'binary', 'frame', 'assertequals', 'binaryframe', 'close', 'assert', 'pongframe']","['true', 'instanceof', 'true', 'instanceof', 'true', 'instanceof', 'true', 'instanceof', 'true', 'instanceof', 'true', 'instanceof', 'try', 'null', 'catch', 'public', 'void']",17,0,0,0,0,0,0,1,0,0,0,0,0,0,0,0,0,0,0,0,0,0,0,0,0,6,0,0,0,0,0,0,0,0,0,1,0,0,0,0,0,0,0,0,0,0,0,0,1,1,0,0,6,1,0,0,0,1,0,0,0,1,0,0,0,20,7,12,0.041,40,13,1,3,3,3,3,3,3,3,0
13424,tootallnate-java-websocket,org.java_websocket.framing.framedataimpl1test.testsetters,0,"['transferemasked', 'allocate', 'setfin', 'equals', 'capacity', 'is', 'setrsv', 'bytebuffer', 'isrsv', 'fin', 'buffer', 'data', 'get', 'rsv', 'isfin', 'must', 'setters', 'settransferemasked', 'opcode', 'getpayloaddata', 'mask', 'set', 'transferedmask', 'byte', 'payload', 'transfered', 'masked', 'size', 'testsetters', 'framedataimpl', 'framedata', 'impl', 'test', 'binary', 'setpayload', 'frame', 'gettransferemasked', 'assertequals', 'transfere', 'assert']","['false', 'false', 'true', 'true', 'true', 'true', 'true', 'true', 'true', 'true', 'true', 'true', 'true', 'public', 'void']",15,0,0,0,0,0,0,0,0,0,0,0,0,0,0,0,0,0,0,0,0,0,0,0,0,0,0,0,0,0,0,0,0,0,0,1,0,0,0,0,0,0,0,0,0,0,0,0,0,1,0,0,11,0,2,0,0,1,0,1,0,1,0,0,0,16,6,14,0.0,20,5,1,0,0,0,0,0,3,3,0
13425,tootallnate-java-websocket,org.java_websocket.framing.framedataimpl1test.testappend,0,"['setfin', 'wrap', 'first', 'equals', 'is', 'bytebuffer', 'fin', 'assertarrayequals', 'getbytes', 'buffer', 'data', 'get', 'bytes', 'isfin', 'array', 'must', 'opcode', 'getpayloaddata', 'equal', 'append', 'set', 'byte', 'payload', 'testappend', 'second', 'framedataimpl', 'framedata', 'impl', 'firstsecond', 'test', 'binary', 'setpayload', 'frame', 'assertequals', 'assert']","['false', 'true', 'public', 'void']",4,0,0,0,0,0,0,0,0,0,0,0,0,0,0,0,0,0,0,0,0,0,0,0,0,0,0,0,0,0,0,0,0,0,0,1,0,0,0,0,0,0,0,0,0,0,0,0,0,1,0,0,1,0,1,0,0,1,0,1,0,1,0,0,0,10,2,8,0.005,13,5,1,0,0,0,0,0,3,3,0
13426,tootallnate-java-websocket,org.java_websocket.framing.continuousframetest.testconstructor,0,"['equals', 'capacity', 'is', 'continuousframe', 'empty', 'isrsv', 'fin', 'invaliddataexception', 'data', 'get', 'fail', 'rsv', 'getopcode', 'isfin', 'constructor', 'valid', 'must', 'opcode', 'getpayloaddata', 'mask', 'equal', 'exception', 'invalid', 'set', 'transferedmask', 'payload', 'isvalid', 'testconstructor', 'transfered', 'masked', 'continuous', 'thrown', 'test', 'frame', 'gettransferemasked', 'assertequals', 'transfere', 'assert']","['new', 'true', 'false', 'false', 'false', 'false', 'false', 'false', 'false', 'try', 'catch', 'public', 'void']",13,0,0,0,0,0,0,1,0,0,0,0,0,0,0,0,0,0,0,0,0,0,0,0,0,0,0,0,0,0,0,1,0,0,0,1,0,0,0,0,0,0,0,0,0,0,0,0,1,1,0,0,1,0,7,0,0,1,0,0,0,1,0,0,0,15,8,8,0.003,15,5,1,0,0,0,0,0,3,3,0
13427,tootallnate-java-websocket,org.java_websocket.framing.continuousframetest.testextends,0,"['continuous', 'equals', 'extends', 'continuousframe', 'dataframe', 'test', 'frame', 'extend', 'assertequals', 'testextends', 'must', 'assert', 'data']","['new', 'true', 'instanceof', 'public', 'void']",5,0,0,0,0,0,0,0,0,0,0,0,0,0,0,0,0,0,0,0,0,0,0,0,0,1,0,0,0,0,0,1,0,0,0,1,0,0,0,0,0,0,0,0,0,0,0,0,0,1,0,0,1,0,0,0,0,0,0,0,0,1,0,0,0,4,1,3,0.025,11,6,1,0,0,0,0,0,3,3,0
13428,tootallnate-java-websocket,org.java_websocket.framing.continuousframetest.testisvalid,0,"['fail', 'continuous', 'invalid', 'exception', 'is', 'continuousframe', 'thrown', 'test', 'valid', 'frame', 'testisvalid', 'invaliddataexception', 'data', 'isvalid']","['new', 'try', 'catch', 'public', 'void']",5,0,0,0,0,0,0,1,0,0,0,0,0,0,0,0,0,0,0,0,0,0,0,0,0,0,0,0,0,0,0,1,0,0,0,1,0,0,0,0,0,0,0,0,0,0,0,0,1,1,0,0,0,0,0,0,0,0,0,0,0,0,0,0,0,8,1,1,0.001,10,5,0,0,0,0,0,0,3,3,0
13429,tootallnate-java-websocket,org.java_websocket.framing.pingframetest.testconstructor,0,"['equals', 'capacity', 'is', 'empty', 'isrsv', 'fin', 'invaliddataexception', 'ping', 'data', 'get', 'fail', 'rsv', 'getopcode', 'isfin', 'constructor', 'valid', 'must', 'opcode', 'getpayloaddata', 'pingframe', 'equal', 'mask', 'exception', 'invalid', 'set', 'transferedmask', 'payload', 'isvalid', 'testconstructor', 'transfered', 'masked', 'thrown', 'test', 'frame', 'gettransferemasked', 'assertequals', 'transfere', 'assert']","['new', 'true', 'false', 'false', 'false', 'false', 'false', 'false', 'false', 'try', 'catch', 'public', 'void']",13,0,0,0,0,0,0,1,0,0,0,0,0,0,0,0,0,0,0,0,0,0,0,0,0,0,0,0,0,0,0,1,0,0,0,1,0,0,0,0,0,0,0,0,0,0,0,0,1,1,0,0,1,0,7,0,0,1,0,0,0,1,0,0,0,15,8,8,0.001,16,5,1,0,0,0,0,0,3,3,0
13430,tootallnate-java-websocket,org.java_websocket.framing.pingframetest.testextends,0,"['pingframe', 'equals', 'extends', 'dataframe', 'test', 'frame', 'extend', 'assertequals', 'testextends', 'must', 'control', 'assert', 'ping', 'controlframe']","['new', 'true', 'instanceof', 'public', 'void']",5,0,0,0,0,0,0,0,0,0,0,0,0,0,0,0,0,0,0,0,0,0,0,0,0,1,0,0,0,0,0,1,0,0,0,1,0,0,0,0,0,0,0,0,0,0,0,0,0,1,0,0,1,0,0,0,0,0,0,0,0,1,0,0,0,4,1,3,0.042,9,6,1,0,0,0,0,0,3,3,0
13431,tootallnate-java-websocket,org.java_websocket.framing.pingframetest.testisvalid,0,"['setfin', 'is', 'setrsv', 'testisvalid', 'invaliddataexception', 'fin', 'data', 'ping', 'fail', 'valid', 'pingframe', 'exception', 'invalid', 'set', 'isvalid', 'thrown', 'test', 'frame']","['new', 'try', 'catch', 'false', 'try', 'catch', 'true', 'true', 'try', 'catch', 'false', 'true', 'try', 'catch', 'false', 'true', 'try', 'catch', 'public', 'void']",20,0,0,0,0,0,0,5,0,0,0,0,0,0,0,0,0,0,0,0,0,0,0,0,0,0,0,0,0,0,0,1,0,0,0,1,0,0,0,0,0,0,0,0,0,0,0,0,5,1,0,0,4,0,3,0,0,1,0,0,0,1,0,0,0,39,5,11,0.003,29,7,0,0,0,0,0,0,3,3,0
13432,tootallnate-java-websocket,org.java_websocket.framing.closeframetest.testconstructor,0,"['equals', 'capacity', 'is', 'isrsv', 'fin', 'invaliddataexception', 'data', 'get', 'fail', 'rsv', 'getopcode', 'isfin', 'constructor', 'valid', 'closing', 'must', 'opcode', 'getpayloaddata', 'mask', 'equal', 'exception', 'invalid', 'set', 'transferedmask', 'payload', 'isvalid', 'testconstructor', 'transfered', 'masked', 'closeframe', 'thrown', 'code', 'test', 'frame', 'gettransferemasked', 'assertequals', 'transfere', 'close', 'assert']","['new', 'true', 'false', 'false', 'false', 'false', 'false', 'false', 'false', 'try', 'catch', 'public', 'void']",13,0,0,0,0,0,0,1,0,0,0,0,0,0,0,0,0,0,0,0,0,0,0,0,0,0,0,0,0,0,0,1,0,0,0,1,0,0,0,0,0,0,0,0,0,0,0,0,1,1,0,0,1,0,7,0,0,1,0,1,0,1,0,0,0,15,8,9,0.002,16,6,1,0,0,0,0,0,3,3,0
13433,tootallnate-java-websocket,org.java_websocket.framing.closeframetest.testextends,0,"['equals', 'control', 'extends', 'closeframe', 'dataframe', 'test', 'frame', 'extend', 'assertequals', 'testextends', 'must', 'close', 'assert', 'controlframe']","['new', 'true', 'instanceof', 'public', 'void']",5,0,0,0,0,0,0,0,0,0,0,0,0,0,0,0,0,0,0,0,0,0,0,0,0,1,0,0,0,0,0,1,0,0,0,1,0,0,0,0,0,0,0,0,0,0,0,0,0,1,0,0,1,0,0,0,0,0,0,0,0,1,0,0,0,4,1,4,0.044,17,7,1,0,0,0,0,0,3,3,0
13434,tootallnate-java-websocket,org.java_websocket.framing.closeframetest.testisvalid,0,"['setfin', 'extension', 'is', 'toobig', 'going', 'setrsv', 'never', 'testisvalid', 'invaliddataexception', 'fin', 'later', 'data', 'fail', 'flashpolicy', 'setcode', 'error', 'unexpected', 'valid', 'service', 'setreason', 'connected', 'again', 'bad', 'reason', 'exception', 'invalid', 'away', 'set', 'refuse', 'buggyclose', 'gateway', 'nocode', 'tls', 'protocol', 'condition', 'isvalid', 'utf', 'abnormal', 'policy', 'closeframe', 'thrown', 'code', 'normal', 'test', 'frame', 'validation', 'close', 'restart', 'try']","['new', 'try', 'catch', 'false', 'try', 'catch', 'true', 'true', 'try', 'catch', 'false', 'true', 'try', 'catch', 'false', 'true', 'try', 'catch', 'false', 'try', 'catch', 'try', 'catch', 'try', 'catch', 'try', 'catch', 'try', 'catch', 'try', 'catch', 'try', 'catch', 'try', 'catch', 'try', 'catch', 'try', 'catch', 'try', 'catch', 'try', 'catch', 'try', 'catch', 'try', 'catch', 'try', 'catch', 'try', 'catch', 'try', 'catch', 'try', 'catch', 'null', 'try', 'catch', 'try', 'catch', 'public', 'void']",62,0,0,0,0,0,0,25,0,0,0,0,0,0,0,0,0,0,0,0,0,0,0,0,0,0,0,0,0,0,0,1,0,0,0,1,0,0,0,0,0,0,0,0,0,0,0,0,25,1,0,0,4,1,4,0,0,1,0,1,0,1,0,0,0,171,25,34,0.002,83,8,1,2,3,3,3,3,6,6,0
13435,tootallnate-java-websocket,org.java_websocket.framing.textframetest.testconstructor,0,"['equals', 'capacity', 'is', 'empty', 'isrsv', 'textframe', 'fin', 'invaliddataexception', 'data', 'get', 'fail', 'rsv', 'getopcode', 'isfin', 'constructor', 'valid', 'must', 'opcode', 'getpayloaddata', 'mask', 'equal', 'exception', 'invalid', 'set', 'transferedmask', 'payload', 'isvalid', 'text', 'testconstructor', 'transfered', 'masked', 'thrown', 'test', 'frame', 'gettransferemasked', 'assertequals', 'transfere', 'assert']","['new', 'true', 'false', 'false', 'false', 'false', 'false', 'false', 'false', 'try', 'catch', 'public', 'void']",13,0,0,0,0,0,0,1,0,0,0,0,0,0,0,0,0,0,0,0,0,0,0,0,0,0,0,0,0,0,0,1,0,0,0,1,0,0,0,0,0,0,0,0,0,0,0,0,1,1,0,0,1,0,7,0,0,1,0,0,0,1,0,0,0,15,8,8,0.0,17,6,1,0,0,0,0,0,3,3,0
13436,tootallnate-java-websocket,org.java_websocket.framing.textframetest.testextends,0,"['text', 'equals', 'extends', 'dataframe', 'test', 'frame', 'textframe', 'extend', 'assertequals', 'testextends', 'must', 'assert', 'data']","['new', 'true', 'instanceof', 'public', 'void']",5,0,0,0,0,0,0,0,0,0,0,0,0,0,0,0,0,0,0,0,0,0,0,0,0,1,0,0,0,0,0,1,0,0,0,1,0,0,0,0,0,0,0,0,0,0,0,0,0,1,0,0,1,0,0,0,0,0,0,0,0,1,0,0,0,4,1,4,0.043,8,6,1,0,0,0,0,0,3,3,0
13437,tootallnate-java-websocket,org.java_websocket.framing.textframetest.testisvalid,0,"['text', 'fail', 'exception', 'invalid', 'is', 'thrown', 'test', 'valid', 'frame', 'textframe', 'testisvalid', 'invaliddataexception', 'data', 'isvalid']","['new', 'try', 'catch', 'public', 'void']",5,0,0,0,0,0,0,1,0,0,0,0,0,0,0,0,0,0,0,0,0,0,0,0,0,0,0,0,0,0,0,1,0,0,0,1,0,0,0,0,0,0,0,0,0,0,0,0,1,1,0,0,0,0,0,0,0,0,0,0,0,0,0,0,0,8,1,1,0.007,10,6,0,0,0,0,0,0,3,3,0
13438,tootallnate-java-websocket,org.java_websocket.protocols.protocoltest.testconstructor,0,"['fail', 'testconstructor', 'exception', 'constructor', 'test', 'illegal', 'argument', 'expected', 'protocol', 'illegalargumentexception']","['new', 'try', 'new', 'null', 'catch', 'public', 'void', 'throws']",8,0,0,0,0,0,0,1,0,0,0,0,0,0,0,0,0,0,0,0,0,0,0,0,0,0,0,0,0,0,0,2,0,0,0,1,0,0,0,0,0,0,0,0,0,0,1,0,1,1,0,0,0,1,0,0,0,0,0,0,0,0,0,0,0,9,1,3,0.001,7,2,0,0,0,0,0,0,2,2,0
13439,tootallnate-java-websocket,org.java_websocket.protocols.protocoltest.testacceptprovidedprotocol,0,"['chat', 'asdchattest', 'exception', 'provided', 'test', 'accept', 'asserttrue', 'testacceptprovidedprotocol', 'true', 'assert', 'protocol', 'acceptprovidedprotocol']","['new', 'new', 'public', 'void', 'throws']",5,0,0,0,0,0,0,0,0,0,0,0,0,0,0,0,0,0,0,0,0,0,0,0,0,0,0,0,0,0,0,2,0,0,0,1,0,0,0,0,0,0,0,0,0,0,1,0,0,1,0,0,0,0,0,0,0,1,0,0,0,1,0,0,0,15,11,16,0.001,18,2,0,0,0,0,0,0,2,2,0
13440,tootallnate-java-websocket,org.java_websocket.protocols.protocoltest.testgetprovidedprotocol,0,"['get', 'exception', 'equals', 'provided', 'test', 'getprovidedprotocol', 'assertequals', 'assert', 'protocol', 'testgetprovidedprotocol']","['new', 'new', 'public', 'void', 'throws']",5,0,0,0,0,0,0,0,0,0,0,0,0,0,0,0,0,0,0,0,0,0,0,0,0,0,0,0,0,0,0,2,0,0,0,1,0,0,0,0,0,0,0,0,0,0,1,0,0,1,0,0,0,0,0,0,0,1,0,0,0,1,0,0,0,6,2,4,0.0,6,2,0,0,0,0,0,0,2,2,0
13441,tootallnate-java-websocket,org.java_websocket.protocols.protocoltest.testcopyinstance,0,"['iprotocol', 'exception', 'equals', 'instance', 'copyinstance', 'testcopyinstance', 'copy', 'test', 'protoocl', 'assertequals', 'assert', 'protocol']","['new', 'new', 'public', 'void', 'throws']",5,0,0,0,0,0,0,0,0,0,0,0,0,0,0,0,0,0,0,0,0,0,0,0,0,0,0,0,0,0,0,2,0,0,0,1,0,0,0,0,0,0,0,0,0,0,1,0,0,1,0,0,0,0,0,0,0,1,0,0,0,1,0,0,0,8,2,6,0.0,9,2,0,0,0,0,0,0,2,2,0
13442,tootallnate-java-websocket,org.java_websocket.protocols.protocoltest.testtostring,0,"['get', 'to', 'exception', 'equals', 'provided', 'test', 'getprovidedprotocol', 'testtostring', 'assertequals', 'assert', 'protocol', 'string']","['new', 'new', 'public', 'void', 'throws']",5,0,0,0,0,0,0,0,0,0,0,0,0,0,0,0,0,0,0,0,0,0,0,0,0,0,0,0,0,0,0,2,0,0,0,1,0,0,0,0,0,0,0,0,0,0,1,0,0,1,0,0,0,0,0,0,0,1,0,0,0,1,0,0,0,6,2,4,0.017,7,2,2,0,0,0,0,0,2,2,0
13443,tootallnate-java-websocket,org.java_websocket.protocols.protocoltest.testequals,0,"['exception', 'equals', 'testequals', 'test', 'asserttrue', 'true', 'assert', 'protocol']","['new', 'new', 'new', 'public', 'void', 'throws']",6,0,0,0,0,0,0,0,0,0,0,0,0,0,0,0,0,0,0,0,0,0,0,0,0,0,0,0,0,0,0,3,0,0,0,1,0,0,0,0,0,0,0,0,0,0,1,0,0,1,0,0,0,0,0,0,0,1,0,0,0,1,0,0,0,8,3,6,0.001,9,2,0,0,0,0,0,0,2,2,0
13444,tootallnate-java-websocket,org.java_websocket.protocols.protocoltest.testhashcode,0,"['exception', 'equals', 'assertnotequals', 'test', 'code', 'testhashcode', 'assertequals', 'not', 'hash', 'assert', 'protocol']","['new', 'new', 'new', 'public', 'void', 'throws']",6,0,0,0,0,0,0,0,0,0,0,0,0,0,0,0,0,0,0,0,0,0,0,0,0,0,0,0,0,0,0,3,0,0,0,1,0,0,0,0,0,0,0,0,0,0,1,0,0,1,0,0,0,0,0,0,0,0,0,0,0,1,0,0,0,8,1,6,0.0,9,2,0,0,0,0,0,0,2,2,0
13457,tootallnate-java-websocket,org.java_websocket.issues.issue256test.runreconnectblockingscenario0,1,"['runtestscenarioreconnect', 'exception', 'blocking', 'reconnect', 'test', 'run', 'scenario', 'runreconnectblockingscenario', 'timeout']","['true', 'public', 'void', 'throws']",4,0,0,0,0,0,0,0,0,0,0,0,0,0,0,0,0,0,0,0,0,0,0,0,0,0,0,0,0,0,0,0,0,0,0,1,0,0,0,0,0,0,0,0,0,0,1,0,0,1,0,0,1,0,0,0,0,0,0,0,1,0,0,0,0,3,0,5,0.062,68,27,1,3,3,3,3,3,4,4,0
13458,tootallnate-java-websocket,org.java_websocket.issues.issue256test.runreconnectblockingscenario1,1,"['runtestscenarioreconnect', 'exception', 'blocking', 'reconnect', 'test', 'run', 'scenario', 'runreconnectblockingscenario', 'timeout']","['true', 'public', 'void', 'throws']",4,0,0,0,0,0,0,0,0,0,0,0,0,0,0,0,0,0,0,0,0,0,0,0,0,0,0,0,0,0,0,0,0,0,0,1,0,0,0,0,0,0,0,0,0,0,1,0,0,1,0,0,1,0,0,0,0,0,0,0,1,0,0,0,0,3,0,5,0.069,68,27,1,3,3,3,3,3,4,4,0
13459,tootallnate-java-websocket,org.java_websocket.issues.issue256test.runreconnectblockingscenario2,1,"['runtestscenarioreconnect', 'exception', 'blocking', 'reconnect', 'test', 'run', 'scenario', 'runreconnectblockingscenario', 'timeout']","['true', 'public', 'void', 'throws']",4,0,0,0,0,0,0,0,0,0,0,0,0,0,0,0,0,0,0,0,0,0,0,0,0,0,0,0,0,0,0,0,0,0,0,1,0,0,0,0,0,0,0,0,0,0,1,0,0,1,0,0,1,0,0,0,0,0,0,0,1,0,0,0,0,3,0,5,0.059,68,27,1,3,3,3,3,3,4,4,0
13460,tootallnate-java-websocket,org.java_websocket.issues.issue256test.runreconnectblockingscenario3,1,"['runtestscenarioreconnect', 'exception', 'blocking', 'reconnect', 'test', 'run', 'scenario', 'runreconnectblockingscenario', 'timeout']","['true', 'public', 'void', 'throws']",4,0,0,0,0,0,0,0,0,0,0,0,0,0,0,0,0,0,0,0,0,0,0,0,0,0,0,0,0,0,0,0,0,0,0,1,0,0,0,0,0,0,0,0,0,0,1,0,0,1,0,0,1,0,0,0,0,0,0,0,1,0,0,0,0,3,0,5,0.061,67,27,1,3,3,3,3,3,4,4,0
13461,tootallnate-java-websocket,org.java_websocket.issues.issue256test.runreconnectblockingscenario4,1,"['runtestscenarioreconnect', 'exception', 'blocking', 'reconnect', 'test', 'run', 'scenario', 'runreconnectblockingscenario', 'timeout']","['true', 'public', 'void', 'throws']",4,0,0,0,0,0,0,0,0,0,0,0,0,0,0,0,0,0,0,0,0,0,0,0,0,0,0,0,0,0,0,0,0,0,0,1,0,0,0,0,0,0,0,0,0,0,1,0,0,1,0,0,1,0,0,0,0,0,0,0,1,0,0,0,0,3,0,5,0.048,68,27,1,3,3,3,3,3,4,4,0
13462,tootallnate-java-websocket,org.java_websocket.issues.issue256test.runreconnectblockingscenario5,1,"['runtestscenarioreconnect', 'exception', 'blocking', 'reconnect', 'test', 'run', 'scenario', 'runreconnectblockingscenario', 'timeout']","['true', 'public', 'void', 'throws']",4,0,0,0,0,0,0,0,0,0,0,0,0,0,0,0,0,0,0,0,0,0,0,0,0,0,0,0,0,0,0,0,0,0,0,1,0,0,0,0,0,0,0,0,0,0,1,0,0,1,0,0,1,0,0,0,0,0,0,0,1,0,0,0,0,3,0,5,0.031,67,27,1,3,3,3,3,3,4,4,0
13463,tootallnate-java-websocket,org.java_websocket.issues.issue256test.runreconnectblockingscenario6,1,"['runtestscenarioreconnect', 'exception', 'blocking', 'reconnect', 'test', 'run', 'scenario', 'runreconnectblockingscenario', 'timeout']","['true', 'public', 'void', 'throws']",4,0,0,0,0,0,0,0,0,0,0,0,0,0,0,0,0,0,0,0,0,0,0,0,0,0,0,0,0,0,0,0,0,0,0,1,0,0,0,0,0,0,0,0,0,0,1,0,0,1,0,0,1,0,0,0,0,0,0,0,1,0,0,0,0,3,0,5,0.034,68,27,1,3,3,3,3,3,4,4,0
13464,tootallnate-java-websocket,org.java_websocket.issues.issue256test.runreconnectblockingscenario7,1,"['runtestscenarioreconnect', 'exception', 'blocking', 'reconnect', 'test', 'run', 'scenario', 'runreconnectblockingscenario', 'timeout']","['true', 'public', 'void', 'throws']",4,0,0,0,0,0,0,0,0,0,0,0,0,0,0,0,0,0,0,0,0,0,0,0,0,0,0,0,0,0,0,0,0,0,0,1,0,0,0,0,0,0,0,0,0,0,1,0,0,1,0,0,1,0,0,0,0,0,0,0,1,0,0,0,0,3,0,5,0.059,67,27,1,3,3,3,3,3,4,4,0
13465,tootallnate-java-websocket,org.java_websocket.issues.issue256test.runreconnectblockingscenario8,1,"['runtestscenarioreconnect', 'exception', 'blocking', 'reconnect', 'test', 'run', 'scenario', 'runreconnectblockingscenario', 'timeout']","['true', 'public', 'void', 'throws']",4,0,0,0,0,0,0,0,0,0,0,0,0,0,0,0,0,0,0,0,0,0,0,0,0,0,0,0,0,0,0,0,0,0,0,1,0,0,0,0,0,0,0,0,0,0,1,0,0,1,0,0,1,0,0,0,0,0,0,0,1,0,0,0,0,3,0,6,0.034,68,27,1,3,3,3,3,3,4,4,0
13466,tootallnate-java-websocket,org.java_websocket.issues.issue256test.runreconnectblockingscenario9,1,"['runtestscenarioreconnect', 'exception', 'blocking', 'reconnect', 'test', 'run', 'scenario', 'runreconnectblockingscenario', 'timeout']","['true', 'public', 'void', 'throws']",4,0,0,0,0,0,0,0,0,0,0,0,0,0,0,0,0,0,0,0,0,0,0,0,0,0,0,0,0,0,0,0,0,0,0,1,0,0,0,0,0,0,0,0,0,0,1,0,0,1,0,0,1,0,0,0,0,0,0,0,1,0,0,0,0,3,0,5,0.032,70,27,1,3,3,3,3,3,4,4,0
13467,tootallnate-java-websocket,org.java_websocket.issues.issue256test.runreconnectscenario0,1,"['runtestscenarioreconnect', 'exception', 'runreconnectscenario', 'reconnect', 'test', 'run', 'scenario', 'timeout']","['false', 'public', 'void', 'throws']",4,0,0,0,0,0,0,0,0,0,0,0,0,0,0,0,0,0,0,0,0,0,0,0,0,0,0,0,0,0,0,0,0,0,0,1,0,0,0,0,0,0,0,0,0,0,1,0,0,1,0,0,0,0,1,0,0,0,0,0,1,0,0,0,0,3,0,3,0.375,86,34,2,3,3,3,3,4,4,4,0
13468,tootallnate-java-websocket,org.java_websocket.issues.issue256test.runreconnectscenario1,1,"['runtestscenarioreconnect', 'exception', 'runreconnectscenario', 'reconnect', 'test', 'run', 'scenario', 'timeout']","['false', 'public', 'void', 'throws']",4,0,0,0,0,0,0,0,0,0,0,0,0,0,0,0,0,0,0,0,0,0,0,0,0,0,0,0,0,0,0,0,0,0,0,1,0,0,0,0,0,0,0,0,0,0,1,0,0,1,0,0,0,0,1,0,0,0,0,0,1,0,0,0,0,3,0,6,0.046,66,27,1,3,3,3,3,3,4,4,0
13469,tootallnate-java-websocket,org.java_websocket.issues.issue256test.runreconnectscenario2,1,"['runtestscenarioreconnect', 'exception', 'runreconnectscenario', 'reconnect', 'test', 'run', 'scenario', 'timeout']","['false', 'public', 'void', 'throws']",4,0,0,0,0,0,0,0,0,0,0,0,0,0,0,0,0,0,0,0,0,0,0,0,0,0,0,0,0,0,0,0,0,0,0,1,0,0,0,0,0,0,0,0,0,0,1,0,0,1,0,0,0,0,1,0,0,0,0,0,1,0,0,0,0,3,0,5,0.087,67,27,1,3,3,3,3,3,4,4,0
13470,tootallnate-java-websocket,org.java_websocket.issues.issue256test.runreconnectscenario3,1,"['runtestscenarioreconnect', 'exception', 'runreconnectscenario', 'reconnect', 'test', 'run', 'scenario', 'timeout']","['false', 'public', 'void', 'throws']",4,0,0,0,0,0,0,0,0,0,0,0,0,0,0,0,0,0,0,0,0,0,0,0,0,0,0,0,0,0,0,0,0,0,0,1,0,0,0,0,0,0,0,0,0,0,1,0,0,1,0,0,0,0,1,0,0,0,0,0,1,0,0,0,0,3,0,6,0.032,68,27,1,3,3,3,3,3,4,4,0
13471,tootallnate-java-websocket,org.java_websocket.issues.issue256test.runreconnectscenario4,1,"['runtestscenarioreconnect', 'exception', 'runreconnectscenario', 'reconnect', 'test', 'run', 'scenario', 'timeout']","['false', 'public', 'void', 'throws']",4,0,0,0,0,0,0,0,0,0,0,0,0,0,0,0,0,0,0,0,0,0,0,0,0,0,0,0,0,0,0,0,0,0,0,1,0,0,0,0,0,0,0,0,0,0,1,0,0,1,0,0,0,0,1,0,0,0,0,0,1,0,0,0,0,3,0,5,0.086,68,27,1,3,3,3,3,3,4,4,0
13472,tootallnate-java-websocket,org.java_websocket.issues.issue256test.runreconnectscenario5,1,"['runtestscenarioreconnect', 'exception', 'runreconnectscenario', 'reconnect', 'test', 'run', 'scenario', 'timeout']","['false', 'public', 'void', 'throws']",4,0,0,0,0,0,0,0,0,0,0,0,0,0,0,0,0,0,0,0,0,0,0,0,0,0,0,0,0,0,0,0,0,0,0,1,0,0,0,0,0,0,0,0,0,0,1,0,0,1,0,0,0,0,1,0,0,0,0,0,1,0,0,0,0,3,0,5,0.066,67,27,1,3,3,3,3,3,4,4,0
13473,tootallnate-java-websocket,org.java_websocket.issues.issue256test.runreconnectscenario6,1,"['runtestscenarioreconnect', 'exception', 'runreconnectscenario', 'reconnect', 'test', 'run', 'scenario', 'timeout']","['false', 'public', 'void', 'throws']",4,0,0,0,0,0,0,0,0,0,0,0,0,0,0,0,0,0,0,0,0,0,0,0,0,0,0,0,0,0,0,0,0,0,0,1,0,0,0,0,0,0,0,0,0,0,1,0,0,1,0,0,0,0,1,0,0,0,0,0,1,0,0,0,0,3,0,5,0.06,67,27,1,3,3,3,3,3,4,4,0
13474,tootallnate-java-websocket,org.java_websocket.issues.issue256test.runreconnectscenario7,1,"['runtestscenarioreconnect', 'exception', 'runreconnectscenario', 'reconnect', 'test', 'run', 'scenario', 'timeout']","['false', 'public', 'void', 'throws']",4,0,0,0,0,0,0,0,0,0,0,0,0,0,0,0,0,0,0,0,0,0,0,0,0,0,0,0,0,0,0,0,0,0,0,1,0,0,0,0,0,0,0,0,0,0,1,0,0,1,0,0,0,0,1,0,0,0,0,0,1,0,0,0,0,3,0,5,0.049,69,27,1,3,3,3,3,3,4,4,0
13475,tootallnate-java-websocket,org.java_websocket.issues.issue256test.runreconnectscenario8,1,"['runtestscenarioreconnect', 'exception', 'runreconnectscenario', 'reconnect', 'test', 'run', 'scenario', 'timeout']","['false', 'public', 'void', 'throws']",4,0,0,0,0,0,0,0,0,0,0,0,0,0,0,0,0,0,0,0,0,0,0,0,0,0,0,0,0,0,0,0,0,0,0,1,0,0,0,0,0,0,0,0,0,0,1,0,0,1,0,0,0,0,1,0,0,0,0,0,1,0,0,0,0,3,0,5,0.056,68,27,1,3,3,3,3,3,4,4,0
13476,tootallnate-java-websocket,org.java_websocket.issues.issue256test.runreconnectscenario9,1,"['runtestscenarioreconnect', 'exception', 'runreconnectscenario', 'reconnect', 'test', 'run', 'scenario', 'timeout']","['false', 'public', 'void', 'throws']",4,0,0,0,0,0,0,0,0,0,0,0,0,0,0,0,0,0,0,0,0,0,0,0,0,0,0,0,0,0,0,0,0,0,0,1,0,0,0,0,0,0,0,0,0,0,1,0,0,1,0,0,0,0,1,0,0,0,0,0,1,0,0,0,0,3,0,5,0.067,68,27,1,3,3,3,3,3,4,4,0
13487,tootallnate-java-websocket,org.java_websocket.issues.issue580test.runnocloseblockingtestscenario0,0,"['runtestscenario', 'runnocloseblockingtestscenario', 'exception', 'blocking', 'test', 'run', 'scenario', 'close']","['false', 'public', 'void', 'throws']",4,0,0,0,0,0,0,0,0,0,0,0,0,0,0,0,0,0,0,0,0,0,0,0,0,0,0,0,0,0,0,0,0,0,0,1,0,0,0,0,0,0,0,0,0,0,1,0,0,1,0,0,0,0,1,0,0,0,0,0,1,0,0,0,0,3,0,3,0.146,72,31,1,3,3,3,3,3,4,4,0
13488,tootallnate-java-websocket,org.java_websocket.issues.issue580test.runnocloseblockingtestscenario1,0,"['runtestscenario', 'runnocloseblockingtestscenario', 'exception', 'blocking', 'test', 'run', 'scenario', 'close']","['false', 'public', 'void', 'throws']",4,0,0,0,0,0,0,0,0,0,0,0,0,0,0,0,0,0,0,0,0,0,0,0,0,0,0,0,0,0,0,0,0,0,0,1,0,0,0,0,0,0,0,0,0,0,1,0,0,1,0,0,0,0,1,0,0,0,0,0,1,0,0,0,0,3,0,3,0.118,72,31,1,3,3,3,3,3,4,4,0
13489,tootallnate-java-websocket,org.java_websocket.issues.issue580test.runnocloseblockingtestscenario2,0,"['runtestscenario', 'runnocloseblockingtestscenario', 'exception', 'blocking', 'test', 'run', 'scenario', 'close']","['false', 'public', 'void', 'throws']",4,0,0,0,0,0,0,0,0,0,0,0,0,0,0,0,0,0,0,0,0,0,0,0,0,0,0,0,0,0,0,0,0,0,0,1,0,0,0,0,0,0,0,0,0,0,1,0,0,1,0,0,0,0,1,0,0,0,0,0,1,0,0,0,0,3,0,3,0.121,72,31,1,3,3,3,3,3,4,4,0
13490,tootallnate-java-websocket,org.java_websocket.issues.issue580test.runnocloseblockingtestscenario3,0,"['runtestscenario', 'runnocloseblockingtestscenario', 'exception', 'blocking', 'test', 'run', 'scenario', 'close']","['false', 'public', 'void', 'throws']",4,0,0,0,0,0,0,0,0,0,0,0,0,0,0,0,0,0,0,0,0,0,0,0,0,0,0,0,0,0,0,0,0,0,0,1,0,0,0,0,0,0,0,0,0,0,1,0,0,1,0,0,0,0,1,0,0,0,0,0,1,0,0,0,0,3,0,3,0.112,76,31,1,3,3,3,3,3,4,4,0
13491,tootallnate-java-websocket,org.java_websocket.issues.issue580test.runnocloseblockingtestscenario4,0,"['runtestscenario', 'runnocloseblockingtestscenario', 'exception', 'blocking', 'test', 'run', 'scenario', 'close']","['false', 'public', 'void', 'throws']",4,0,0,0,0,0,0,0,0,0,0,0,0,0,0,0,0,0,0,0,0,0,0,0,0,0,0,0,0,0,0,0,0,0,0,1,0,0,0,0,0,0,0,0,0,0,1,0,0,1,0,0,0,0,1,0,0,0,0,0,1,0,0,0,0,3,0,3,0.122,75,31,1,3,3,3,3,3,4,4,0
13492,tootallnate-java-websocket,org.java_websocket.issues.issue580test.runnocloseblockingtestscenario5,0,"['runtestscenario', 'runnocloseblockingtestscenario', 'exception', 'blocking', 'test', 'run', 'scenario', 'close']","['false', 'public', 'void', 'throws']",4,0,0,0,0,0,0,0,0,0,0,0,0,0,0,0,0,0,0,0,0,0,0,0,0,0,0,0,0,0,0,0,0,0,0,1,0,0,0,0,0,0,0,0,0,0,1,0,0,1,0,0,0,0,1,0,0,0,0,0,1,0,0,0,0,3,0,3,0.132,72,31,1,3,3,3,3,3,4,4,0
13493,tootallnate-java-websocket,org.java_websocket.issues.issue580test.runnocloseblockingtestscenario6,0,"['runtestscenario', 'runnocloseblockingtestscenario', 'exception', 'blocking', 'test', 'run', 'scenario', 'close']","['false', 'public', 'void', 'throws']",4,0,0,0,0,0,0,0,0,0,0,0,0,0,0,0,0,0,0,0,0,0,0,0,0,0,0,0,0,0,0,0,0,0,0,1,0,0,0,0,0,0,0,0,0,0,1,0,0,1,0,0,0,0,1,0,0,0,0,0,1,0,0,0,0,3,0,3,0.124,73,31,1,3,3,3,3,3,4,4,0
13494,tootallnate-java-websocket,org.java_websocket.issues.issue580test.runnocloseblockingtestscenario7,1,"['runtestscenario', 'runnocloseblockingtestscenario', 'exception', 'blocking', 'test', 'run', 'scenario', 'close']","['false', 'public', 'void', 'throws']",4,0,0,0,0,0,0,0,0,0,0,0,0,0,0,0,0,0,0,0,0,0,0,0,0,0,0,0,0,0,0,0,0,0,0,1,0,0,0,0,0,0,0,0,0,0,1,0,0,1,0,0,0,0,1,0,0,0,0,0,1,0,0,0,0,3,0,3,0.145,73,31,1,3,3,3,3,3,4,4,0
13495,tootallnate-java-websocket,org.java_websocket.issues.issue580test.runnocloseblockingtestscenario8,0,"['runtestscenario', 'runnocloseblockingtestscenario', 'exception', 'blocking', 'test', 'run', 'scenario', 'close']","['false', 'public', 'void', 'throws']",4,0,0,0,0,0,0,0,0,0,0,0,0,0,0,0,0,0,0,0,0,0,0,0,0,0,0,0,0,0,0,0,0,0,0,1,0,0,0,0,0,0,0,0,0,0,1,0,0,1,0,0,0,0,1,0,0,0,0,0,1,0,0,0,0,3,0,3,0.13,72,31,1,3,3,3,3,3,4,4,0
13496,tootallnate-java-websocket,org.java_websocket.issues.issue580test.runnocloseblockingtestscenario9,0,"['runtestscenario', 'runnocloseblockingtestscenario', 'exception', 'blocking', 'test', 'run', 'scenario', 'close']","['false', 'public', 'void', 'throws']",4,0,0,0,0,0,0,0,0,0,0,0,0,0,0,0,0,0,0,0,0,0,0,0,0,0,0,0,0,0,0,0,0,0,0,1,0,0,0,0,0,0,0,0,0,0,1,0,0,1,0,0,0,0,1,0,0,0,0,0,1,0,0,0,0,3,0,3,0.138,72,31,1,3,3,3,3,3,4,4,0
13497,tootallnate-java-websocket,org.java_websocket.issues.issue580test.runcloseblockingtestscenario0,0,"['runtestscenario', 'exception', 'blocking', 'test', 'run', 'scenario', 'runcloseblockingtestscenario', 'close']","['true', 'public', 'void', 'throws']",4,0,0,0,0,0,0,0,0,0,0,0,0,0,0,0,0,0,0,0,0,0,0,0,0,0,0,0,0,0,0,0,0,0,0,1,0,0,0,0,0,0,0,0,0,0,1,0,0,1,0,0,1,0,0,0,0,0,0,0,1,0,0,0,0,3,0,3,0.6,70,36,2,3,3,3,3,3,5,5,0
13498,tootallnate-java-websocket,org.java_websocket.issues.issue580test.runcloseblockingtestscenario1,0,"['runtestscenario', 'exception', 'blocking', 'test', 'run', 'scenario', 'runcloseblockingtestscenario', 'close']","['true', 'public', 'void', 'throws']",4,0,0,0,0,0,0,0,0,0,0,0,0,0,0,0,0,0,0,0,0,0,0,0,0,0,0,0,0,0,0,0,0,0,0,1,0,0,0,0,0,0,0,0,0,0,1,0,0,1,0,0,1,0,0,0,0,0,0,0,1,0,0,0,0,3,0,3,0.184,76,31,1,3,3,3,3,3,4,4,0
13499,tootallnate-java-websocket,org.java_websocket.issues.issue580test.runcloseblockingtestscenario2,0,"['runtestscenario', 'exception', 'blocking', 'test', 'run', 'scenario', 'runcloseblockingtestscenario', 'close']","['true', 'public', 'void', 'throws']",4,0,0,0,0,0,0,0,0,0,0,0,0,0,0,0,0,0,0,0,0,0,0,0,0,0,0,0,0,0,0,0,0,0,0,1,0,0,0,0,0,0,0,0,0,0,1,0,0,1,0,0,1,0,0,0,0,0,0,0,1,0,0,0,0,3,0,4,0.191,76,31,1,3,3,3,3,3,4,4,0
13500,tootallnate-java-websocket,org.java_websocket.issues.issue580test.runcloseblockingtestscenario3,0,"['runtestscenario', 'exception', 'blocking', 'test', 'run', 'scenario', 'runcloseblockingtestscenario', 'close']","['true', 'public', 'void', 'throws']",4,0,0,0,0,0,0,0,0,0,0,0,0,0,0,0,0,0,0,0,0,0,0,0,0,0,0,0,0,0,0,0,0,0,0,1,0,0,0,0,0,0,0,0,0,0,1,0,0,1,0,0,1,0,0,0,0,0,0,0,1,0,0,0,0,3,0,3,0.189,75,31,1,3,3,3,3,3,4,4,0
13501,tootallnate-java-websocket,org.java_websocket.issues.issue580test.runcloseblockingtestscenario4,0,"['runtestscenario', 'exception', 'blocking', 'test', 'run', 'scenario', 'runcloseblockingtestscenario', 'close']","['true', 'public', 'void', 'throws']",4,0,0,0,0,0,0,0,0,0,0,0,0,0,0,0,0,0,0,0,0,0,0,0,0,0,0,0,0,0,0,0,0,0,0,1,0,0,0,0,0,0,0,0,0,0,1,0,0,1,0,0,1,0,0,0,0,0,0,0,1,0,0,0,0,3,0,3,0.203,75,31,1,3,3,3,3,3,4,4,0
13502,tootallnate-java-websocket,org.java_websocket.issues.issue580test.runcloseblockingtestscenario5,0,"['runtestscenario', 'exception', 'blocking', 'test', 'run', 'scenario', 'runcloseblockingtestscenario', 'close']","['true', 'public', 'void', 'throws']",4,0,0,0,0,0,0,0,0,0,0,0,0,0,0,0,0,0,0,0,0,0,0,0,0,0,0,0,0,0,0,0,0,0,0,1,0,0,0,0,0,0,0,0,0,0,1,0,0,1,0,0,1,0,0,0,0,0,0,0,1,0,0,0,0,3,0,3,0.185,75,31,1,3,3,3,3,3,4,4,0
13503,tootallnate-java-websocket,org.java_websocket.issues.issue580test.runcloseblockingtestscenario6,0,"['runtestscenario', 'exception', 'blocking', 'test', 'run', 'scenario', 'runcloseblockingtestscenario', 'close']","['true', 'public', 'void', 'throws']",4,0,0,0,0,0,0,0,0,0,0,0,0,0,0,0,0,0,0,0,0,0,0,0,0,0,0,0,0,0,0,0,0,0,0,1,0,0,0,0,0,0,0,0,0,0,1,0,0,1,0,0,1,0,0,0,0,0,0,0,1,0,0,0,0,3,0,3,0.195,75,31,1,3,3,3,3,3,4,4,0
13504,tootallnate-java-websocket,org.java_websocket.issues.issue580test.runcloseblockingtestscenario7,0,"['runtestscenario', 'exception', 'blocking', 'test', 'run', 'scenario', 'runcloseblockingtestscenario', 'close']","['true', 'public', 'void', 'throws']",4,0,0,0,0,0,0,0,0,0,0,0,0,0,0,0,0,0,0,0,0,0,0,0,0,0,0,0,0,0,0,0,0,0,0,1,0,0,0,0,0,0,0,0,0,0,1,0,0,1,0,0,1,0,0,0,0,0,0,0,1,0,0,0,0,3,0,3,0.202,75,31,1,3,3,3,3,3,4,4,0
13505,tootallnate-java-websocket,org.java_websocket.issues.issue580test.runcloseblockingtestscenario8,0,"['runtestscenario', 'exception', 'blocking', 'test', 'run', 'scenario', 'runcloseblockingtestscenario', 'close']","['true', 'public', 'void', 'throws']",4,0,0,0,0,0,0,0,0,0,0,0,0,0,0,0,0,0,0,0,0,0,0,0,0,0,0,0,0,0,0,0,0,0,0,1,0,0,0,0,0,0,0,0,0,0,1,0,0,1,0,0,1,0,0,0,0,0,0,0,1,0,0,0,0,3,0,3,0.179,75,31,1,3,3,3,3,3,4,4,0
13506,tootallnate-java-websocket,org.java_websocket.issues.issue580test.runcloseblockingtestscenario9,0,"['runtestscenario', 'exception', 'blocking', 'test', 'run', 'scenario', 'runcloseblockingtestscenario', 'close']","['true', 'public', 'void', 'throws']",4,0,0,0,0,0,0,0,0,0,0,0,0,0,0,0,0,0,0,0,0,0,0,0,0,0,0,0,0,0,0,0,0,0,0,1,0,0,0,0,0,0,0,0,0,0,1,0,0,1,0,0,1,0,0,0,0,0,0,0,1,0,0,0,0,3,0,3,0.198,75,31,1,3,3,3,3,3,4,4,0
13507,tootallnate-java-websocket,org.java_websocket.issues.issue713test.testissue,0,"['hello', 'address', 'wrap', 'onclose', 'inetsocketaddress', 'conn', 'arraylist', 'getconnections', 'onstart', 'countdownlatchstring', 'websocket', 'latch', 'socket', 'clienthandshake', 'onopen', 'inet', 'connect', 'getbytes', 'bytebuffer', 'countdownlatch', 'buffer', 'connections', 'get', 'fail', 'bytes', 'countdownlatchbytebuffer', 'array', 'error', 'web', 'message', 'list', 'websocketserver', 'getavailableport', 'string', 'speciallist', 'reason', 'count', 'exception', 'override', 'handshake', 'byte', 'issue', 'remote', 'world', 'special', 'remove', 'start', 'testwebsocket', 'ex', 'testissue', 'countdownlatchconnect', 'open', 'tw', 'timeout', 'available', 'server', 'client', 'broadcast', 'test', 'code', 'on', 'socketutil', 'await', 'util', 'onmessage', 'close', 'assert', 'port', 'down', 'onerror']","['final', 'int', 'new', 'new', 'public', 'void', 'public', 'void', 'int', 'boolean', 'public', 'void', 'public', 'void', 'public', 'void', 'try', 'for', 'int', 'new', 'catch', 'new', 'new', 'new', 'new', 'public', 'void', 'throws']",28,0,0,1,0,0,0,1,0,0,0,0,0,0,0,0,0,0,1,0,0,1,0,0,0,0,3,0,0,0,0,7,0,0,0,6,0,0,0,0,0,0,0,0,0,0,1,0,1,6,0,0,0,0,0,0,0,0,0,0,1,1,0,0,0,59,1,26,0.611,84,33,2,3,3,3,3,3,5,5,0
